url,label,source,collected_at,final_url,status_code,fetch_error,fetch_method,graph_nodes,graph_edges,url_len,host_len,path_len,dot_count,hyphen_count,digit_ratio,entropy,is_https,path_depth,token_count,phish_word_ratio,brand_word_ratio,html_fetched,fetch_failed,status_bad,final_domain_changed,redirect_count,graph_node_count,graph_edge_count,internal_link_ratio,external_link_ratio,external_resource_ratio,form_count,external_form_ratio,password_input_ratio,suspicious_input_ratio,credential_surface,brand_capture_mismatch,external_submission_risk,iframe_ratio,script_ratio,image_ratio,brand_domain_mismatch,empty_navigation_ratio,page_risk_after_mp,relation_weighted_risk,form_neighbor_risk,input_neighbor_risk,resource_neighbor_risk,max_neighbor_risk,mean_neighbor_risk,risk_spread,risky_edge_ratio,domain_diversity
http://pacificar-ec.webcindario.com/,1,OpenPhish,2026-04-26T09:17:33+00:00,http://pacificar-ec.webcindario.com/,200,,urlopen,10,10,0.1636363636,0.35,0.00625,0.2,0.08333333333,0,0.7323125483,0,0,0.1666666667,0,0,1,0,0,0,0,0.05555555556,0.03846153846,0,0,0.6,0,0,0,0,0,0,0,0.2,0.6,0.2,0,0,0.1896075,0.2872704167,0,0,0.239295,0.45551,0.239295,0.39075,0.2,0.1333333333
https://amzn.openinapp.link/xhzx1,1,OpenPhish,2026-04-26T09:17:35+00:00,https://amzn.openinapp.link/xhzx1,200,,urlopen,10,13,0.15,0.2375,0.0375,0.2,0,0.0303030303,0.7256755837,1,0.1,0.1666666667,0,0,1,0,0,0,0,0.05555555556,0.05,0,0,0.5,0,0,0,0,0,0,0,0.1666666667,0.3333333333,0.5,1,0,0.1927285714,0.3058479263,0,0,0.2125779762,0.4578821429,0.224497449,0.39075,0.2307692308,0.1333333333
https://amzn.openinapp.link/6cg4d,1,OpenPhish,2026-04-26T09:17:35+00:00,https://amzn.openinapp.link/6cg4d,200,,urlopen,10,13,0.15,0.2375,0.0375,0.2,0,0.06060606061,0.7587334349,1,0.1,0.1666666667,0,0,1,0,0,0,0,0.05555555556,0.05,0,0,0.5,0,0,0,0,0,0,0,0.1666666667,0.3333333333,0.5,1,0,0.1927285714,0.3058479263,0,0,0.2125779762,0.4578821429,0.224497449,0.39075,0.2307692308,0.1333333333
https://amzn.openinapp.link/fkmbs,1,OpenPhish,2026-04-26T09:17:35+00:00,https://amzn.openinapp.link/fkmbs,200,,urlopen,10,13,0.15,0.2375,0.0375,0.2,0,0,0.7256755837,1,0.1,0.1666666667,0,0,1,0,0,0,0,0.05555555556,0.05,0,0,0.5,0,0,0,0,0,0,0,0.1666666667,0.3333333333,0.5,1,0,0.1927285714,0.3058479263,0,0,0.2125779762,0.4578821429,0.224497449,0.39075,0.2307692308,0.1333333333
https://truea1u83ust5rsjdhbckjsxjd-cwdtaretbsc3gbb7.z03.azurefd.net/,1,OpenPhish,2026-04-26T09:17:34+00:00,https://truea1u83ust5rsjdhbckjsxjd-cwdtaretbsc3gbb7.z03.azurefd.net/,200,,urlopen,10,28,0.3090909091,0.7375,0.00625,0.3,0.08333333333,0.1176470588,0.8292968536,1,0,0.2083333333,0,0,1,0,0,0,0,0.05555555556,0.1076923077,0,0,0.08333333333,0.125,0,0.3333333333,0.6666666667,0.7104166667,0.7104166667,0,0,0.25,0.75,1,1,0.09895078125,0.1499242686,0,0.1670354167,0.07162708333,0.292509375,0.1015921875,0.2409625,0.07142857143,0.06666666667
http://saksham1122a.github.io/Netflix-Clone,1,OpenPhish,2026-04-26T09:17:33+00:00,https://saksham1122a.github.io/Netflix-Clone/,200,,urlopen,8,48,0.1954545455,0.275,0.0875,0.2,0.08333333333,0.09302325581,0.8131494057,0,0.1,0.2083333333,0,0.4,1,0,0,0,0,0.04444444444,0.1846153846,0,0,0.08695652174,0,0,0,0,0,0,0,0,0.04347826087,0.9565217391,0,1,0.0494685,0.07735177679,0,0,0.04887495652,0.244776,0.05607704,0.21175,0.02083333333,0.06666666667
https://ugeduecversity.iceiy.com/?i=1,1,OpenPhish,2026-04-26T09:17:34+00:00,https://ugeduecversity.iceiy.com/?i=1,200,,urlopen,3,2,0.1681818182,0.3,0.00625,0.2,0,0.02702702703,0.7591405996,1,0,0.125,0,0,1,0,0,0,0,0.01666666667,0.007692307692,0,0,0,0,0,0,0,0,0,0,0,1,0,0,0,0.0298125,0.037625,0,0,0.037625,0.037625,0.037625,0,0,0.03333333333
https://madandas01.github.io/amazon-clone/,1,OpenPhish,2026-04-26T09:17:33+00:00,https://madandas01.github.io/amazon-clone/,200,,urlopen,5,4,0.1909090909,0.25,0.0875,0.2,0.08333333333,0.04761904762,0.7818312934,1,0.1,0.2083333333,0,0.2,1,0,0,0,0,0.02777777778,0.01538461538,0,0,0,0,0,0,0,0,0,0,0,0,1,0,0,0.0313875,0.03271075581,0,0.03635,0.0386375,0.0386375,0.0340875,0.0113625,0,0.03333333333
https://aryatambe.github.io/Amazon-Clone/,1,OpenPhish,2026-04-26T09:17:33+00:00,https://aryatambe.github.io/Amazon-Clone/,200,,urlopen,5,4,0.1863636364,0.2375,0.0875,0.2,0.08333333333,0,0.7844999764,1,0.1,0.2083333333,0,0.2,1,0,0,0,0,0.02777777778,0.01538461538,0,1,0,0,0,0,0,0,0,0,0,0,0,0,0.5,0.0910125,0.07751032609,0,0.0566,0,0.2441375,0.1160875,0.1966125,0,0.03333333333
https://www.robiox.com.py/users/232633265728/profile,1,OpenPhish,2026-04-26T09:17:35+00:00,https://www.robiox.com.py/users/232633265728/profile,200,,urlopen,12,285,0.2363636364,0.2125,0.16875,0.3,0,0.2307692308,0.812181468,1,0.3,0.2916666667,0,0,1,0,0,0,0,0.06666666667,1,0,1,0.992481203,0,0,0,0,0,0,0,0,0.9154929577,0.02112676056,0,0.1818181818,0.2427348776,0.307434689,0,0.1063328671,0.3105460106,0.3145914336,0.3076384016,0.2409625,0,0.1333333333
https://mohdshadav.github.io/Amazon-Clone-Project1/,1,OpenPhish,2026-04-26T09:17:33+00:00,https://mohdshadav.github.io/Amazon-Clone-Project1/,200,,urlopen,5,4,0.2318181818,0.25,0.14375,0.2,0.1666666667,0.01960784314,0.8304070034,1,0.1,0.25,0,0.1666666667,1,0,0,0,0,0.02777777778,0.01538461538,0,0,0,0,0,0,0,0,0,0,0,0,0,0,1,0.2017125,0.2005733553,0,0.10671875,0,0.30939375,0.2057875,0.21175,0.5,0
http://pay.energyboostcare.com/paypal/zqxvrmzd.html,1,OpenPhish,2026-04-26T09:17:36+00:00,https://pay.energyboostcare.com/paypal/zqxvrmzd.html,200,,urlopen,12,19,0.2318181818,0.2875,0.13125,0.3,0,0,0.7870387431,0,0.2,0.25,0.1666666667,0.1666666667,1,0,0,0,0,0.06666666667,0.07307692308,0,0,1,0,0,0,0,0,0,0,0,0.5,0.5,1,0,0.1710409091,0.2005127193,0,0.08513409091,0.2258420455,0.3039920455,0.2058921488,0.2188579545,0.05263157895,0.1333333333
http://www.virtualnextpartner.com/m/login/,1,OpenPhish,2026-04-26T09:17:34+00:00,https://www.virtualnextpartner.com/m/login/,200,,urlopen,5,30,0.1909090909,0.325,0.05625,0.2,0,0,0.7488891268,0,0.2,0.1666666667,0.25,0,1,0,0,0,0,0.02777777778,0.1153846154,0,0,0.7333333333,0,0,0,0,0,0,0,0,1,0,0,0,0.191595,0.2418033333,0,0,0.2418033333,0.30606,0.2418033333,0.2409625,0,0.06666666667
https://roblox.mq/users/8910444649/profile,1,OpenPhish,2026-04-26T09:17:40+00:00,https://roblox.mq/users/8910444649/profile,200,,urlopen,11,277,0.1909090909,0.1125,0.15625,0.1,0,0.2380952381,0.7904893021,1,0.3,0.2083333333,0,0,1,0,0,0,0,0.06111111111,1,0.7777777778,0.2222222222,0.9534883721,0,0,0,0,0,0,0,0,0.9130434783,0.02173913043,0,0.1818181818,0.2252128597,0.2886595818,0,0.1004944245,0.2981745378,0.3110746712,0.2851188648,0.240364959,0,0.1
http://www.virtualnextpartner.com/m/,1,OpenPhish,2026-04-26T09:17:34+00:00,https://www.virtualnextpartner.com/m/,200,,urlopen,5,30,0.1636363636,0.325,0.01875,0.2,0,0,0.7323125483,0,0.1,0.125,0,0,1,0,0,0,0,0.02777777778,0.1153846154,0,0,0.7333333333,0,0,0,0,0,0,0,0,1,0,0,0,0.191595,0.2418033333,0,0,0.2418033333,0.30606,0.2418033333,0.2409625,0,0.06666666667
http://emagrecimento4.vercel.app/of.html,1,OpenPhish,2026-04-26T09:17:34+00:00,https://whiterandom.vercel.app/of.html,200,,urlopen,6,37,0.1818181818,0.3125,0.05,0.3,0,0.025,0.737490606,0,0.1,0.2083333333,0,0,1,0,0,0,0,0.03333333333,0.1423076923,1,0,0,0,0,0,0,0,0,0,0,0.4444444444,0.4444444444,1,0,0.04778289474,0.0686380597,0,0,0.04135526316,0.2444605263,0.05204501385,0.2031052632,0.02702702703,0.03333333333
http://filesharee76.s3.eu-north-1.amazonaws.com/sharedocumentlive.html,1,OpenPhish,2026-04-26T09:17:34+00:00,http://filesharee76.s3.eu-north-1.amazonaws.com/sharedocumentlive.html,200,,urlopen,9,8,0.3181818182,0.5,0.14375,0.5,0.1666666667,0.05714285714,0.8102343242,0,0.1,0.3333333333,0,0,1,0,0,0,0,0.05,0.03076923077,0,0,1,0.125,0,0,0,0.04375,0.04375,0,0,0.5,0.5,1,0,0.1596825,0.1545333013,0.0625325,0.08414,0.225345,0.303495,0.1768355,0.2409625,0.125,0.1
https://roblox.com.ge/users/2700886303/profile,1,OpenPhish,2026-04-26T09:17:35+00:00,https://roblox.com.ge/users/2700886303/profile,200,,urlopen,11,283,0.2090909091,0.1625,0.15625,0.2,0,0.2173913043,0.8041686146,1,0.3,0.25,0,0,1,0,0,0,0,0.06111111111,1,0.6363636364,0.3636363636,0.9538461538,0,0,0,0,0,0,0,0,0.8936170213,0.02836879433,0,0.1538461538,0.2244208627,0.2881481135,0,0.1001375,0.29734725,0.3107035061,0.2844196743,0.2401722561,0,0.1
http://sukkie12.github.io/inf/,1,OpenPhish,2026-04-26T09:17:33+00:00,https://sukkie12.github.io/inf/,200,,urlopen,7,6,0.1363636364,0.225,0.03125,0.2,0,0.06666666667,0.717889881,0,0.1,0.1666666667,0,0.25,1,0,0,0,0,0.03888888889,0.02307692308,0,0,1,0,0,0.6666666667,0.6666666667,0.6666666667,0,0,0,1,0,0,0,0.211455,0.2224640957,0,0.2423416667,0.3150375,0.3150375,0.2280425,0.2168875,0.3333333333,0.03333333333
http://supportings.github.io/x,1,OpenPhish,2026-04-26T09:17:33+00:00,https://supportings.github.io/x/,200,,urlopen,2,1,0.1363636364,0.2625,0.0125,0.2,0,0,0.6844973052,0,0.1,0.125,0,0.3333333333,1,0,0,0,0,0.01111111111,0.003846153846,0,0,0,0,0,0,0,0,0,0,0,0,0,0,0,0.02475,0.02525,0,0,0,0.02525,0.02525,0,0,0
http://sukkie12.github.io/hzds/,1,OpenPhish,2026-04-26T09:17:33+00:00,https://sukkie12.github.io/hzds/,200,,urlopen,2,1,0.1409090909,0.225,0.0375,0.2,0,0.06451612903,0.7232576136,0,0.1,0.1666666667,0,0.25,1,0,0,0,0,0.01111111111,0.003846153846,0,0,0,0,0,0,0,0,0,0,0,0,0,0,0,0.02475,0.02525,0,0,0,0.02525,0.02525,0,0,0
http://fille-bit.github.io/xfnni/,1,OpenPhish,2026-04-26T09:17:33+00:00,https://fille-bit.github.io/xfnni/,200,,urlopen,2,1,0.15,0.2375,0.04375,0.2,0.08333333333,0,0.6989276334,0,0.1,0.2083333333,0,0.2,1,0,0,0,0,0.01111111111,0.003846153846,0,0,0,0,0,0,0,0,0,0,0,0,0,0,0,0.02475,0.02525,0,0,0,0.02525,0.02525,0,0,0
http://fille-bit.github.io/xfini/,1,OpenPhish,2026-04-26T09:17:33+00:00,https://fille-bit.github.io/xfini/,200,,urlopen,7,6,0.15,0.2375,0.04375,0.2,0.08333333333,0,0.6884585726,0,0.1,0.2083333333,0,0.2,1,0,0,0,0,0.03888888889,0.02307692308,0,0,1,0,0,0.6666666667,0.6666666667,0.6666666667,0,0,0,1,0,0,0,0.211455,0.2224640957,0,0.2423416667,0.3150375,0.3150375,0.2280425,0.2168875,0.3333333333,0.03333333333
https://docusign-auth-docusign-com.dporozok.workers.dev/b7d324fb888a34be,1,OpenPhish,2026-04-26T09:17:34+00:00,https://docusign-auth-docusign-com.dporozok.workers.dev/b7d324fb888a34be,200,,urlopen,2,1,0.3272727273,0.5875,0.10625,0.3,0.25,0.125,0.8571328287,1,0.1,0.3333333333,0.125,0,1,0,0,0,0,0.01111111111,0.003846153846,0,0,0,0,0,0,0,0,0,0,0,0,0,1,0,0.37125,0.37875,0,0,0,0.37875,0.37875,0,1,0
https://docusign-auth-docusign-com.dporozok.workers.dev/a7ad1b842427ef2a,1,OpenPhish,2026-04-26T09:17:34+00:00,https://docusign-auth-docusign-com.dporozok.workers.dev/a7ad1b842427ef2a,200,,urlopen,2,1,0.3272727273,0.5875,0.10625,0.3,0.25,0.125,0.8539886052,1,0.1,0.3333333333,0.125,0,1,0,0,0,0,0.01111111111,0.003846153846,0,0,0,0,0,0,0,0,0,0,0,0,0,1,0,0.37125,0.37875,0,0,0,0.37875,0.37875,0,1,0
https://docusign-auth-docusign-com.dporozok.workers.dev/619f0a2a7f9df7bf,1,OpenPhish,2026-04-26T09:17:34+00:00,https://docusign-auth-docusign-com.dporozok.workers.dev/619f0a2a7f9df7bf,200,,urlopen,2,1,0.3272727273,0.5875,0.10625,0.3,0.25,0.1111111111,0.8609453918,1,0.1,0.3333333333,0.125,0,1,0,0,0,0,0.01111111111,0.003846153846,0,0,0,0,0,0,0,0,0,0,0,0,0,1,0,0.37125,0.37875,0,0,0,0.37875,0.37875,0,1,0
https://iihe5-867o9-8ysn-jsd6.pages.dev/note/,1,OpenPhish,2026-04-26T09:17:34+00:00,https://iihe5-867o9-8ysn-jsd6.pages.dev/note/,200,,urlopen,3,2,0.2045454545,0.3875,0.0375,0.2,0.25,0.1555555556,0.7903984417,1,0.1,0.2916666667,0,0,1,0,0,0,0,0.01666666667,0.007692307692,0,0,0,0,0,0,0,0,0,0,0,1,0,0,0,0.0298125,0.037625,0,0,0.037625,0.037625,0.037625,0,0,0.03333333333
http://eir-pra-biz-bap-rri-sp6ct3.pages.dev/heartily_welcome/,1,OpenPhish,2026-04-26T09:17:34+00:00,https://eir-pra-biz-bap-rri-sp6ct3.pages.dev/heartily_welcome/,200,,urlopen,5,4,0.2772727273,0.45,0.1125,0.2,0.4166666667,0.03278688525,0.7971275146,0,0.1,0.4166666667,0,0,1,0,0,0,0,0.02777777778,0.01538461538,0,0,0.5,0,0,0,0,0,0,0,0,1,0,0,0,0.14011875,0.1768375,0,0,0.1768375,0.29731875,0.1768375,0.2409625,0,0.06666666667
https://od4to-fjt23-yyba-68y8.pages.dev/note/,1,OpenPhish,2026-04-26T09:17:33+00:00,https://od4to-fjt23-yyba-68y8.pages.dev/note/,200,,urlopen,3,2,0.2045454545,0.3875,0.0375,0.2,0.25,0.1333333333,0.793956359,1,0.1,0.2916666667,0,0,1,0,0,0,0,0.01666666667,0.007692307692,0,0,0,0,0,0,0,0,0,0,0,1,0,0,0,0.0298125,0.037625,0,0,0.037625,0.037625,0.037625,0,0,0.03333333333
https://prelix-klavor-biz-hendix-grentor-sp7ct12.pages.dev/heartily_welcome?id=904373562762611&page_name=LIVE%20Creator%20Networks/,1,OpenPhish,2026-04-26T09:17:33+00:00,https://prelix-klavor-biz-hendix-grentor-sp7ct12.pages.dev/heartily_welcome?id=904373562762611&page_name=LIVE%20Creator%20Networks/,200,,urlopen,5,4,0.5954545455,0.625,0.10625,0.2,0.4166666667,0.1679389313,0.9397783502,1,0.1,0.7083333333,0,0,1,0,0,0,0,0.02777777778,0.01538461538,0,0,0.5,0,0,0,0,0,0,0,0,1,0,0,0,0.14011875,0.1768375,0,0,0.1768375,0.29731875,0.1768375,0.2409625,0,0.06666666667
https://kxiw3-x1r3r-z8a4-1bgj.pages.dev/note/,1,OpenPhish,2026-04-26T09:17:34+00:00,https://kxiw3-x1r3r-z8a4-1bgj.pages.dev/note/,200,,urlopen,3,2,0.2045454545,0.3875,0.0375,0.2,0.25,0.1333333333,0.8358332397,1,0.1,0.2916666667,0,0,1,0,0,0,0,0.01666666667,0.007692307692,0,0,0,0,0,0,0,0,0,0,0,1,0,0,0,0.0298125,0.037625,0,0,0.037625,0.037625,0.037625,0,0,0.03333333333
https://percussao-musiikki-barrio-valvula.pages.dev/note/,1,OpenPhish,2026-04-26T09:17:33+00:00,https://percussao-musiikki-barrio-valvula.pages.dev/note/,200,,urlopen,5,4,0.2590909091,0.5375,0.0375,0.2,0.25,0,0.7845972483,1,0.1,0.2916666667,0,0,1,0,0,0,0,0.02777777778,0.01538461538,0,0,0.5,0,0,0,0,0,0,0,0,1,0,0,0,0.14011875,0.1768375,0,0,0.1768375,0.29731875,0.1768375,0.2409625,0,0.06666666667
https://historia-dialogo-cidade-ritmo.pages.dev/note/,1,OpenPhish,2026-04-26T09:17:33+00:00,https://historia-dialogo-cidade-ritmo.pages.dev/note/,200,,urlopen,5,4,0.2409090909,0.4875,0.0375,0.2,0.25,0,0.7452524448,1,0.1,0.2916666667,0,0,1,0,0,0,0,0.02777777778,0.01538461538,0,0,0.5,0,0,0,0,0,0,0,0,1,0,0,0,0.14011875,0.1768375,0,0,0.1768375,0.29731875,0.1768375,0.2409625,0,0.06666666667
https://silver-river.pages.dev/meta_for_business/*/,1,OpenPhish,2026-04-26T09:17:33+00:00,https://silver-river.pages.dev/meta_for_business/*/,200,,urlopen,5,4,0.2318181818,0.275,0.13125,0.2,0.08333333333,0,0.7714789285,1,0.2,0.2916666667,0,0,1,0,0,0,0,0.02777777778,0.01538461538,0,0,0.5,0,0,0,0,0,0,0,0,1,0,0,0,0.14011875,0.1768375,0,0,0.1768375,0.29731875,0.1768375,0.2409625,0,0.06666666667
https://9d6it-0xo74-rtx0-f7nh.pages.dev/note/,1,OpenPhish,2026-04-26T09:17:33+00:00,https://9d6it-0xo74-rtx0-f7nh.pages.dev/note/,200,,urlopen,3,2,0.2045454545,0.3875,0.0375,0.2,0.25,0.1555555556,0.80005646,1,0.1,0.2916666667,0,0,1,0,0,0,0,0.01666666667,0.007692307692,0,0,0,0,0,0,0,0,0,0,0,1,0,0,0,0.0298125,0.037625,0,0,0.037625,0.037625,0.037625,0,0,0.03333333333
https://yhteistyo-cultura-furadeira-kulttuuri.pages.dev/note/,1,OpenPhish,2026-04-26T09:17:34+00:00,https://yhteistyo-cultura-furadeira-kulttuuri.pages.dev/note/,200,,urlopen,5,4,0.2772727273,0.5875,0.0375,0.2,0.25,0,0.7701666158,1,0.1,0.2916666667,0,0,1,0,0,0,0,0.02777777778,0.01538461538,0,0,0.5,0,0,0,0,0,0,0,0,1,0,0,0,0.14011875,0.1768375,0,0,0.1768375,0.29731875,0.1768375,0.2409625,0,0.06666666667
https://cantor-aani-guitarra-eje.pages.dev/note/,1,OpenPhish,2026-04-26T09:17:35+00:00,https://cantor-aani-guitarra-eje.pages.dev/note/,200,,urlopen,5,4,0.2181818182,0.425,0.0375,0.2,0.25,0,0.7389563696,1,0.1,0.2916666667,0,0,1,0,0,0,0,0.02777777778,0.01538461538,0,0,0.5,0,0,0,0,0,0,0,0,1,0,0,0,0.14011875,0.1768375,0,0,0.1768375,0.29731875,0.1768375,0.2409625,0,0.06666666667
https://velixo-biz-lenvax-29126.pages.dev/c9x2m-7bp-k4t8v-3ls?id=979059881952362&page_name=Daa'uus%20Online%20Electronics,1,OpenPhish,2026-04-26T09:17:34+00:00,https://velixo-biz-lenvax-29126.pages.dev/c9x2m-7bp-k4t8v-3ls?id=979059881952362&page_name=Daa'uus%20Online%20Electronics,200,,urlopen,5,4,0.55,0.4125,0.125,0.2,0.5,0.2479338843,0.9388259096,1,0.1,0.75,0,0,1,0,0,0,0,0.02777777778,0.01538461538,0,0,0.5,0,0,0,0,0,0,0,0,1,0,0,0,0.14011875,0.1768375,0,0,0.1768375,0.29731875,0.1768375,0.2409625,0,0.06666666667
https://barixo-biz-quantel-29126.pages.dev/c9x2m-7bp-k4t8v-3ls?id=913345188529384&page_name=Stylish%20Brows%20&%20Beauty,1,OpenPhish,2026-04-26T09:17:34+00:00,https://barixo-biz-quantel-29126.pages.dev/c9x2m-7bp-k4t8v-3ls?id=913345188529384&page_name=Stylish%20Brows%20&%20Beauty,200,,urlopen,5,4,0.5454545455,0.425,0.125,0.2,0.5,0.2666666667,0.9549127788,1,0.1,0.75,0,0,1,0,0,0,0,0.02777777778,0.01538461538,0,0,0.5,0,0,0,0,0,0,0,0,1,0,0,0,0.14011875,0.1768375,0,0,0.1768375,0.29731875,0.1768375,0.2409625,0,0.06666666667
https://xalvo-remti-biz-kopra-zenlo-sp21ct3.pages.dev/:::,1,OpenPhish,2026-04-26T09:17:34+00:00,https://xalvo-remti-biz-kopra-zenlo-sp21ct3.pages.dev/:::,200,,urlopen,5,4,0.2590909091,0.5625,0.025,0.2,0.4166666667,0.05263157895,0.8224738128,1,0.1,0.3333333333,0,0,1,0,0,0,0,0.02777777778,0.01538461538,0,0,0.5,0,0,0,0,0,0,0,0,1,0,0,0,0.14011875,0.1768375,0,0,0.1768375,0.29731875,0.1768375,0.2409625,0,0.06666666667
https://mwq04-oql7n-np07-haap.pages.dev/note/,1,OpenPhish,2026-04-26T09:17:34+00:00,https://mwq04-oql7n-np07-haap.pages.dev/note/,200,,urlopen,3,2,0.2045454545,0.3875,0.0375,0.2,0.25,0.1111111111,0.7812482902,1,0.1,0.2916666667,0,0,1,0,0,0,0,0.01666666667,0.007692307692,0,0,0,0,0,0,0,0,0,0,0,1,0,0,0,0.0298125,0.037625,0,0,0.037625,0.037625,0.037625,0,0,0.03333333333
https://davon-rixa-biz-sapru-zxdf22526w-pranex.pages.dev/c9x2m-7bp-k4t8v-3ls?id=1014351605088926&page_name=Horoskopai%20AI/,1,OpenPhish,2026-04-26T09:17:34+00:00,https://davon-rixa-biz-sapru-zxdf22526w-pranex.pages.dev/c9x2m-7bp-k4t8v-3ls?id=1014351605088926&page_name=Horoskopai%20AI/,200,,urlopen,5,4,0.5590909091,0.6,0.125,0.2,0.6666666667,0.2357723577,0.9434804601,1,0.1,0.75,0,0,1,0,0,0,0,0.02777777778,0.01538461538,0,0,0.5,0,0,0,0,0,0,0,0,1,0,0,0,0.14011875,0.1768375,0,0,0.1768375,0.29731875,0.1768375,0.2409625,0,0.06666666667
https://roblox.com.ge/users/258927107/profile,1,OpenPhish,2026-04-26T09:17:36+00:00,https://roblox.com.ge/users/258927107/profile,200,,urlopen,11,283,0.2045454545,0.1625,0.15,0.2,0,0.2,0.8131680257,1,0.3,0.25,0,0,1,0,0,0,0,0.06111111111,1,0.6363636364,0.3636363636,0.9538461538,0,0,0,0,0,0,0,0,0.8936170213,0.02836879433,0,0.1538461538,0.2244208627,0.2881481135,0,0.1001375,0.29734725,0.3107035061,0.2844196743,0.2401722561,0,0.1
https://www.stilladventurestyle.com/crstrenght/cb/vsl3/v3/?affiliate=blitzad&tid=111333003,1,OpenPhish,2026-04-26T09:17:34+00:00,https://www.stilladventurestyle.com/crstrenght/cb/vsl3/v3/?affiliate=blitzad&tid=111333003,200,,urlopen,17,72,0.4090909091,0.3375,0.14375,0.2,0,0.1222222222,0.83842064,1,0.4,0.4583333333,0,0,1,0,0,0,0,0.09444444444,0.2769230769,0,1,0.3636363636,0,0,0,0,0,0,0,0,0.2222222222,0.6944444444,0,0.85,0.091021875,0.1498457731,0,0,0.1022258523,0.28888125,0.1155729167,0.2409625,0,0.2333333333
https://www.robiox.com.py/users/180726417284/profile,1,OpenPhish,2026-04-26T09:17:35+00:00,https://www.robiox.com.py/users/180726417284/profile,200,,urlopen,12,285,0.2363636364,0.2125,0.16875,0.3,0,0.2307692308,0.8288069488,1,0.3,0.2916666667,0,0,1,0,0,0,0,0.06666666667,1,0,1,0.992481203,0,0,0,0,0,0,0,0,0.9154929577,0.02112676056,0,0.1818181818,0.2427348776,0.307434689,0,0.1063328671,0.3105460106,0.3145914336,0.3076384016,0.2409625,0,0.1333333333
https://www.robiox.com.py/users/282335113127/profile,1,OpenPhish,2026-04-26T09:17:35+00:00,https://www.robiox.com.py/users/282335113127/profile,200,,urlopen,12,285,0.2363636364,0.2125,0.16875,0.3,0,0.2307692308,0.8138955414,1,0.3,0.2916666667,0,0,1,0,0,0,0,0.06666666667,1,0,1,0.992481203,0,0,0,0,0,0,0,0,0.9154929577,0.02112676056,0,0.1818181818,0.2427348776,0.307434689,0,0.1063328671,0.3105460106,0.3145914336,0.3076384016,0.2409625,0,0.1333333333
http://xfinitywebmail.vercel.app/,1,OpenPhish,2026-04-26T09:17:34+00:00,https://xfinitywebmail.vercel.app/,200,,urlopen,12,26,0.15,0.3125,0.00625,0.2,0,0,0.7531160795,0,0,0.125,0,0,1,0,0,0,0,0.06666666667,0.1,0,1,0.5,0.125,0,0,0,0.04375,0,0,0,0.1818181818,0.1818181818,0,0,0.1317214286,0.1232917753,0.05512678571,0.06932857143,0.09745803571,0.2505017857,0.1669377551,0.195375,0,0.1333333333
http://hammadbaloch-9.github.io/Facebook,1,OpenPhish,2026-04-26T09:17:34+00:00,https://hammadbaloch-9.github.io/Facebook/,200,,urlopen,11,50,0.1818181818,0.3,0.05625,0.2,0.08333333333,0.025,0.7573293695,0,0.1,0.1666666667,0,0.5,1,0,0,0,0,0.06111111111,0.1923076923,0,0,0.6086956522,0,0,0,0,0,0,0,0,0,1,0,1,0.0831875,0.09797533557,0,0.053675,0.09883369565,0.25635,0.09931388889,0.21175,0.02,0.1
https://mahyar-bandegie82.github.io/amazon-project/,1,OpenPhish,2026-04-26T09:17:34+00:00,https://mahyar-bandegie82.github.io/amazon-project/,200,,urlopen,7,18,0.2318181818,0.3375,0.1,0.2,0.1666666667,0.03921568627,0.8080730908,1,0.1,0.25,0,0.1666666667,1,0,0,0,0,0.03888888889,0.06923076923,1,0,0,0,0,0,0,0,0,0,0,0.125,0.5,0,0,0.030285,0.03438875,0,0.0349325,0.03792875,0.03792875,0.036422,0.01207125,0,0.03333333333
https://karan11-chidar.github.io/netflix-webpage/,1,OpenPhish,2026-04-26T09:17:34+00:00,https://karan11-chidar.github.io/netflix-webpage/,200,,urlopen,10,16,0.2227272727,0.3,0.10625,0.2,0.1666666667,0.04081632653,0.8074619939,1,0.1,0.25,0,0.3333333333,1,0,0,0,0,0.05555555556,0.06153846154,0,0,0,0.125,0,0,0,0.04375,0,0,0,0,1,0,1,0.1242511364,0.1405433601,0.05750681818,0.07408863636,0.05750681818,0.2767636364,0.1210014463,0.2192568182,0.1875,0.03333333333
https://my-site-106156-106288.weeblysite.com/,1,OpenPhish,2026-04-26T09:17:34+00:00,https://my-site-106156-106288.weeblysite.com/,200,,urlopen,3,14,0.2045454545,0.45,0.00625,0.2,0.25,0.2666666667,0.7893290983,1,0,0.25,0,0,1,0,0,0,0,0.01666666667,0.05384615385,0,0,1,0,0,0,0,0,0,0,0,1,0,0,0,0.250425,0.31605,0,0,0.31605,0.31605,0.31605,0,0,0.03333333333
https://trappinne-weiffepug-f2d177.pages.dev/account-support.html/,1,OpenPhish,2026-04-26T09:17:34+00:00,https://trappinne-weiffepug-f2d177.pages.dev/account-support.html/,200,,urlopen,19,53,0.3,0.45,0.1375,0.3,0.25,0.06060606061,0.8123275466,1,0.1,0.3333333333,0.25,0,1,0,0,0,0,0.1055555556,0.2038461538,0,0,0.05882352941,0.5,0.25,0.2222222222,0.2222222222,0.3972222222,0.3972222222,0.125,0,0.05882352941,0.9411764706,1,0,0.09643359375,0.1375121532,0.1811007813,0.1058154514,0.06502504596,0.5718507812,0.1034084717,0.521,0.1132075472,0.1
https://www.att.verintefm.com/och/25F95DF875ECA1C508DE935775B29A667E,1,OpenPhish,2026-04-26T09:17:35+00:00,https://www.att.verintefm.com/och/25F95DF875ECA1C508DE935775B29A667E,200,,urlopen,10,21,0.3090909091,0.2625,0.24375,0.3,0,0.3235294118,0.8764933361,1,0.2,0.2083333333,0,0,1,0,0,0,0,0.05555555556,0.08076923077,0.5,0.5,0,0.125,0,0,0,0.04375,0,0,0,0.75,0,0,0,0.047165625,0.04810354678,0.040915625,0.04090625,0.040915625,0.236290625,0.05719453125,0.195384375,0,0.06666666667
https://www.att.verintefm.com/se/25F95DF875ECA1C508DE935775B29A667E,1,OpenPhish,2026-04-26T09:17:35+00:00,https://www.att.verintefm.com/se/25F95DF875ECA1C508DE935775B29A667E,200,,urlopen,18,28,0.3045454545,0.2625,0.2375,0.3,0,0.328358209,0.8725485014,1,0.2,0.2083333333,0,0,1,0,0,0,0,0.1,0.1076923077,0,1,0,0.125,0,0,0,0.04375,0.04375,0,0,0.8571428571,0,1,0,0.07779375,0.07719020173,0.04775,0.054575,0.04775,0.25725,0.08188125,0.2095,0.07142857143,0.06666666667
http://mritunjay121003.github.io/netflix_clone-,1,OpenPhish,2026-04-26T09:17:34+00:00,https://mritunjay121003.github.io/netflix_clone-/,200,,urlopen,12,46,0.2136363636,0.3125,0.09375,0.2,0.08333333333,0.1276595745,0.8353820524,0,0.1,0.2083333333,0,0.4,1,0,0,0,0,0.06666666667,0.1769230769,1,0,0.8,0,0,0,0,0,0,0,0,0,0.2380952381,0,0,0.0697185,0.09096800802,0,0.05012,0.1132525,0.252795,0.0756551,0.21175,0.04347826087,0.1
https://vishnu-d98.github.io/Static-Spotify/,1,OpenPhish,2026-04-26T09:17:34+00:00,https://vishnu-d98.github.io/Static-Spotify/,200,,urlopen,6,19,0.2,0.25,0.1,0.2,0.1666666667,0.04545454545,0.770002844,1,0.1,0.25,0,0.1666666667,1,0,0,0,0,0.03333333333,0.07307692308,0,1,0,0,0,0,0,0,0,0,0,0,0.8888888889,0,0.9,0.04719375,0.0615828125,0,0,0.0406625,0.2360375,0.05926625,0.2047125,0,0.06666666667
https://project-one-lake.vercel.app/,1,OpenPhish,2026-04-26T09:17:34+00:00,https://project-one-lake.vercel.app/,200,,urlopen,6,17,0.1636363636,0.3375,0.00625,0.2,0.1666666667,0,0.7222115382,1,0,0.2083333333,0,0,1,0,0,0,0,0.03333333333,0.06538461538,1,0,0,0,0,0,0,0,0,0,0,0.125,0.75,1,0.9473684211,0.06775,0.1172403846,0,0,0.0455,0.25275,0.06852777778,0.20725,0.05882352941,0.03333333333
https://aadityayadav333.github.io/NetflixIndia/,1,OpenPhish,2026-04-26T09:17:34+00:00,https://aadityayadav333.github.io/NetflixIndia/,200,,urlopen,30,51,0.2136363636,0.3125,0.0875,0.2,0,0.06382978723,0.7691560738,1,0.1,0.1666666667,0,0.25,1,0,0,0,0,0.1666666667,0.1961538462,0,1,1,0.25,0,0,0,0.0875,0,0,0,0,0.2777777778,0,0.07142857143,0.1417173387,0.1316576883,0.05784233871,0.07475967742,0.1425048387,0.2774346774,0.1722150234,0.2195923387,0.03921568627,0.3
https://aman003-prog.github.io/Netflix-Clone/,1,OpenPhish,2026-04-26T09:17:34+00:00,https://aman003-prog.github.io/Netflix-Clone/,200,,urlopen,12,11,0.2045454545,0.275,0.09375,0.2,0.1666666667,0.06666666667,0.814640866,1,0.1,0.25,0,0.3333333333,1,0,0,0,0,0.06666666667,0.04230769231,0,1,0,0,0,0,0,0,0,0,0,0,0.3333333333,0,0,0.1617046875,0.1673171737,0,0.08646875,0.063696875,0.28914375,0.1763074219,0.225446875,0.1818181818,0.1
https://camilinhaparis.github.io/Project_Spotify/,1,OpenPhish,2026-04-26T09:17:34+00:00,https://camilinhaparis.github.io/Project_Spotify/,200,,urlopen,6,44,0.2227272727,0.3,0.10625,0.2,0,0,0.7902850348,1,0.1,0.2083333333,0,0.2,1,0,0,0,0,0.03333333333,0.1692307692,0,0,0,0,0,0,0,0,0,0,0,0.09523809524,0.9047619048,0,0,0.03001793478,0.03527785674,0,0.03458913043,0.03775706522,0.03775706522,0.03708702741,0.01224293478,0,0.03333333333
https://ukextreme.github.io/Netflix-Clone/,1,OpenPhish,2026-04-26T09:17:34+00:00,https://ukextreme.github.io/Netflix-Clone/,200,,urlopen,16,52,0.1909090909,0.2375,0.09375,0.2,0.08333333333,0,0.7727409667,1,0.1,0.2083333333,0,0.4,1,0,0,0,0,0.08888888889,0.2,1,0,0.8333333333,0,0,0,0,0,0,0,0,0,0.2608695652,0,0,0.07899827586,0.1016997059,0,0.05394655172,0.1179878592,0.2566215517,0.08403326397,0.21175,0.05769230769,0.1333333333
https://satyamsharma95653-debug.github.io/Netflix-Clone/,1,OpenPhish,2026-04-26T09:17:34+00:00,https://satyamsharma95653-debug.github.io/Netflix-Clone/,200,,urlopen,9,34,0.2545454545,0.4125,0.09375,0.2,0.1666666667,0.08928571429,0.8460476791,1,0.1,0.25,0,0.3333333333,1,0,0,0,0,0.05,0.1307692308,0,0,0.9375,0,0,0,0,0,0,0,0,0.0625,0.9375,0,0,0.11309375,0.1372833104,0,0,0.1319023438,0.2668125,0.1351284722,0.21428125,0.02941176471,0.1
https://gautamjassi3115.github.io/Amazon-Clone/,1,OpenPhish,2026-04-26T09:17:34+00:00,https://gautamjassi3115.github.io/Amazon-Clone/,200,,urlopen,3,2,0.2136363636,0.3125,0.0875,0.2,0.08333333333,0.08510638298,0.8077408647,1,0.1,0.2083333333,0,0.2,1,0,0,0,0,0.01666666667,0.007692307692,0,0,0,0,0,0,0,0,0,0,0,0,0,0,1,0.032175,0.03327875,0,0.0373625,0,0.0373625,0.032825,0.009075,0,0
https://aysha-7.github.io/netflix-clone/,1,OpenPhish,2026-04-26T09:17:34+00:00,https://aysha-7.github.io/netflix-clone/,200,,urlopen,9,50,0.1818181818,0.2125,0.09375,0.2,0.1666666667,0.025,0.7789424945,1,0.1,0.2083333333,0,0.4,1,0,0,0,0,0.05,0.1923076923,1,0,0.08695652174,0,0,0,0,0,0,0,0,0.04166666667,0.9166666667,0,0.9545454545,0.0487125,0.07533430574,0,0,0.04872541806,0.2444769231,0.0553558432,0.21175,0.02,0.06666666667
https://pub-ea66fe1b3c8e4757bafadfb9728b159c.r2.dev/index.html,1,OpenPhish,2026-04-26T09:17:35+00:00,https://pub-ea66fe1b3c8e4757bafadfb9728b159c.r2.dev/index.html,200,,urlopen,102,295,0.2818181818,0.5375,0.06875,0.3,0.08333333333,0.2741935484,0.8640958293,1,0.1,0.25,0,0,1,0,0,0,0,0.5666666667,1,0,0,1,0.625,0,1,1,1,1,0,0,0.05882352941,0.9411764706,1,1,0.2362150259,0.3001392772,0,0.3192590674,0.1726111513,0.3197170337,0.2417560237,0.1563,0.3084745763,0.1666666667
https://free-antivir.us/s/63BZGFSVBWSFCDX7Y9/584dd8/90eab167-7429-489f-99f6-ce86e8d0d81a,1,OpenPhish,2026-04-26T09:17:35+00:00,https://free-antivir.us/s/63BZGFSVBWSFCDX7Y9/584dd8/90eab167-7429-489f-99f6-ce86e8d0d81a,200,,urlopen,14,16,0.4,0.1875,0.40625,0.1,0.4166666667,0.3295454545,0.909405065,1,0.4,0.4166666667,0,0,1,0,0,0,0,0.07777777778,0.06153846154,0,0,1,0.125,0,0.125,0.125,0.16875,0,0,0,0.6666666667,0.3333333333,0,1,0.109228125,0.1046945871,0.05264375,0.089696875,0.26130625,0.28550625,0.1295114583,0.2328625,0.0625,0.06666666667
https://ipfs.io/ipfs/bafybeihjv4wi4umloi2auma7l6jst3eksds34imttfjeb65b2vvafvkh4e/rtyyy.htm/,1,OpenPhish,2026-04-26T09:17:34+00:00,https://ipfs.io/ipfs/bafybeihjv4wi4umloi2auma7l6jst3eksds34imttfjeb65b2vvafvkh4e/rtyyy.htm/,200,,urlopen,17,16,0.4136363636,0.0875,0.475,0.2,0,0.1318681319,0.8406940617,1,0.3,0.2083333333,0,0,1,0,0,0,0,0.09444444444,0.06153846154,0,1,1,0.125,0,0.25,0.5,0.54375,0,0,0,0.6,0.2,0,0,0.17703,0.1813546875,0.0649625,0.16765,0.26685,0.305925,0.20633,0.2409625,0.0625,0.2
https://anchal-pal.github.io/netflix-clone/,1,OpenPhish,2026-04-26T09:17:34+00:00,https://anchal-pal.github.io/netflix-clone/,200,,urlopen,8,48,0.1954545455,0.25,0.09375,0.2,0.1666666667,0,0.7539527883,1,0.1,0.25,0,0.3333333333,1,0,0,0,0,0.04444444444,0.1846153846,0,0,0.08695652174,0,0,0,0,0,0,0,0,0.04347826087,0.9565217391,0,1,0.0494685,0.07735177679,0,0,0.04887495652,0.244776,0.05607704,0.21175,0.02083333333,0.06666666667
https://asyncprabh.github.io/Netflix-Clone/,1,OpenPhish,2026-04-26T09:17:34+00:00,https://asyncprabh.github.io/Netflix-Clone/,200,,urlopen,10,15,0.1954545455,0.25,0.09375,0.2,0.08333333333,0,0.8026199131,1,0.1,0.2083333333,0,0.4,1,0,0,0,0,0.05555555556,0.05769230769,0,0,0.2,0,0,0,0,0,0,0,0,0,1,0,0,0.1073025,0.1301946792,0,0.0665225,0.07065625,0.2691975,0.108216875,0.21547375,0.1333333333,0.06666666667
https://www.streamcami.net/,1,OpenPhish,2026-04-26T09:17:35+00:00,https://www.streamcami.net/,200,,urlopen,9,25,0.1227272727,0.225,0.00625,0.2,0,0,0.6792739903,1,0,0.125,0,0,1,0,0,0,0,0.05,0.09615384615,1,0,0.5,0,0,0,0,0,0,0,0,0.3333333333,0.3333333333,1,0.3333333333,0.1239576923,0.1985705401,0,0,0.1750850962,0.2955663462,0.1453887574,0.2409625,0.04,0.1
https://akash-muddhana.github.io/Amazon-clone/,1,OpenPhish,2026-04-26T09:17:34+00:00,https://akash-muddhana.github.io/Amazon-clone/,200,,urlopen,5,4,0.2090909091,0.3,0.0875,0.2,0.1666666667,0,0.7834369447,1,0.1,0.25,0,0.1666666667,1,0,0,0,0,0.02777777778,0.01538461538,0,0,0,0,0,0,0,0,0,0,0,1,0,0,0,0.0313875,0.0335405,0,0.03635,0.0386375,0.0386375,0.0340875,0.0113625,0,0.03333333333
https://mansi-html.github.io/online-store-clone/,1,OpenPhish,2026-04-26T09:17:34+00:00,https://mansi-html.github.io/online-store-clone/,200,,urlopen,3,2,0.2181818182,0.25,0.125,0.2,0.25,0,0.7450534926,1,0.1,0.2916666667,0,0.1428571429,1,0,0,0,0,0.01666666667,0.007692307692,0,0,0,0,0,0,0,0,0,0,0,0,0,0,0,0.032175,0.03327875,0,0.0373625,0,0.0373625,0.032825,0.009075,0,0
https://netflixclone-git-main-alstonchan.vercel.app/,1,OpenPhish,2026-04-26T09:17:34+00:00,https://netflixclone-git-main-alstonchan.vercel.app/,200,,urlopen,5,33,0.2363636364,0.5375,0.00625,0.2,0.25,0,0.7602417723,1,0,0.25,0,0,1,0,0,0,0,0.02777777778,0.1269230769,0,0,0,0,0,0,0,0,0,0,0,0.8125,0.1875,1,0,0.04989705882,0.06513038591,0,0,0.04179411765,0.2453382353,0.05376730104,0.2035441176,0.0303030303,0.03333333333
https://allhrgroup.com/s/63BZGFSVBWSFCDX7Y9/584dd8/90eab167-7429-489f-99f6-ce86e8d0d81a,1,OpenPhish,2026-04-26T09:17:35+00:00,https://allhrgroup.com/s/63BZGFSVBWSFCDX7Y9/584dd8/90eab167-7429-489f-99f6-ce86e8d0d81a,200,,urlopen,14,16,0.3954545455,0.175,0.40625,0.1,0.3333333333,0.3333333333,0.9257830912,1,0.4,0.375,0,0,1,0,0,0,0,0.07777777778,0.06153846154,0,0,1,0.125,0,0.125,0.125,0.16875,0,0,0,0.6666666667,0.3333333333,0,1,0.109228125,0.1046945871,0.05264375,0.089696875,0.26130625,0.28550625,0.1295114583,0.2328625,0.0625,0.06666666667
https://abhishek040906.github.io/img/,1,OpenPhish,2026-04-26T09:17:34+00:00,https://abhishek040906.github.io/img/,200,,urlopen,11,32,0.1681818182,0.3,0.03125,0.2,0,0.1621621622,0.7431941009,1,0.1,0.1666666667,0,0.25,1,0,0,0,0,0.06111111111,0.1230769231,0,1,0.1,0,0,0,0,0,0,0,0,0,0.6666666667,0,0,0.08726029412,0.1096653456,0,0.05409852941,0.05597801471,0.2428867647,0.110196237,0.1978632353,0,0.1333333333
https://adhil-max.github.io/netflix-clone-project/,1,OpenPhish,2026-04-26T09:17:34+00:00,https://adhil-max.github.io/netflix-clone-project/,200,,urlopen,9,26,0.2272727273,0.2375,0.14375,0.2,0.25,0,0.7956681146,1,0.1,0.2916666667,0,0.2857142857,1,0,0,0,0,0.05,0.1,0,0,0,0,0,0,0,0,0,0,0,0,1,0,1,0.0947390625,0.1333750856,0,0.0616625,0.05129375,0.2643375,0.09261640625,0.21304375,0.1153846154,0.03333333333
https://login.facilities-communications.com/s/63BZGFSVBWSFCDX7Y9/584dd8/90eab167-7429-489f-99f6-ce86e8d0d81a,1,OpenPhish,2026-04-26T09:17:35+00:00,https://login.facilities-communications.com/s/63BZGFSVBWSFCDX7Y9/584dd8/90eab167-7429-489f-99f6-ce86e8d0d81a,200,,urlopen,14,16,0.4909090909,0.4375,0.40625,0.2,0.4166666667,0.2685185185,0.9267593127,1,0.4,0.4583333333,0.09090909091,0,1,0,0,0,0,0.07777777778,0.06153846154,0,0,1,0.125,0,0.125,0.125,0.16875,0,0,0,0.6666666667,0.3333333333,0,1,0.109228125,0.1046945871,0.05264375,0.089696875,0.26130625,0.28550625,0.1295114583,0.2328625,0.0625,0.06666666667
https://ayushi3003.github.io/netflixclo/,1,OpenPhish,2026-04-26T09:17:34+00:00,https://ayushi3003.github.io/netflixclo/,200,,urlopen,9,43,0.1818181818,0.25,0.075,0.2,0,0.1,0.7732828922,1,0.1,0.1666666667,0,0.25,1,0,0,0,0,0.05,0.1653846154,1,0,0,0,0,0,0,0,0,0,0,0,0.2105263158,0,0,0.0588703125,0.08085021875,0,0.04664375,0.043784375,0.24931875,0.06089153646,0.21175,0.04651162791,0.03333333333
https://pc1380.ecardalert.com/s/63BZGFSVBWSFCDX7Y9/584dd8/90eab167-7429-489f-99f6-ce86e8d0d81a,1,OpenPhish,2026-04-26T09:17:35+00:00,https://pc1380.ecardalert.com/s/63BZGFSVBWSFCDX7Y9/584dd8/90eab167-7429-489f-99f6-ce86e8d0d81a,200,,urlopen,14,16,0.4272727273,0.2625,0.40625,0.2,0.3333333333,0.3510638298,0.90612495,1,0.4,0.4166666667,0,0,1,0,0,0,0,0.07777777778,0.06153846154,0,0,1,0.125,0,0.125,0.125,0.16875,0,0,0,0.6666666667,0.3333333333,0,1,0.109228125,0.1046945871,0.05264375,0.089696875,0.26130625,0.28550625,0.1295114583,0.2328625,0.0625,0.06666666667
https://135461223.site/zh-cn/458/8383ea4e-5dc8-44fb-8782-b4e722363630/718521/x,1,OpenPhish,2026-04-26T09:17:35+00:00,https://135461223.site/zh-cn/458/8383ea4e-5dc8-44fb-8782-b4e722363630/718521/x,200,,urlopen,10,18,0.3545454545,0.175,0.35,0.1,0.4166666667,0.5256410256,0.7981656567,1,0.5,0.4583333333,0,0,1,0,0,0,0,0.05555555556,0.06923076923,1,0,0.25,0,0,0.5,0.5,0.5,0.5,0,0,0.4285714286,0.1428571429,1,0,0.1308681818,0.1607884889,0,0.1772670455,0.07959289773,0.2786045455,0.1277633264,0.2201772727,0.1666666667,0.06666666667
https://135461223.site/pl/479/045f9361-816c-4968-998a-4b769c213d3f/729727/x,1,OpenPhish,2026-04-26T09:17:35+00:00,https://135461223.site/pl/479/045f9361-816c-4968-998a-4b769c213d3f/729727/x,200,,urlopen,10,18,0.3409090909,0.175,0.33125,0.1,0.3333333333,0.5733333333,0.8016747031,1,0.5,0.4166666667,0,0,1,0,0,0,0,0.05555555556,0.06923076923,1,0,0.25,0,0,0.5,0.5,0.5,0.5,0,0,0.4285714286,0.1428571429,1,0,0.1308681818,0.1607884889,0,0.1772670455,0.07959289773,0.2786045455,0.1277633264,0.2201772727,0.1666666667,0.06666666667
https://michelbranche.github.io/Netflix-Mockup/,1,OpenPhish,2026-04-26T09:17:35+00:00,https://michelbranche.github.io/Netflix-Mockup/,200,,urlopen,8,54,0.2136363636,0.2875,0.1,0.2,0.08333333333,0,0.8029241819,1,0.1,0.2083333333,0,0.4,1,0,0,0,0,0.04444444444,0.2076923077,0,0,0.03846153846,0,0,0,0,0,0,0,0,0.07692307692,0.9230769231,0,1,0.04970491071,0.08770447824,0,0,0.05076198489,0.2824566964,0.0570549426,0.2494683036,0.01851851852,0.06666666667
https://roblox.com.et/communities/355927512960/4LC_RIVALS,1,OpenPhish,2026-04-26T09:17:39+00:00,https://roblox.com.et/communities/355927512960/4LC_RIVALS,200,,urlopen,11,250,0.2590909091,0.1625,0.225,0.2,0,0.2280701754,0.8910855353,1,0.3,0.2916666667,0,0,1,0,0,0,0,0.06111111111,0.9615384615,1,0,0.9652173913,0,0,0,0,0,0,0,0,0.9193548387,0.008064516129,0,0.1,0.2233741071,0.2853282714,0,0.1000410714,0.3022216227,0.3114455357,0.2824596514,0.2409625,0,0.1
https://roblox.com.ge/users/4091258055/profile,1,OpenPhish,2026-04-26T09:17:37+00:00,https://roblox.com.ge/users/4091258055/profile,200,,urlopen,11,277,0.2090909091,0.1625,0.15625,0.2,0,0.2173913043,0.8120737529,1,0.3,0.25,0,0,1,0,0,0,0,0.06111111111,1,0.7777777778,0.2222222222,0.9534883721,0,0,0,0,0,0,0,0,0.9130434783,0.02173913043,0,0.1818181818,0.2252128597,0.2886595818,0,0.1004944245,0.2981745378,0.3110746712,0.2851188648,0.240364959,0,0.1
https://ipfs.io/ipfs/bafkreidtim6v5iavxgb4xgtrb536cbezh46qz7o77cew7qog6o4w5g5kzm/,1,OpenPhish,2026-04-26T09:17:35+00:00,https://ipfs.io/ipfs/bafkreidtim6v5iavxgb4xgtrb536cbezh46qz7o77cew7qog6o4w5g5kzm/,200,,urlopen,15,14,0.3681818182,0.0875,0.4125,0.1,0,0.1975308642,0.8571921655,1,0.2,0.125,0,0,1,0,0,0,0,0.08333333333,0.05384615385,0,0,1,0,0,0.1666666667,0.1666666667,0.1666666667,0,0,0.25,0.25,0.5,0,0,0.14218875,0.1542802147,0,0.1102241667,0.258944375,0.449435,0.16971225,0.37299,0.2142857143,0.1333333333
https://roblox.mq/users/3559861236/profile,1,OpenPhish,2026-04-26T09:17:39+00:00,https://roblox.mq/users/3559861236/profile,200,,urlopen,11,295,0.1909090909,0.1125,0.15625,0.1,0,0.2380952381,0.8078053194,1,0.3,0.2083333333,0,0,1,0,0,0,0,0.06111111111,1,0.4666666667,0.5333333333,0.9545454545,0,0,0,0,0,0,0,0,0.8571428571,0.04081632653,0,0.1176470588,0.2229331926,0.2871779559,0,0.09946706081,0.2957534168,0.3099921304,0.2831064766,0.2397961,0,0.1
https://robiox.com.af/communities/9045768761/,1,OpenPhish,2026-04-26T09:17:37+00:00,https://robiox.com.af/communities/9045768761/,200,,urlopen,11,250,0.2045454545,0.1625,0.15,0.2,0,0.2222222222,0.8212488338,1,0.2,0.2083333333,0,0,1,0,0,0,0,0.06111111111,0.9615384615,1,0,0.9652173913,0,0,0,0,0,0,0,0,0.9193548387,0.008064516129,0,0.1,0.2233741071,0.2853282714,0,0.1000410714,0.3022216227,0.3114455357,0.2824596514,0.2409625,0,0.1
https://roblox.com.ge/users/9867795875/profile,1,OpenPhish,2026-04-26T09:17:37+00:00,https://roblox.com.ge/users/9867795875/profile,200,,urlopen,11,277,0.2090909091,0.1625,0.15625,0.2,0,0.2173913043,0.7962634763,1,0.3,0.25,0,0,1,0,0,0,0,0.06111111111,1,0.7777777778,0.2222222222,0.9534883721,0,0,0,0,0,0,0,0,0.9130434783,0.02173913043,0,0.1818181818,0.2252128597,0.2886595818,0,0.1004944245,0.2981745378,0.3110746712,0.2851188648,0.240364959,0,0.1
https://gowtham9384.github.io/Netfilx_Clone/,1,OpenPhish,2026-04-26T09:17:35+00:00,https://gowtham9384.github.io/Netfilx_Clone/,200,,urlopen,10,135,0.2,0.2625,0.09375,0.2,0,0.09090909091,0.8195896208,1,0.1,0.2083333333,0,0.2,1,0,0,0,0,0.05555555556,0.5192307692,1,0,0.01639344262,0,0,0,0,0,0,0,0,0.0303030303,0.8939393939,0,0,0.03802663043,0.05957823417,0,0.03755326087,0.04318933535,0.2802016304,0.045463839,0.2517233696,0.007407407407,0.06666666667
https://ayush-ad-14.github.io/Project-1/,1,OpenPhish,2026-04-26T09:17:35+00:00,https://ayush-ad-14.github.io/Project-1/,200,,urlopen,9,52,0.1818181818,0.2625,0.06875,0.2,0.25,0.075,0.7880334036,1,0.1,0.25,0,0.1666666667,1,0,0,0,0,0.05,0.2,0,0,0,0,0,0,0,0,0,0,0,0,1,0,1,0.06563405172,0.106102055,0,0.04940775862,0.04516637931,0.2520827586,0.06669735434,0.21175,0.05769230769,0.03333333333
https://roblox.com.ge/games/16355564772/Rentable-Apartment?privateServerLinkCode=53378460353582683397159241646845,1,OpenPhish,2026-04-26T09:17:38+00:00,https://roblox.com.ge/games/16355564772/Rentable-Apartment?privateServerLinkCode=53378460353582683397159241646845,200,,urlopen,11,260,0.5136363636,0.1625,0.23125,0.2,0.08333333333,0.3805309735,0.9024561615,1,0.3,0.375,0,0,1,0,0,0,0,0.06111111111,1,1,0,0.9666666667,0,0,0,0,0,0,0,0,0.9224806202,0.007751937984,0,0.3076923077,0.224406584,0.2865214648,0,0.1003925573,0.3027816953,0.3116212786,0.2837444088,0.2409625,0,0.1
https://roblox.com.ge/users/7710732844/profile,1,OpenPhish,2026-04-26T09:17:37+00:00,https://roblox.com.ge/users/7710732844/profile,200,,urlopen,11,277,0.2090909091,0.1625,0.15625,0.2,0,0.2173913043,0.8120737529,1,0.3,0.25,0,0,1,0,0,0,0,0.06111111111,1,0.7777777778,0.2222222222,0.9534883721,0,0,0,0,0,0,0,0,0.9130434783,0.02173913043,0,0.1818181818,0.2252128597,0.2886595818,0,0.1004944245,0.2981745378,0.3110746712,0.2851188648,0.240364959,0,0.1
https://verifypass.pw/s/63BZGFSVBWSFCDX7Y9/584dd8/90eab167-7429-489f-99f6-ce86e8d0d81a,1,OpenPhish,2026-04-26T09:17:36+00:00,https://verifypass.pw/s/63BZGFSVBWSFCDX7Y9/584dd8/90eab167-7429-489f-99f6-ce86e8d0d81a,200,,urlopen,14,16,0.3909090909,0.1625,0.40625,0.1,0.3333333333,0.3372093023,0.9098414511,1,0.4,0.375,0,0,1,0,0,0,0,0.07777777778,0.06153846154,0,0,1,0.125,0,0.125,0.125,0.16875,0,0,0,0.6666666667,0.3333333333,0,1,0.109228125,0.1046945871,0.05264375,0.089696875,0.26130625,0.28550625,0.1295114583,0.2328625,0.0625,0.06666666667
https://roblox.com.ge/users/9448591933/profile,1,OpenPhish,2026-04-26T09:17:37+00:00,https://roblox.com.ge/users/9448591933/profile,200,,urlopen,11,277,0.2090909091,0.1625,0.15625,0.2,0,0.2173913043,0.8041686146,1,0.3,0.25,0,0,1,0,0,0,0,0.06111111111,1,0.7777777778,0.2222222222,0.9534883721,0,0,0,0,0,0,0,0,0.9130434783,0.02173913043,0,0.1818181818,0.2252128597,0.2886595818,0,0.1004944245,0.2981745378,0.3110746712,0.2851188648,0.240364959,0,0.1
https://roblox.net.pk/games/109983668079237/Steal-a-Brainrot?privateServerLinkCode=04080319816982537738182349224808,1,OpenPhish,2026-04-26T09:17:38+00:00,https://roblox.net.pk/games/109983668079237/Steal-a-Brainrot?privateServerLinkCode=04080319816982537738182349224808,200,,urlopen,11,260,0.5227272727,0.1625,0.24375,0.2,0.1666666667,0.4086956522,0.8931198616,1,0.3,0.375,0,0,1,0,0,0,0,0.06111111111,1,1,0,0.9666666667,0,0,0,0,0,0,0,0,0.9224806202,0.007751937984,0,0.3076923077,0.224406584,0.2865214648,0,0.1003925573,0.3027816953,0.3116212786,0.2837444088,0.2409625,0,0.1
https://roblox.com.ge/users/1119602805/profile,1,OpenPhish,2026-04-26T09:17:39+00:00,https://roblox.com.ge/users/1119602805/profile,200,,urlopen,11,277,0.2090909091,0.1625,0.15625,0.2,0,0.2173913043,0.8120737529,1,0.3,0.25,0,0,1,0,0,0,0,0.06111111111,1,0.7777777778,0.2222222222,0.9534883721,0,0,0,0,0,0,0,0,0.9130434783,0.02173913043,0,0.1818181818,0.2252128597,0.2886595818,0,0.1004944245,0.2981745378,0.3110746712,0.2851188648,0.240364959,0,0.1
https://www.robiox.com.py/users/377169018736/profile,1,OpenPhish,2026-04-26T09:17:36+00:00,https://www.robiox.com.py/users/377169018736/profile,200,,urlopen,12,303,0.2363636364,0.2125,0.16875,0.3,0,0.2307692308,0.826167482,1,0.3,0.2916666667,0,0,1,0,0,0,0,0.06666666667,1,0,1,0.9926470588,0,0,0,0,0,0,0,0,0.8609271523,0.03973509934,0,0.1176470588,0.2394777138,0.3053245554,0,0.1049868421,0.3078227811,0.3139184211,0.3043445291,0.2409625,0,0.1333333333
https://roblox.com.ge/users/6738369441/profile,1,OpenPhish,2026-04-26T09:17:38+00:00,https://roblox.com.ge/users/6738369441/profile,200,,urlopen,11,277,0.2090909091,0.1625,0.15625,0.2,0,0.2173913043,0.815057498,1,0.3,0.25,0,0,1,0,0,0,0,0.06111111111,1,0.7777777778,0.2222222222,0.9534883721,0,0,0,0,0,0,0,0,0.9130434783,0.02173913043,0,0.1818181818,0.2252128597,0.2886595818,0,0.1004944245,0.2981745378,0.3110746712,0.2851188648,0.240364959,0,0.1
https://netflix-clone-k25l.vercel.app/,1,OpenPhish,2026-04-26T09:17:35+00:00,https://netflix-clone-k25l.vercel.app/,200,,urlopen,11,43,0.1727272727,0.3625,0.00625,0.2,0.1666666667,0.05263157895,0.7710841292,1,0,0.2083333333,0,0.2,1,0,0,0,0,0.06111111111,0.1653846154,1,0,0.8,0,0,0,0,0,0,0,0,0,0.25,1,0,0.07340869565,0.09908491931,0,0.05149347826,0.1139392391,0.2541684783,0.0792463138,0.2079592391,0.04651162791,0.1
https://roblox.com.ge/games/73956553001240/UPD-Volleyball-Legends?privateServerLinkCode=67551875787232539428103914657607,1,OpenPhish,2026-04-26T09:17:37+00:00,https://roblox.com.ge/games/73956553001240/UPD-Volleyball-Legends?privateServerLinkCode=67551875787232539428103914657607,200,,urlopen,11,260,0.5454545455,0.1625,0.275,0.2,0.1666666667,0.3833333333,0.9292631017,1,0.3,0.4166666667,0,0,1,0,0,0,0,0.06111111111,1,1,0,0.9666666667,0,0,0,0,0,0,0,0,0.9224806202,0.007751937984,0,0.3076923077,0.224406584,0.2865214648,0,0.1003925573,0.3027816953,0.3116212786,0.2837444088,0.2409625,0,0.1
https://adityahiremath449.github.io/netflix-clone/,1,OpenPhish,2026-04-26T09:17:35+00:00,https://adityahiremath449.github.io/netflix-clone/,200,,urlopen,8,7,0.2272727273,0.3375,0.09375,0.2,0.08333333333,0.06,0.79841316,1,0.1,0.2083333333,0,0.4,1,0,0,0,0,0.04444444444,0.02692307692,0,0,0,0,0,0,0,0,0,0,0,0,1,0,0,0.14604375,0.1535894802,0,0.0836,0.0622625,0.286275,0.1460895833,0.2240125,0.2857142857,0.03333333333
https://ipfs.io/ipfs/QmZcBAKpQ9j99XkBExQnmgvxDpCvBgz8i8UpyjYtFdjjdR/nbs.htm,1,OpenPhish,2026-04-26T09:17:35+00:00,https://ipfs.io/ipfs/QmZcBAKpQ9j99XkBExQnmgvxDpCvBgz8i8UpyjYtFdjjdR/nbs.htm,200,,urlopen,18,18,0.3409090909,0.0875,0.375,0.2,0,0.06666666667,0.8994483304,1,0.3,0.2083333333,0,0,1,0,0,0,0,0.1,0.06923076923,0,1,0.8,0.125,0,0.25,0.5,0.54375,0,0,0,0.8333333333,0,0,0,0.1766556818,0.1819819258,0.06468636364,0.1670977273,0.2574563636,0.3056488636,0.2073109504,0.2409625,0.05555555556,0.2
https://discreetencryption.com/s/63BZGFSVBWSFCDX7Y9/584dd8/90eab167-7429-489f-99f6-ce86e8d0d81a,1,OpenPhish,2026-04-26T09:17:36+00:00,https://discreetencryption.com/s/63BZGFSVBWSFCDX7Y9/584dd8/90eab167-7429-489f-99f6-ce86e8d0d81a,200,,urlopen,14,16,0.4318181818,0.275,0.40625,0.1,0.3333333333,0.3052631579,0.9190868513,1,0.4,0.375,0,0,1,0,0,0,0,0.07777777778,0.06153846154,0,0,1,0.125,0,0.125,0.125,0.16875,0,0,0,0.6666666667,0.3333333333,0,1,0.109228125,0.1046945871,0.05264375,0.089696875,0.26130625,0.28550625,0.1295114583,0.2328625,0.0625,0.06666666667
https://roblox.com.ge/users/769766447/profile,1,OpenPhish,2026-04-26T09:17:37+00:00,https://roblox.com.ge/users/769766447/profile,200,,urlopen,11,277,0.2045454545,0.1625,0.15,0.2,0,0.2,0.7828255004,1,0.3,0.25,0,0,1,0,0,0,0,0.06111111111,1,0.7777777778,0.2222222222,0.9534883721,0,0,0,0,0,0,0,0,0.9130434783,0.02173913043,0,0.1818181818,0.2252128597,0.2886595818,0,0.1004944245,0.2981745378,0.3110746712,0.2851188648,0.240364959,0,0.1
https://roblox.com.ge/users/4702063413/profile,1,OpenPhish,2026-04-26T09:17:39+00:00,https://roblox.com.ge/users/4702063413/profile,200,,urlopen,11,277,0.2090909091,0.1625,0.15625,0.2,0,0.2173913043,0.815057498,1,0.3,0.25,0,0,1,0,0,0,0,0.06111111111,1,0.7777777778,0.2222222222,0.9534883721,0,0,0,0,0,0,0,0,0.9130434783,0.02173913043,0,0.1818181818,0.2252128597,0.2886595818,0,0.1004944245,0.2981745378,0.3110746712,0.2851188648,0.240364959,0,0.1
https://robiox.com.af/games/126884695634066/Grow-a-Garden?privateServerLinkCode=75951990659327571657650018749347,1,OpenPhish,2026-04-26T09:17:38+00:00,https://robiox.com.af/games/126884695634066/Grow-a-Garden?privateServerLinkCode=75951990659327571657650018749347,200,,urlopen,11,260,0.5090909091,0.1625,0.225,0.2,0.1666666667,0.4196428571,0.9072803496,1,0.3,0.375,0,0,1,0,0,0,0,0.06111111111,1,1,0,0.9666666667,0,0,0,0,0,0,0,0,0.9224806202,0.007751937984,0,0.3076923077,0.224406584,0.2865214648,0,0.1003925573,0.3027816953,0.3116212786,0.2837444088,0.2409625,0,0.1
https://robiox.com.af/games/102168567330694/Character-Talk?privateServerLinkCode=62583343838870495819073944005911,1,OpenPhish,2026-04-26T09:17:39+00:00,https://robiox.com.af/games/102168567330694/Character-Talk?privateServerLinkCode=62583343838870495819073944005911,200,,urlopen,11,260,0.5136363636,0.1625,0.23125,0.2,0.08333333333,0.4159292035,0.9099461406,1,0.3,0.375,0,0,1,0,0,0,0,0.06111111111,1,1,0,0.9666666667,0,0,0,0,0,0,0,0,0.9224806202,0.007751937984,0,0.3076923077,0.224406584,0.2865214648,0,0.1003925573,0.3027816953,0.3116212786,0.2837444088,0.2409625,0,0.1
https://verificarmail61.webcindario.com/,1,OpenPhish,2026-04-26T09:17:36+00:00,https://verificarmail61.webcindario.com/,200,,urlopen,18,28,0.1818181818,0.3875,0.00625,0.2,0,0.05,0.7829451514,1,0,0.125,0,0,1,0,0,0,0,0.1,0.1076923077,0,0,0.7777777778,0.375,0,0.6666666667,0.6666666667,0.7979166667,0.7979166667,0,0.1111111111,0.5555555556,0.3333333333,1,1,0.1727015625,0.18623523,0.06439296875,0.2229776042,0.2163513021,0.4551429688,0.1937380859,0.39075,0.1785714286,0.2
https://roblox.gf/games/85624299453503/Ro63-Classic?privateServerLinkCode=48881275122524132810139051512659,1,OpenPhish,2026-04-26T09:17:39+00:00,https://roblox.gf/games/85624299453503/Ro63-Classic?privateServerLinkCode=48881275122524132810139051512659,200,,urlopen,11,260,0.4818181818,0.1125,0.2125,0.1,0.08333333333,0.4528301887,0.9010207278,1,0.3,0.3333333333,0,0,1,0,0,0,0,0.06111111111,1,1,0,0.9666666667,0,0,0,0,0,0,0,0,0.9224806202,0.007751937984,0,0.3076923077,0.224406584,0.2865214648,0,0.1003925573,0.3027816953,0.3116212786,0.2837444088,0.2409625,0,0.1
https://your-blockfi.webflow.io/,1,OpenPhish,2026-04-26T09:17:35+00:00,https://your-blockfi.webflow.io/,200,,urlopen,6,6,0.1454545455,0.2875,0.00625,0.2,0.08333333333,0,0.7570745028,1,0,0.1666666667,0,0,1,0,0,0,0,0.03333333333,0.02307692308,0,0,1,0,0,0,0,0,0,0,0,0.6666666667,0.3333333333,0,1,0.210825,0.2916130435,0,0,0.27565,0.30795,0.27565,0.08475,0,0.06666666667
https://halgergg.github.io/ser/,1,OpenPhish,2026-04-26T09:17:35+00:00,https://halgergg.github.io/ser/,200,,urlopen,12,515,0.1409090909,0.225,0.03125,0.2,0,0,0.6924944904,1,0.1,0.1666666667,0,0.25,1,0,0,0,0,0.06666666667,1,0.0119760479,0.9880239521,0,0,0,0,0,0,0,0,0,0.07392996109,0.2762645914,0,0.04571428571,0.1441896802,0.1930650433,0,0,0.05705087209,0.2524258721,0.182027329,0.195375,0,0.1333333333
https://google.com,0,Tranco_Top_List,2026-04-26T13:12:11+00:00,https://www.google.com/,200,,urlopen,23,51,0.08181818182,0.125,0,0.1,0,0,0.6495329548,1,0,0.08333333333,0,0.5,1,0,0,0,0,0.1277777778,0.1961538462,0.875,0.125,0.3333333333,0.125,0,0,0,0.04375,0,0,0,0.1052631579,0.1052631579,0,0,0.05146330645,0.0543190445,0.04177298387,0.04262096774,0.1220938172,0.2827354839,0.06215896202,0.2491895161,0,0.1333333333
https://naver.com,0,Tranco_Top_List,2026-04-26T13:12:11+00:00,https://www.naver.com/,200,,urlopen,20,31,0.07727272727,0.1125,0,0.1,0,0,0.7003943134,1,0,0.08333333333,0,0.5,1,0,0,0,0,0.1111111111,0.1192307692,0,0,1,0.125,0,0,0,0.04375,0,0,0,1,0,0,1,0.1026929348,0.09825773392,0.05087554348,0.06082608696,0.2918380435,0.2918380435,0.1303068762,0.2409625,0,0.06666666667
https://daum.net,0,Tranco_Top_List,2026-04-26T13:12:11+00:00,https://www.daum.net/,200,,urlopen,7,12,0.07272727273,0.1,0,0.1,0,0,0.650512642,1,0,0.08333333333,0,0,1,0,0,0,0,0.03888888889,0.04615384615,0,0,1,0,0,0,0,0,0,0,0,1,0,0,0,0.250425,0.31605,0,0,0.31605,0.31605,0.31605,0,0,0.1
https://kakao.com,0,Tranco_Top_List,2026-04-26T13:12:11+00:00,https://www.kakaocorp.com/page/,200,,urlopen,20,258,0.07727272727,0.1125,0,0.1,0,0,0.6362231904,1,0,0.08333333333,0,0.5,1,0,0,1,0.2,0.1111111111,0.9923076923,0.8113207547,0.1886792453,0.8095238095,0.125,0,0,0,0.04375,0.04375,0,0.007874015748,0.05511811024,0.1023622047,1,0.01851851852,0.07660903846,0.1006526157,0.04551471154,0.05010442308,0.1503476877,0.4362647115,0.09663359172,0.39075,0.01162790698,0.2333333333
https://youtube.com,0,Tranco_Top_List,2026-04-26T13:12:11+00:00,https://www.youtube.com/,200,,urlopen,3,8,0.08636363636,0.1375,0,0.1,0,0,0.6694328732,1,0,0.08333333333,0,0,1,0,0,0,0,0.01666666667,0.03076923077,0,0,0,0,0,0,0,0,0,0,0,1,0,0,0,0.0298125,0.037625,0,0,0.037625,0.037625,0.037625,0,0,0.03333333333
https://apple.com,0,Tranco_Top_List,2026-04-26T13:12:11+00:00,https://www.apple.com/,200,,urlopen,16,538,0.07727272727,0.1125,0,0.1,0,0,0.6495399016,1,0,0.08333333333,0,0.5,1,0,0,0,0,0.08888888889,1,0.9923076923,0.007692307692,0.2666666667,0.125,0,0,0,0.04375,0,0,0,0.04905660377,0.4603773585,0,0.07142857143,0.04089044118,0.04651464636,0.03953460478,0.03814420956,0.06211127145,0.2349096048,0.05139419165,0.2058403952,0,0.1
https://www.google.com,0,Manual_Normal_Seed,2026-04-26T13:12:11+00:00,https://www.google.com,200,,urlopen,23,51,0.1,0.175,0,0.2,0,0,0.6660968645,1,0,0.125,0,0.3333333333,1,0,0,0,0,0.1277777778,0.1961538462,0.875,0.125,0.3333333333,0.125,0,0,0,0.04375,0,0,0,0.1052631579,0.1052631579,0,0,0.05146330645,0.0543190445,0.04177298387,0.04262096774,0.1220938172,0.2827354839,0.06215896202,0.2491895161,0,0.1333333333
https://www.youtube.com,0,User_Normal_Seed,2026-04-26T13:12:11+00:00,https://www.youtube.com,200,,urlopen,3,8,0.1045454545,0.1875,0,0.2,0,0,0.6840486165,1,0,0.125,0,0,1,0,0,0,0,0.01666666667,0.03076923077,0,0,0,0,0,0,0,0,0,0,0,1,0,0,0,0.0298125,0.037625,0,0,0.037625,0.037625,0.037625,0,0,0.03333333333
https://www.naver.com,0,User_Normal_Seed,2026-04-26T13:12:11+00:00,https://www.naver.com,200,,urlopen,20,31,0.09545454545,0.1625,0,0.2,0,0,0.7054872587,1,0,0.125,0,0.3333333333,1,0,0,0,0,0.1111111111,0.1192307692,0,0,1,0.125,0,0,0,0.04375,0,0,0,1,0,0,1,0.1026929348,0.09825773392,0.05087554348,0.06082608696,0.2918380435,0.2918380435,0.1303068762,0.2409625,0,0.06666666667
https://www.daum.net,0,User_Normal_Seed,2026-04-26T13:12:11+00:00,https://www.daum.net,200,,urlopen,7,12,0.09090909091,0.15,0,0.2,0,0,0.6629889718,1,0,0.125,0,0,1,0,0,0,0,0.03888888889,0.04615384615,0,0,1,0,0,0,0,0,0,0,0,1,0,0,0,0.250425,0.31605,0,0,0.31605,0.31605,0.31605,0,0,0.1
https://www.kakao.com,0,User_Normal_Seed,2026-04-26T13:12:11+00:00,https://www.kakaocorp.com/page/,200,,urlopen,20,258,0.09545454545,0.1625,0,0.2,0,0,0.6535392067,1,0,0.125,0,0.3333333333,1,0,0,1,0.2,0.1111111111,0.9923076923,0.8113207547,0.1886792453,0.8095238095,0.125,0,0,0,0.04375,0.04375,0,0.007874015748,0.05511811024,0.1023622047,1,0.01851851852,0.07660903846,0.1006526157,0.04551471154,0.05010442308,0.1503476877,0.4362647115,0.09663359172,0.39075,0.01162790698,0.2333333333
https://www.apple.com,0,User_Normal_Seed,2026-04-26T13:12:11+00:00,https://www.apple.com,200,,urlopen,16,538,0.09545454545,0.1625,0,0.2,0,0,0.6643194015,1,0,0.125,0,0.3333333333,1,0,0,0,0,0.08888888889,1,0.9923076923,0.007692307692,0.2666666667,0.125,0,0,0,0.04375,0,0,0,0.04905660377,0.4603773585,0,0.07142857143,0.04089044118,0.04651464636,0.03953460478,0.03814420956,0.06211127145,0.2349096048,0.05139419165,0.2058403952,0,0.1
https://www.microsoft.com,0,User_Normal_Seed,2026-04-26T13:12:11+00:00,https://www.microsoft.com,200,,urlopen,25,236,0.1136363636,0.2125,0,0.2,0,0,0.6678672163,1,0,0.125,0,0.3333333333,1,0,0,0,0,0.1388888889,0.9076923077,0.9279279279,0.07207207207,0.8,0.125,0,0,0,0.04375,0,0,0,0.03448275862,0.008620689655,0,0,0.04809044118,0.06231142882,0.04074758403,0.04057016807,0.202257584,0.281710084,0.06058892998,0.250214916,0,0.3333333333
https://www.wikipedia.org,0,User_Normal_Seed,2026-04-26T13:12:11+00:00,https://www.wikipedia.org,200,,urlopen,9,611,0.1136363636,0.2125,0,0.2,0,0,0.6933928527,1,0,0.125,0,0,1,0,0,0,0,0.05,1,1,0,0,0.125,0,0,0,0.04375,0,0,0,0.006600660066,0.003300330033,0,0,0.02990814332,0.03754191284,0.03765468241,0.03438436482,0.03765468241,0.03765468241,0.03762272491,0.00327031759,0,0.03333333333
https://www.netflix.com,0,Manual_Normal_Seed,2026-04-26T13:12:13+00:00,https://www.netflix.com/kr-en/unsupportedbrowser,200,,urlopen,4,3,0.1045454545,0.1875,0,0.2,0,0,0.7156691698,1,0,0.125,0,0.3333333333,1,0,0,0,0,0.02222222222,0.01153846154,0,0,1,0,0,0,0,0,0,0,0,1,0,0,0,0.1375875,0.1465004464,0,0,0.29731875,0.29731875,0.180015625,0.23460625,0,0.03333333333
https://www.paypal.com,0,Manual_Normal_Seed,2026-04-26T13:12:11+00:00,https://www.paypal.com/kr/home,200,,urlopen,14,155,0.1,0.175,0,0.2,0,0,0.6660968645,1,0,0.125,0,0.3333333333,1,0,0,0,0,0.07777777778,0.5961538462,0.9705882353,0.02941176471,0.7777777778,0,0,0,0,0,0,0,0.01298701299,0.09090909091,0.01298701299,0,0,0.05589086538,0.08587893595,0,0,0.2461227564,0.4328144231,0.0705174926,0.3986855769,0.01290322581,0.1666666667
https://www.instagram.com,0,User_Normal_Seed,2026-04-26T13:12:11+00:00,https://www.instagram.com,200,,urlopen,4,15,0.1136363636,0.2125,0,0.2,0,0,0.7024482163,1,0,0.125,0,0.3333333333,1,0,0,0,0,0.02222222222,0.05769230769,0,0,1,0,0,0,0,0,0,0,0,4.857142857,0.2857142857,0,0,0.222215625,0.2662530895,0,0,0.3113671875,0.3113671875,0.2837974609,0.2205578125,0,0.03333333333
https://www.linkedin.com,0,Manual_Normal_Seed,2026-04-26T13:12:11+00:00,https://www.linkedin.com,200,,urlopen,13,332,0.1090909091,0.2,0,0.2,0,0,0.7218500948,1,0,0.125,0,0,1,0,0,0,0,0.07222222222,1,0.9440993789,0.05590062112,1,0.125,0,0,0.5,0.54375,0,0,0,0.01219512195,0.006097560976,0,0.006172839506,0.04391811377,0.05716937852,0.0400501497,0.0951377994,0.2487126497,0.2729126497,0.05498750179,0.2337373503,0,0.1333333333
https://www.reddit.com,0,Manual_Normal_Seed,2026-04-26T13:12:11+00:00,https://www.reddit.com,200,,urlopen,7,6,0.1,0.175,0,0.2,0,0,0.6826257901,1,0,0.125,0,0,1,0,0,0,0,0.03888888889,0.02307692308,0,0,0,0.125,0,0,0,0.04375,0,0,0,0,0,0,0,0.0376425,0.03937747788,0.040055,0.039185,0,0.040055,0.039359,0.00087,0,0.03333333333
https://www.cloudflare.com,0,User_Normal_Seed,2026-04-26T13:12:11+00:00,https://www.cloudflare.com,200,,urlopen,24,378,0.1181818182,0.225,0,0.2,0,0,0.7374583578,1,0,0.125,0,0,1,0,0,0,0,0.1333333333,1,0.9573170732,0.04268292683,0,0.125,0,0,0,0.04375,0,0,0,0.04347826087,0.0652173913,0,0,0.03670589378,0.04487949764,0.03885259067,0.03678018135,0.03885259067,0.2342275907,0.04585282759,0.1974474093,0,0.2
https://www.ibm.com,0,Manual_Normal_Seed,2026-04-26T13:12:12+00:00,https://www.ibm.com/kr-ko,200,,urlopen,22,179,0.08636363636,0.1375,0,0.2,0,0,0.6502941173,1,0,0.125,0,0,1,0,0,0,0,0.1222222222,0.6884615385,0.9696969697,0.0303030303,0.07547169811,0,0,0,0,0,0,0,0,0.4534883721,0.1627906977,0,0,0.04196129032,0.05335810875,0,0.03865806452,0.05797738131,0.2807540323,0.05217100243,0.2420959677,0,0.2
https://www.nvidia.com,0,Manual_Normal_Seed,2026-04-26T13:12:11+00:00,https://www.nvidia.com/ko-kr/,200,,urlopen,16,668,0.1,0.175,0,0.2,0,0,0.7053934554,1,0,0.125,0,0,1,0,0,0,0,0.08888888889,1,1,0,0.04651162791,0.25,0,0,0,0.0875,0,0,0,0.0273556231,0.1276595745,0,0.04666666667,0.03129603116,0.04001630713,0.0379014095,0.03487781899,0.04910896764,0.2788639095,0.03927762153,0.2439860905,0,0.1
https://www.samsung.com,0,Manual_Normal_Seed,2026-04-26T13:12:12+00:00,https://www.samsung.com/sec/,200,,urlopen,73,451,0.1045454545,0.1875,0,0.2,0,0,0.6840486165,1,0,0.125,0,0,1,0,0,0,0,0.4055555556,1,0.8157894737,0.1842105263,0.0306122449,0.125,0,0,0.04,0.08375,0,0,0,0.1698113208,0.2924528302,0,0.40625,0.05017405462,0.06036149814,0.04125383403,0.04605966807,0.04863023709,0.282216334,0.06203496156,0.2409625,0,0.7333333333
https://www.lg.com,0,Manual_Normal_Seed,2026-04-26T13:12:11+00:00,https://www.lg.co.kr:443/,200,,urlopen,59,280,0.08181818182,0.125,0,0.2,0,0,0.6495329548,1,0,0.125,0,0,1,0,0,1,0.2,0.3277777778,1,0.6097560976,0.3902439024,0.03448275862,0,0,0,0,0,0,0,0,0.09285714286,0.3214285714,0,0.1368421053,0.07282767857,0.09800160761,0,0,0.05054368842,0.2858919643,0.0919125,0.2409625,0,0.9333333333
https://www.hyundai.com,0,User_Normal_Seed,2026-04-26T13:12:12+00:00,https://www.hyundai.com/kr/ko/e,200,,urlopen,8,8,0.1045454545,0.1875,0,0.2,0,0,0.72163666,1,0,0.125,0,0,1,0,0,0,0,0.04444444444,0.03076923077,0,0,0.75,0,0,0,0,0,0,0,0.25,0.75,0,0,0,0.235378125,0.3202444444,0,0,0.30394375,0.45065,0.30394375,0.37910625,0.375,0.1
https://www.kia.com,0,Manual_Normal_Seed,2026-04-26T13:12:11+00:00,https://www.kia.com/kr,200,,urlopen,25,410,0.08636363636,0.1375,0,0.2,0,0,0.6694328732,1,0,0.125,0,0,1,0,0,0,0,0.1388888889,1,0.9171597633,0.08284023669,0.05555555556,0,0,0,0,0,0,0,0.00487804878,0.04390243902,0.1268292683,0,0.06111111111,0.04484963415,0.06079867193,0,0,0.05772604505,0.4309284756,0.05660268293,0.39075,0.00487804878,0.3666666667
https://www.11st.co.kr,0,User_Normal_Seed,2026-04-26T13:12:11+00:00,https://www.11st.co.kr,200,,urlopen,8,16,0.1,0.175,0,0.3,0,0.09090909091,0.6433291992,1,0,0.1666666667,0,0,1,0,0,0,0,0.04444444444,0.06153846154,0,0,1,0,0,0,0,0,0,0,0.125,0.875,0,0,0,0.270478125,0.3514061581,0,0,0.3448,0.4571046875,0.3448,0.13814375,0.1875,0.1
https://www.tmon.co.kr,0,Manual_Normal_Seed,2026-04-26T13:12:11+00:00,https://www.tmon.co.kr,200,,urlopen,3,2,0.1,0.175,0,0.3,0,0,0.6598581248,1,0,0.1666666667,0,0,1,0,0,0,0,0.01666666667,0.007692307692,0,0,1,0,0,0,0,0,0,0,0,0,1,0,0,0.107325,0.13545,0,0,0.13545,0.13545,0.13545,0,0,0.03333333333
https://www.ssg.com,0,User_Normal_Seed,2026-04-26T13:12:11+00:00,https://www.ssg.com,200,,urlopen,219,886,0.08636363636,0.1375,0,0.2,0,0,0.6239315574,1,0,0.125,0,0,1,0,0,0,0,1,1,0.9822485207,0.01775147929,1,0.125,0,0,0,0.04375,0,0,0.002923976608,0.09941520468,0.4035087719,0,0.09625668449,0.07470849448,0.0709936884,0.04471436464,0.04850372928,0.208903382,0.4354643646,0.09950018035,0.39075,0.002257336343,0.2666666667
https://www.lotteon.com,0,User_Normal_Seed,2026-04-26T13:12:12+00:00,https://www.lotteon.com/p/display/main/lotteon,200,,urlopen,8,11,0.1045454545,0.1875,0,0.2,0,0,0.6524280631,1,0,0.125,0,0,1,0,0,0,0,0.04444444444,0.04230769231,0,0,0.25,0,0,0,0,0,0,0,0,1,0,0,0,0.06552321429,0.06909895553,0,0.04763214286,0.1045191964,0.2852410714,0.08013903061,0.2409625,0,0.06666666667
https://www.musinsa.com,0,Manual_Normal_Seed,2026-04-26T13:12:12+00:00,https://www.musinsa.com/main/musinsa/recommend,200,,urlopen,5,26,0.1045454545,0.1875,0,0.2,0,0,0.6840486165,1,0,0.125,0,0,1,0,0,0,0,0.02777777778,0.1,0,0,1,0,0,0,0,0,0,0,0,1,0,0,0,0.250425,0.31605,0,0,0.31605,0.31605,0.31605,0,0,0.06666666667
https://www.kurly.com,0,User_Normal_Seed,2026-04-26T13:12:12+00:00,https://www.kurly.com/main,200,,urlopen,3,30,0.09545454545,0.1625,0,0.2,0,0,0.7054872587,1,0,0.125,0,0,1,0,0,0,0,0.01666666667,0.1153846154,0,0,0,0,0,0,0,0,0,0,0,1,0,0,0,0.0298125,0.037625,0,0,0.037625,0.037625,0.037625,0,0,0.03333333333
https://www.baemin.com,0,Manual_Normal_Seed,2026-04-26T13:12:11+00:00,https://www.baemin.com,200,,urlopen,19,76,0.1,0.175,0,0.2,0,0,0.7053934554,1,0,0.125,0,0,1,0,0,0,0,0.1055555556,0.2923076923,0.3571428571,0.6428571429,0,0,0,0,0,0,0,0,0,0.1315789474,0.5,0,0.06666666667,0.07217763158,0.1000559899,0,0,0.04481907895,0.2401940789,0.09109210526,0.195375,0,0.2666666667
https://www.yanolja.com,0,Manual_Normal_Seed,2026-04-26T13:12:12+00:00,https://nol.yanolja.com:443/,200,,urlopen,10,259,0.1045454545,0.1875,0,0.2,0,0,0.7058263833,1,0,0.125,0,0,1,0,0,0,0,0.05555555556,0.9961538462,1,0,0.0243902439,0,0,0,0,0,0,0,0,0.3100775194,0.3255813953,0,0,0.03218105769,0.04117043165,0,0.03515057692,0.04200882505,0.2790002885,0.04052038683,0.2438497115,0,0.1
https://www.goodchoice.kr,0,Manual_Normal_Seed,2026-04-26T13:12:12+00:00,https://www.yeogi.com/,200,,urlopen,8,28,0.1136363636,0.2125,0,0.2,0,0,0.7024482163,1,0,0.125,0,0,1,0,0,1,0.2,0.04444444444,0.1076923077,0,0,0.1428571429,0,0,0,0,0,0,0,0.07142857143,0.8571428571,0.07142857143,0,0,0.07112410714,0.1045740554,0,0,0.0897625,0.4353901786,0.0897625,0.39075,0.07142857143,0.1
https://www.airbnb.com,0,Manual_Normal_Seed,2026-04-26T13:12:12+00:00,https://www.airbnb.com,200,,urlopen,9,105,0.1,0.175,0,0.2,0,0,0.7053934554,1,0,0.125,0,0,1,0,0,0,0,0.05,0.4038461538,1,0,0.976744186,0.125,0,0,0,0.04375,0,0,0,0.8235294118,0.01960784314,0,0.3846153846,0.2025806604,0.2592517343,0.06691108491,0.09289716981,0.3000163175,0.3072950135,0.2565245016,0.2403839286,0,0.06666666667
https://www.booking.com/,0,naver_search:제주 펜션,2026-05-21T09:10:51+00:00,https://www.booking.com/,202,,urlopen,3,2,0.1090909091,0.1875,0.00625,0.2,0,0,0.6952608902,1,0,0.125,0,0,1,0,0,0,0,0.01666666667,0.007692307692,0,0,0,0,0,0,0,0,0,0,0,1,0,0,0,0.0298125,0.037625,0,0,0.037625,0.037625,0.037625,0,0,0.03333333333
https://flyasiana.com,0,Manual_Normal_Seed,2026-04-26T13:12:12+00:00,https://flyasiana.com,200,,urlopen,4,18,0.09545454545,0.1625,0,0.1,0,0,0.7054872587,1,0,0.08333333333,0,0,1,0,0,0,0,0.02222222222,0.06923076923,0,0,0,0,0,0,0,0,0,0,0,0.7777777778,0.2222222222,0,0,0.0298125,0.037625,0,0,0.037625,0.037625,0.037625,0,0,0.03333333333
https://www.shinhan.com,0,User_Normal_Seed,2026-04-26T13:12:12+00:00,https://www.shinhan.com,200,,urlopen,3,4,0.1045454545,0.1875,0,0.2,0,0,0.6682383398,1,0,0.125,0,0,1,0,0,0,0,0.01666666667,0.01538461538,0,0,0,0,0,0,0,0,0,0,0,1,0,0,0,0.0298125,0.037625,0,0,0.037625,0.037625,0.037625,0,0,0.03333333333
https://www.wooribank.com,0,User_Normal_Seed,2026-04-26T13:12:12+00:00,https://www.wooribank.com,200,,urlopen,60,352,0.1136363636,0.2125,0,0.2,0,0,0.7079383072,1,0,0.125,0,0,1,0,0,0,0,0.3333333333,1,0.8244274809,0.1755725191,0.02631578947,0.375,0,0,0,0.13125,0,0,0,0.0650887574,0.1597633136,0,0.238372093,0.054329375,0.06589991653,0.041849375,0.04277375,0.04819049342,0.282811875,0.06819372222,0.2409625,0,0.8
https://www.hanabank.com,0,Manual_Normal_Seed,2026-04-26T13:12:12+00:00,https://www.hanabank.com,200,,urlopen,26,132,0.1090909091,0.2,0,0.2,0,0,0.6858282198,1,0,0.125,0,0,1,0,0,0,0,0.1444444444,0.5076923077,0.4117647059,0.5882352941,0.8541666667,0,0,0,0,0,0,0,0,0.1230769231,0.6153846154,0,0.9433333333,0.1210902985,0.1425756642,0,0.06040820896,0.1763990233,0.2686948022,0.1702389285,0.2180281977,0,0.3333333333
https://www.ibk.co.kr,0,User_Normal_Seed,2026-04-26T13:12:12+00:00,https://www.ibk.co.kr,200,,urlopen,26,388,0.09545454545,0.1625,0,0.3,0,0,0.6643194015,1,0,0.1666666667,0,0,1,0,0,0,0,0.1444444444,1,0.9,0.1,0,0.375,0,0,0,0.13125,0,0,0,0.05291005291,0.2063492063,0,0.2592592593,0.04278903061,0.05323161927,0.03985663265,0.03878826531,0.03985663265,0.2352316327,0.05379018638,0.1964433673,0,0.3
https://www.kakaobank.com,0,User_Normal_Seed,2026-04-26T13:12:12+00:00,https://www.kakaobank.com,200,,urlopen,16,170,0.1136363636,0.2125,0,0.2,0,0,0.6824126708,1,0,0.125,0,0,1,0,0,0,0,0.08888888889,0.6538461538,0.935483871,0.06451612903,0.04761904762,0.125,0,0,0,0.04375,0,0,0,0.1204819277,0.1325301205,0,0.08823529412,0.04092514535,0.0518051257,0.0395440407,0.0381630814,0.05101844546,0.2805065407,0.0514010242,0.2423434593,0,0.1666666667
https://www.tossbank.com,0,User_Normal_Seed,2026-04-26T13:12:12+00:00,https://www.tossbank.com,200,,urlopen,20,200,0.1090909091,0.2,0,0.2,0,0,0.6801093751,1,0,0.125,0,0,1,0,0,0,0,0.1111111111,0.7692307692,0.6779661017,0.3220338983,0.5853658537,0,0,0,0,0,0,0,0.01,0.18,0.22,0,0.1449275362,0.092052,0.1122355224,0,0,0.1403612058,0.438024125,0.1225795,0.39075,0.01,0.2666666667
https://www.bithumb.com,0,Manual_Normal_Seed,2026-04-26T13:12:12+00:00,https://www.bithumb.com/react/,200,,urlopen,5,18,0.1045454545,0.1875,0,0.2,0,0,0.6682383398,1,0,0.125,0,0,1,0,0,0,0,0.02777777778,0.06923076923,0,0,0.1111111111,0,0,0,0,0,0,0,0,0.8888888889,0.1111111111,0,0,0.038425,0.04214759036,0,0,0.04849444444,0.12375,0.04849444444,0.0846625,0,0.06666666667
https://upbit.com,0,Manual_Normal_Seed,2026-04-26T13:12:12+00:00,https://www.upbit.com/,200,,urlopen,5,6,0.07727272727,0.1125,0,0.1,0,0,0.6495399016,1,0,0.08333333333,0,0,1,0,0,0,0,0.02777777778,0.02307692308,0,0,0.3333333333,0,0,0,0,0,0,0,0,0.6666666667,0.3333333333,0,0,0.05565,0.05305543478,0,0,0.07023333333,0.126675,0.07023333333,0.0846625,0,0.06666666667
https://www.binance.com,0,Manual_Normal_Seed,2026-04-26T13:12:12+00:00,https://www.binance.com,202,,urlopen,2,1,0.1045454545,0.1875,0,0.2,0,0,0.7058263833,1,0,0.125,0,0.3333333333,1,0,0,0,0,0.01111111111,0.003846153846,0,0,0,0,0,0,0,0,0,0,0,0,0,0,0,0.02475,0.02525,0,0,0,0.02525,0.02525,0,0,0
https://www.kraken.com,0,Manual_Normal_Seed,2026-04-26T13:12:12+00:00,https://www.kraken.com,200,,urlopen,11,939,0.1,0.175,0,0.2,0,0,0.7053934554,1,0,0.125,0,0,1,0,0,0,0,0.06111111111,1,0.9785407725,0.02145922747,0,0.125,0,0,0,0.04375,0,0,0,0.1282051282,0.3739316239,0,0,0.03173625,0.04020981555,0.03795460106,0.03498420213,0.03795460106,0.2333296011,0.04002673851,0.1983453989,0,0.1
https://www.nts.go.kr,0,Manual_Normal_Seed,2026-04-26T13:12:13+00:00,https://www.nts.go.kr,200,,urlopen,35,771,0.09545454545,0.1625,0,0.3,0,0,0.6404675617,1,0,0.1666666667,0,0,1,0,0,0,0,0.1944444444,1,0.95,0.05,0.009900990099,0.25,0,0,0,0.0875,0,0,0.002624671916,0.02624671916,0.2362204724,0,0.06666666667,0.03731491624,0.04882765934,0.03891672036,0.03690844072,0.04278553224,0.4296667204,0.0469475415,0.3927582796,0.002594033722,0.4333333333
https://www.mois.go.kr,0,User_Normal_Seed,2026-04-26T13:12:12+00:00,https://www.mois.go.kr,200,,urlopen,11,10,0.1,0.175,0,0.3,0,0,0.6660968645,1,0,0.1666666667,0,0,1,0,0,0,0,0.06111111111,0.03846153846,0,1,0,0,0,0,0,0,0,0,0,0,0,0,0,0.2086875,0.263375,0,0,0,0.263375,0.263375,0,0,0.1666666667
https://www.nhis.or.kr,0,Manual_Normal_Seed,2026-04-26T13:12:12+00:00,https://www.nhis.or.kr,200,,urlopen,6,7,0.1,0.175,0,0.3,0,0,0.6495679389,1,0,0.1666666667,0,0,1,0,0,0,0,0.03333333333,0.02692307692,0,0,0,0.125,0,0,0,0.04375,0,0,0,0.5,0.5,0,0,0.032259375,0.0374528125,0.038384375,0.03584375,0.038384375,0.038384375,0.03774921875,0.002540625,0,0.03333333333
https://www.bok.or.kr,0,Manual_Normal_Seed,2026-04-26T13:12:13+00:00,https://www.bok.or.kr/portal/main/main.do,200,,urlopen,9,615,0.09545454545,0.1625,0,0.3,0,0,0.6296873669,1,0,0.1666666667,0,0,1,0,0,0,0,0.05,1,1,0,0,0.25,0,0,0,0.0875,0,0,0,0.03289473684,0.01644736842,0,0.03666666667,0.02990752427,0.03754464111,0.03765449029,0.03438398058,0.03765449029,0.03765449029,0.03762273777,0.003270509709,0,0.03333333333
https://www.fss.or.kr,0,User_Normal_Seed,2026-04-26T13:12:13+00:00,https://www.fss.or.kr/fss/main/main.do?menuNo=200000,200,,urlopen,49,815,0.09545454545,0.1625,0,0.3,0,0,0.6231515443,1,0,0.1666666667,0,0,1,0,0,0,0,0.2722222222,1,0.9730639731,0.02693602694,0,0.125,0,0,0,0.04375,0,0,0,0.02295918367,0.2193877551,0,0.01,0.03387609597,0.04119265171,0.03840956754,0.03589413507,0.03840956754,0.2337845675,0.04194049753,0.1978904325,0,0.2666666667
https://www.bbc.com,0,Manual_Normal_Seed,2026-04-26T13:12:12+00:00,https://www.bbc.com,200,,urlopen,18,841,0.08636363636,0.1375,0,0.2,0,0,0.6311553613,1,0,0.125,0,0,1,0,0,0,0,0.1,1,0.9827586207,0.01724137931,0.9923076923,0,0,0,0,0,0,0,0,0.04285714286,0.2666666667,0,0.003436426117,0.06795400831,0.08384386266,0,0.04508972684,0.1986332288,0.2839698634,0.0933881707,0.2409625,0,0.2333333333
https://www.nytimes.com,0,Manual_Normal_Seed,2026-04-26T13:12:12+00:00,https://www.nytimes.com,200,,urlopen,9,255,0.1045454545,0.1875,0,0.2,0,0,0.6840486165,1,0,0.125,0,0,1,0,0,0,0,0.05,0.9807692308,1,0,0.96875,0.125,0,0,0,0.04375,0,0,0,0.05555555556,0.1984126984,0,0.04081632653,0.06011542969,0.07433337149,0.04197558594,0.04302617188,0.1997048828,0.2633413117,0.08141611786,0.2213657258,0,0.06666666667
https://www.mk.co.kr,0,Manual_Normal_Seed,2026-04-26T13:12:12+00:00,https://www.mk.co.kr,200,,urlopen,32,826,0.09090909091,0.15,0,0.3,0,0,0.6448071536,1,0,0.1666666667,0,0,1,0,0,0,0,0.1777777778,1,0.9483394834,0.05166051661,0.01428571429,0.125,0,0,0,0.04375,0,0,0.002433090024,0.01946472019,0.3187347932,0,0.09666666667,0.03730570652,0.05016997364,0.03890407609,0.03688315217,0.04341630823,0.4296540761,0.04702707283,0.3927709239,0.002421307506,0.4333333333
https://www.hankyung.com,0,Manual_Normal_Seed,2026-04-26T13:12:13+00:00,https://www.hankyung.com,200,,urlopen,45,759,0.1090909091,0.2,0,0.2,0,0,0.7218500948,1,0,0.125,0,0,1,0,0,0,0,0.25,1,0.8776978417,0.1223021583,0.05050505051,0.125,0,0,0,0.04375,0,0,0.01061007958,0.02917771883,0.2228116711,0,0.07333333333,0.05042627953,0.07166495307,0.04109566929,0.04126633858,0.05888285363,0.4242519193,0.06385150789,0.38315625,0.01449275362,0.6
https://www.chosun.com,0,Manual_Normal_Seed,2026-04-26T13:12:12+00:00,https://www.chosun.com,200,,urlopen,17,635,0.1,0.175,0,0.2,0,0,0.6558066786,1,0,0.125,0,0,1,0,0,0,0,0.09444444444,1,0.99,0.01,0.1875,0.125,0,0,0,0.04375,0,0,0.003164556962,0.01898734177,0.02848101266,0,0,0.0340432783,0.04560304456,0.03834775943,0.03577051887,0.09288994693,0.4290977594,0.04292707629,0.3933272406,0.003149606299,0.2
https://www.joongang.co.kr,0,Manual_Normal_Seed,2026-04-26T13:12:13+00:00,https://www.joongang.co.kr,200,,urlopen,29,1129,0.1181818182,0.225,0,0.3,0,0,0.6989284627,1,0,0.1666666667,0,0,1,0,0,0,0,0.1611111111,1,0.9488054608,0.05119453925,0.01492537313,0.25,0,0,0,0.0875,0,0,0.003565062389,0.05882352941,0.4153297683,0,0.02333333333,0.03650644876,0.0494362209,0.03875198763,0.03657897527,0.04288384398,0.4295019876,0.04613068633,0.3929230124,0.001771479185,0.3333333333
https://www.donga.com,0,Manual_Normal_Seed,2026-04-26T13:12:12+00:00,https://www.donga.com,200,,urlopen,19,859,0.09545454545,0.1625,0,0.2,0,0,0.6881712414,1,0,0.125,0,0,1,0,0,0,0,0.1055555556,1,0.9899665552,0.01003344482,0.05426356589,0.125,0,0,0,0.04375,0,0,0,0.05607476636,0.2453271028,0,0.003333333333,0.03434180233,0.04598199948,0.03839732558,0.03586965116,0.05026118217,0.2793598256,0.04331368564,0.2434901744,0,0.2333333333
https://www.hani.co.kr,0,Manual_Normal_Seed,2026-04-26T13:12:13+00:00,https://www.hani.co.kr,200,,urlopen,18,624,0.1,0.175,0,0.3,0,0,0.6826257901,1,0,0.1666666667,0,0,1,0,0,0,0,0.1,1,0.9787234043,0.02127659574,0.02597402597,0,0,0,0,0,0,0,0.009615384615,0.03846153846,0.1987179487,0,0,0.03363461538,0.04311495981,0,0,0.04250293457,0.2792365385,0.04244871795,0.2409625,0,0.2333333333
https://www.khan.co.kr,0,Manual_Normal_Seed,2026-04-26T13:12:13+00:00,https://www.khan.co.kr,200,,urlopen,78,772,0.1,0.175,0,0.3,0,0,0.6660968645,1,0,0.1666666667,0,0,1,0,0,0,0,0.4333333333,1,0.8606271777,0.1393728223,0.04444444444,0.5,0,0,0,0.175,0,0,0.002652519894,0.03183023873,0.2042440318,0,0.01374570447,0.05096969309,0.06619155747,0.04125290921,0.04158081841,0.05362665921,0.4320029092,0.06409668566,0.39075,0.002590673575,1
https://www.yna.co.kr,0,Manual_Normal_Seed,2026-04-26T13:12:14+00:00,https://www.yna.co.kr,200,,urlopen,19,750,0.09545454545,0.1625,0,0.3,0,0,0.6816354188,1,0,0.1666666667,0,0,1,0,0,0,0,0.1055555556,1,0.9865771812,0.01342281879,0.03947368421,0,0,0,0,0,0,0,0,0.05080213904,0.1524064171,0,0.006666666667,0.03352769282,0.0436442997,0,0.03560139628,0.04777487577,0.2792256981,0.0422500702,0.2436243019,0,0.2333333333
https://www.weather.go.kr,0,Manual_Normal_Seed,2026-04-26T13:12:13+00:00,https://www.weather.go.kr/w/index.do,200,,urlopen,34,416,0.1136363636,0.2125,0,0.3,0,0,0.6588118527,1,0,0.1666666667,0,0,1,0,0,0,0,0.1888888889,1,0.6690647482,0.3309352518,0.07462686567,0,0,0,0,0,0,0,0.004854368932,0.286407767,0.03883495146,0,0.3738738739,0.07421357143,0.08737356288,0,0.04906892857,0.06004033814,0.2859594643,0.09491279932,0.2409625,0,0.4
https://www.accuweather.com,0,Manual_Normal_Seed,2026-04-26T13:12:13+00:00,https://www.accuweather.com,200,,urlopen,19,411,0.1227272727,0.2375,0,0.2,0,0,0.6792739903,1,0,0.125,0,0,1,0,0,0,0,0.1055555556,1,0.9435028249,0.05649717514,0.1481481481,0.125,0,0,0,0.04375,0,0,0,0.02941176471,0.1078431373,0,0,0.04282700243,0.05716081604,0.03984168689,0.03875837379,0.07553983504,0.2808041869,0.05399953489,0.2420458131,0,0.2333333333
https://www.spotify.com,0,Manual_Normal_Seed,2026-04-26T13:12:13+00:00,https://open.spotify.com/,200,,urlopen,5,12,0.1045454545,0.1875,0,0.2,0,0,0.6682383398,1,0,0.125,0,0,1,0,0,0,0,0.02777777778,0.04615384615,0,0,1,0,0,0,0,0,0,0,0,1,0,0,0,0.250425,0.31605,0,0,0.31605,0.31605,0.31605,0,0,0.06666666667
https://www.disneyplus.com,0,Manual_Normal_Seed,2026-04-26T13:12:13+00:00,https://www.disneyplus.com,200,,urlopen,8,232,0.1181818182,0.225,0,0.2,0,0,0.7321794242,1,0,0.125,0,0,1,0,0,0,0,0.04444444444,0.8923076923,1,0,0.9897959184,0,0,0,0,0,0,0,0,0.1637931034,0.6810344828,0,0.4,0.1168341595,0.1709784545,0,0,0.1649090231,0.2933647629,0.1474510776,0.2409625,0,0.1
https://www.tving.com,0,Manual_Normal_Seed,2026-04-26T13:12:13+00:00,https://www.tving.com/onboarding,200,,urlopen,25,60,0.09545454545,0.1625,0,0.2,0,0,0.6816354188,1,0,0.125,0,0,1,0,0,0,0,0.1388888889,0.2307692308,1,0,0.2380952381,0,0,0,0,0,0,0,0,0.8,0.04,0,0.2,0.064125,0.07223490332,0,0.04676428571,0.1012166667,0.2848071429,0.07910204082,0.2409625,0,0.2
https://www.wavve.com,0,Manual_Normal_Seed,2026-04-26T13:12:13+00:00,https://www.wavve.com,200,,urlopen,9,10,0.09545454545,0.1625,0,0.2,0,0,0.6600750292,1,0,0.125,0,0,1,0,0,0,0,0.05,0.03846153846,0,0,0.6,0,0,0,0,0,0,0,0,1,0,0,0,0.16218,0.20468,0,0,0.20468,0.301065,0.20468,0.2409625,0,0.1333333333
https://www.coupangeats.com,0,Manual_Normal_Seed,2026-04-26T13:12:16+00:00,https://www.coupangeats.com,200,,urlopen,13,144,0.1227272727,0.2375,0,0.2,0,0,0.7062100172,1,0,0.125,0,0,1,0,0,0,0,0.07222222222,0.5538461538,0.8571428571,0.1428571429,0.06153846154,0,0,0,0,0,0,0,0.04166666667,0.3333333333,0.5277777778,0,0.3636363636,0.0482796875,0.08386748512,0,0,0.06009805288,0.4315109375,0.06093159722,0.39075,0.04166666667,0.1666666667
https://www.notion.so,0,Manual_Normal_Seed,2026-04-26T13:12:14+00:00,https://www.notion.com/,200,,urlopen,34,399,0.09545454545,0.1625,0,0.2,0,0,0.605835527,1,0,0.125,0,0,1,0,0,1,0.2,0.1888888889,1,0.9339622642,0.06603773585,0.2183908046,0.125,0,0,0,0.04375,0,0,0,0.1088082902,0.3419689119,0,0.009345794393,0.04365764563,0.04967560214,0,0.03920072816,0.05855237557,0.2354378641,0.05445609094,0.1962371359,0,0.3
https://slack.com,0,Manual_Normal_Seed,2026-04-26T13:12:14+00:00,https://slack.com,200,,urlopen,41,642,0.07727272727,0.1125,0,0.1,0,0,0.6576135647,1,0,0.08333333333,0,0,1,0,0,0,0,0.2277777778,1,0.9061371841,0.09386281588,0.8863636364,0,0,0,0,0,0,0,0,0.04672897196,0.09034267913,0,0.01423487544,0.06222196262,0.08260987566,0,0,0.2035458289,0.2837824766,0.08067570093,0.2409625,0,0.6333333333
https://zoom.us,0,Manual_Normal_Seed,2026-04-26T13:12:13+00:00,https://www.zoom.com/,200,,urlopen,37,736,0.06818181818,0.0875,0,0.1,0,0,0.6133740477,1,0,0.08333333333,0,0,1,0,0,1,0.2,0.2055555556,1,0.7299270073,0.2700729927,1,0,0,0,0.6,0.6,0,0,0.002754820937,0.01377410468,0.2286501377,0,0.03180212014,0.09633408177,0.1220919577,0,0.122088311,0.2070735043,0.4386791555,0.1280780605,0.39075,0.002717391304,0.4
https://www.dropbox.com,0,Manual_Normal_Seed,2026-04-26T13:12:14+00:00,https://www.dropbox.com,200,,urlopen,20,404,0.1045454545,0.1875,0,0.2,0,0,0.6840486165,1,0,0.125,0,0,1,0,0,0,0,0.1111111111,1,0.9318181818,0.06818181818,1,0,0,0,0,0,0,0,0,0.00495049505,0.3415841584,0,0.01492537313,0.07365185644,0.08589294608,0,0,0.1891066867,0.2606695438,0.1027670792,0.2170096429,0,0.3
https://drive.google.com,0,Manual_Normal_Seed,2026-04-26T13:12:15+00:00,https://accounts.google.com/v3/signin/identifier?continue=https%3A%2F%2Fdrive.google.com%2F&dsh=S-482564655%3A1777209133673053&emr=1&followup=https%3A%2F%2Fdrive.google.com%2F&osid=1&passive=1209600&service=wise&flowName=GlifWebSignIn&flowEntry=ServiceLogin&ifkv=AWa2Pas3W9PGAkaLpPQ-JwyCpV6jlU5zGby0kURbhivH4JkxehVovpMMSNMPK7Y-dl5UKhxC14vhNQ,200,,urlopen,2,1,0.1090909091,0.2,0,0.2,0,0,0.7218500948,1,0,0.125,0,0.3333333333,1,0,0,0,0,0.01111111111,0.003846153846,0,0,0,0,0,0,0,0,0,0,0,0,0,0,0,0.02475,0.02525,0,0,0,0.02525,0.02525,0,0,0
https://mail.google.com,0,Manual_Normal_Seed,2026-04-26T13:12:15+00:00,https://accounts.google.com/v3/signin/identifier?continue=https%3A%2F%2Fmail.google.com%2Fmail%2Fu%2F0%2F&dsh=S-1422150937%3A1777209134195361&emr=1&followup=https%3A%2F%2Fmail.google.com%2Fmail%2Fu%2F0%2F&osid=1&passive=1209600&service=mail&flowName=GlifWebSignIn&flowEntry=ServiceLogin&ifkv=AWa2Pas0Ixe-JGEehtbQvOU-pAhun33hdcRBvOl_MDoS6NzeukFt8WoQgfmrfbHCHW-_DUbXvkEJbw,200,,urlopen,2,1,0.1045454545,0.1875,0,0.2,0,0,0.6900161066,1,0,0.125,0,0.3333333333,1,0,0,0,0,0.01111111111,0.003846153846,0,0,0,0,0,0,0,0,0,0,0,0,0,0,0,0.02475,0.02525,0,0,0,0.02525,0.02525,0,0,0
https://www.figma.com,0,Manual_Normal_Seed,2026-04-26T13:12:13+00:00,https://www.figma.com,200,,urlopen,20,588,0.09545454545,0.1625,0,0.2,0,0,0.6881712414,1,0,0.125,0,0,1,0,0,0,0,0.1111111111,1,0.8947368421,0.1052631579,0.8173076923,0,0,0,0,0,0,0,0,0.06462585034,0.4081632653,0,0.005235602094,0.06439094388,0.07190939009,0,0,0.1126921237,0.2388718112,0.08126488095,0.195375,0,0.3
https://www.tistory.com,0,User_Normal_Seed,2026-04-26T13:12:13+00:00,https://www.tistory.com,200,,urlopen,14,133,0.1045454545,0.1875,0,0.2,0,0,0.6583955533,1,0,0.125,0,0,1,0,0,0,0,0.07777777778,0.5115384615,0.7333333333,0.2666666667,0.1714285714,0.125,0,0,0,0.04375,0,0,0,0.4461538462,0.09230769231,0,0.1176470588,0.05825820896,0.06291713942,0.04247593284,0.04402686567,0.05698950426,0.2378509328,0.07340915571,0.195375,0,0.1666666667
https://blog.naver.com,0,Manual_Normal_Seed,2026-04-26T13:12:13+00:00,https://section.blog.naver.com/BlogHome.naver,200,,urlopen,49,86,0.1,0.175,0,0.2,0,0,0.7446900464,1,0,0.125,0,0.3333333333,1,0,0,0,0,0.2722222222,0.3307692308,1,0,0.9523809524,0,0,0,0,0,0,0,0,0.4545454545,0.5,0,0,0.08452617188,0.0764853146,0,0.05327773437,0.2258323196,0.2746988672,0.109658905,0.2304961328,0,0.06666666667
https://nodejs.org,0,Manual_Normal_Seed,2026-04-26T13:12:13+00:00,https://nodejs.org/en,200,,urlopen,33,139,0.08181818182,0.125,0,0.1,0,0,0.6773601013,1,0,0.08333333333,0,0,1,0,0,0,0,0.1833333333,0.5346153846,0.2826086957,0.7173913043,0,0,0,0,0,0,0,0,0,0.3333333333,0,0,0.02127659574,0.1142791071,0.1257146205,0,0.06305107143,0.05198803571,0.2473630357,0.1442514362,0.195375,0,0.5
https://developer.mozilla.org,0,Manual_Normal_Seed,2026-04-26T13:12:14+00:00,https://developer.mozilla.org/en-US/,200,,urlopen,18,347,0.1318181818,0.2625,0,0.2,0,0,0.7311397263,1,0,0.125,0,0,1,0,0,0,0,0.1,1,0.8562874251,0.1437125749,0.1666666667,0,0,0,0,0,0,0,0,0.0289017341,0.005780346821,0,0.01183431953,0.05580905172,0.07043025326,0,0.04316982759,0.08220783046,0.2830099138,0.07038698226,0.2409625,0,0.2333333333
https://docs.github.com,0,Manual_Normal_Seed,2026-04-26T13:12:13+00:00,https://docs.github.com/en,200,,urlopen,17,178,0.1045454545,0.1875,0,0.2,0,0,0.6900161066,1,0,0.125,0,0.3333333333,1,0,0,0,0,0.09444444444,0.6846153846,0.9452054795,0.05479452055,0,0.125,0,0,0,0.04375,0,0,0,0.1511627907,0,0,0.01351351351,0.03794217033,0.04551379612,0.0390603022,0.0371956044,0.0390603022,0.2344353022,0.04746652427,0.2063146978,0,0.1666666667
https://pypi.org,0,Manual_Normal_Seed,2026-04-26T13:12:13+00:00,https://pypi.org,200,,urlopen,36,129,0.07272727273,0.1,0,0.1,0,0,0.6277853693,1,0,0.08333333333,0,0,1,0,0,0,0,0.2,0.4961538462,0.4791666667,0.5208333333,0.7142857143,0.25,0,0,0,0.0875,0,0,0,0.04838709677,0.1774193548,0,0.02040816327,0.1165067308,0.1413206651,0.05212711538,0.06332923077,0.1344588118,0.2930896154,0.1487429172,0.2409625,0,0.5
https://huggingface.co,0,Manual_Normal_Seed,2026-04-26T13:12:13+00:00,https://huggingface.co,200,,urlopen,16,225,0.1,0.175,0,0.1,0,0,0.7053934554,1,0,0.08333333333,0,0,1,0,0,0,0,0.08888888889,0.8653846154,0.9512195122,0.0487804878,0.03333333333,0,0,0,0,0,0,0,0,0.01785714286,0.25,0,0.01204819277,0.03818329646,0.05047863612,0,0.03719225664,0.04709071165,0.2800211283,0.04809045246,0.2428288717,0,0.2
https://www.anthropic.com,0,Manual_Normal_Seed,2026-04-26T13:12:14+00:00,https://www.anthropic.com,200,,urlopen,25,337,0.1136363636,0.2125,0,0.2,0,0,0.6879027617,1,0,0.125,0,0,1,0,0,0,0,0.1388888889,1,0.4545454545,0.5454545455,0.8333333333,0.125,0,0,0,0.04375,0,0,0,0.06626506024,0.006024096386,0,0.0253164557,0.1306488971,0.1623291047,0.05474816176,0.06857132353,0.2474752451,0.2957106618,0.1651345999,0.2409625,0,0.3
https://www.google.com/maps,0,Manual_Normal_Seed,2026-04-26T13:12:14+00:00,https://www.google.com/maps,200,,urlopen,5,5,0.1227272727,0.175,0.03125,0.2,0,0,0.6876585862,1,0.1,0.1666666667,0,0.25,1,0,0,0,0,0.02777777778,0.01923076923,1,0,0,0,0,0,0,0,0,0,0,0.5,0,0,0,0.028125,0.03107352941,0,0,0.037625,0.037625,0.0335,0.012375,0,0.03333333333
https://map.naver.com,0,User_Normal_Seed,2026-04-26T13:12:14+00:00,https://map.naver.com/p/,200,,urlopen,4,3,0.09545454545,0.1625,0,0.2,0,0,0.6947070639,1,0,0.125,0,0.3333333333,1,0,0,0,0,0.02222222222,0.01153846154,0,0,1,0,0,0,0,0,0,0,0,1,0,0,0,0.1375875,0.1465004464,0,0,0.29731875,0.29731875,0.180015625,0.23460625,0,0.03333333333
https://www.kakaocorp.com,0,Manual_Normal_Seed,2026-04-26T13:12:14+00:00,https://www.kakaocorp.com/page/,200,,urlopen,19,257,0.1136363636,0.2125,0,0.2,0,0,0.6733573072,1,0,0.125,0,0,1,0,0,0,0,0.1055555556,0.9884615385,0.8113207547,0.1886792453,0.8095238095,0.125,0,0,0,0.04375,0,0,0.007874015748,0.05511811024,0.1023622047,0,0.01851851852,0.074325,0.09675788407,0.04502645349,0.04912790698,0.1498594297,0.4357764535,0.09493111592,0.39075,0.007782101167,0.2333333333
https://www.line.me,0,Manual_Normal_Seed,2026-04-26T13:12:14+00:00,https://www.line.me/en/,200,,urlopen,13,86,0.08636363636,0.1375,0,0.2,0,0,0.6502941173,1,0,0.125,0,0,1,0,0,0,0,0.07222222222,0.3307692308,0.8666666667,0.1333333333,0.07142857143,0,0,0,0,0,0,0,0.02325581395,0.1162790698,0.7674418605,0,0,0.05158255814,0.08935517337,0,0,0.06388296304,0.4320718023,0.0651,0.39075,0.02325581395,0.1666666667
https://telegram.org,0,Manual_Normal_Seed,2026-04-26T13:12:15+00:00,https://telegram.org,200,,urlopen,7,146,0.09090909091,0.15,0,0.1,0,0,0.6698515854,1,0,0.08333333333,0,0,1,0,0,0,0,0.03888888889,0.5615384615,0.9833333333,0.01666666667,0,0,0,0,0,0,0,0,0,0.02739726027,0.1506849315,0,0.01639344262,0.03226284247,0.04087947361,0,0,0.03804109589,0.2334160959,0.04071746575,0.195375,0,0.06666666667
https://discord.com,0,Manual_Normal_Seed,2026-04-26T13:12:14+00:00,https://discord.com,200,,urlopen,32,625,0.08636363636,0.1375,0,0.1,0,0,0.6575179211,1,0,0.08333333333,0,0.5,1,0,0,0,0,0.1777777778,1,0.9032258065,0.09677419355,0.9521276596,0,0,0,0,0,0,0,0,0.05769230769,0.5448717949,0,0.04615384615,0.09829516773,0.1216338647,0,0,0.1888204156,0.2879781949,0.1396700182,0.2439468051,0,0.4666666667
https://www.roblox.com,0,Manual_Normal_Seed,2026-04-26T13:12:14+00:00,https://www.roblox.com,200,,urlopen,5,224,0.1,0.175,0,0.2,0,0,0.6826257901,1,0,0.125,0,0,1,0,0,0,0,0.02777777778,0.8615384615,0,0,0.9821428571,0,0,0,0,0,0,0,0,1,0,0,0,0.2464854911,0.311078125,0,0,0.311078125,0.3153810268,0.311078125,0.2409625,0,0.06666666667
https://store.steampowered.com,0,Manual_Normal_Seed,2026-04-26T13:12:14+00:00,https://store.steampowered.com,200,,urlopen,14,1006,0.1363636364,0.275,0,0.2,0,0,0.6769511689,1,0,0.125,0,0,1,0,0,0,0,0.07777777778,1,0.9466666667,0.05333333333,1,0,0,0,0,0,0,0,0,0.02395209581,0.377245509,0,0,0.07890371287,0.09403705774,0,0.04793059406,0.1942753717,0.2625410433,0.1102879429,0.2181132463,0,0.1333333333
https://www.playstation.com,0,Manual_Normal_Seed,2026-04-26T13:12:14+00:00,https://www.playstation.com/ko-kr/,200,,urlopen,37,542,0.1227272727,0.2375,0,0.2,0,0,0.6978254213,1,0,0.125,0,0,1,0,0,0,0,0.2055555556,1,0.8872180451,0.1127819549,0.02222222222,0,0,0,0,0,0,0,0.003731343284,0.07835820896,0.421641791,0,0.02205882353,0.04273521898,0.05867303093,0,0.03877408759,0.04631380305,0.4305995438,0.05370665059,0.3918254562,0.0036900369,0.4666666667
https://www.xbox.com,0,Manual_Normal_Seed,2026-04-26T13:12:14+00:00,https://www.xbox.com/ko-KR/,200,,urlopen,30,350,0.09090909091,0.15,0,0.2,0,0,0.6516697672,1,0,0.125,0,0,1,0,0,0,0,0.1666666667,1,0.5426356589,0.4573643411,0.652173913,0,0,0,0,0,0,0,0,0.1142857143,0.1485714286,0,0.02272727273,0.1089398571,0.1368887272,0,0,0.1224731518,0.2916400714,0.1401628571,0.2409625,0,0.4333333333
http://samcoreon.com/index.html,1,Nurilab_Phishing_Page1,2026-04-26T13:12:42+00:00,http://samcoreon.com/index.html,200,,public_dns,18,22,0.1409090909,0.1625,0.06875,0.2,0,0,0.7305603262,0,0.1,0.1666666667,0,0,1,0,0,0,0,0.1,0.08461538462,0,1,0.4,0.125,0,0,0,0.04375,0,0,0,0.3333333333,0.5,0,0,0.0763725,0.07563508475,0.046265,0.051605,0.14265,0.2872275,0.09426633333,0.2409625,0,0.1333333333
https://bimilbi.com/,1,Nurilab_Phishing_Page1,2026-04-26T13:12:43+00:00,https://bimilbi.com/,200,,public_dns,3,2,0.09090909091,0.1375,0.00625,0.1,0,0,0.6448071536,1,0,0.08333333333,0,0,1,0,0,0,0,0.01666666667,0.007692307692,0,0,1,0,0,0,0,0,0,0,0,1,0,0,0,0.250425,0.31605,0,0,0.31605,0.31605,0.31605,0,0,0.03333333333
https://kkclip.com/open/ig/3879936570707615926/DXYTcEYEyC2,1,Nurilab_Phishing_Page1,2026-04-26T13:12:20+00:00,https://kkclip.com/open/ig/3879936570707615926/DXYTcEYEyC2,200,,urlopen,5,4,0.2636363636,0.125,0.25,0.1,0,0.3448275862,0.8690707608,1,0.4,0.25,0,0,1,0,0,0,0,0.02777777778,0.01538461538,0,0,1,0,0,0,0,0,0,0,0,0.5,0.5,0,0,0.178875,0.2678307692,0,0,0.22575,0.3039,0.22575,0.1563,0,0.06666666667
https://web.archive.org/web/20260414174030/https://mail-owaexchnange-autodisciover-mailbox.s3.us-east-1.amazonaws.com/index.html,1,Nurilab_Phishing_Page1,2026-04-26T13:12:22+00:00,https://web.archive.org/web/20260414174030/https://mail-owaexchnange-autodisciover-mailbox.s3.us-east-1.amazonaws.com/index.html,200,,urlopen,16,41,0.5818181818,0.1875,0.65625,0.7,0.4166666667,0.125,0.8654925565,1,0.5,0.7083333333,0,0,1,0,0,0,0,0.08888888889,0.1576923077,1,0,0,0.125,0,0.3333333333,0.3333333333,0.3770833333,0,0,0.06666666667,0.2666666667,0.6,0,0.4285714286,0.073134,0.09068876506,0.046859,0.1203513333,0.046859,0.255468,0.07331624,0.208609,0.07317073171,0.03333333333
http://lb18881.rulapu.one/,1,Nurilab_Phishing_Page2,2026-04-26T13:12:21+00:00,https://lb18881.rulapu.one/,200,,urlopen,5,8,0.1181818182,0.225,0.00625,0.2,0,0.1923076923,0.7042073963,0,0,0.125,0,0,1,0,0,0,0,0.02777777778,0.03076923077,0,0,0.25,0,0,0,0,0,0,0,0,1,0,0,0,0.084965625,0.10723125,0,0,0.10723125,0.287953125,0.10723125,0.2409625,0,0.06666666667
http://pay.cafe.naver.jonggo4hf0.com/joonggonara/?action=18829209,1,Nurilab_Phishing_Page2,2026-04-26T13:12:20+00:00,http://pay.cafe.naver.jonggo4hf0.com/joonggonara/?action=18829209,200,,urlopen,4,9,0.2954545455,0.3625,0.08125,0.4,0,0.1538461538,0.8144705816,0,0.1,0.3333333333,0.125,0.125,1,0,0,0,0,0.02222222222,0.03461538462,0,0,0,0,0,0,0,0,0,0,0,1,0,1,0,0.0981,0.1180741379,0,0,0.0518,0.26535,0.09451,0.21355,0.1111111111,0.03333333333
http://spoigo-korse.com/tps40Case3.php?no=423,1,Nurilab_Phishing_Page2,2026-04-26T13:12:45+00:00,https://spoigo-korse.com/tps40Case3.php?no=423,200,,public_dns,8,27,0.2045454545,0.2,0.09375,0.2,0.08333333333,0.1333333333,0.7935528621,0,0.1,0.2916666667,0,0,1,0,0,0,0,0.04444444444,0.1038461538,0,0,0,0.125,0,0,0,0.04375,0,0,0,0.1818181818,0.8181818182,0,1,0.03177,0.03694478261,0.0382325,0.03554,0.0382325,0.0382325,0.037694,0.0026925,0,0.03333333333
http://telegrarn.kelvexo.top/,1,Nurilab_Phishing_Page2,2026-04-26T13:12:21+00:00,https://telegrarn.kelvexo.top/,200,,urlopen,5,8,0.1318181818,0.2625,0.00625,0.2,0,0,0.6904486605,0,0,0.125,0,0,1,0,0,0,0,0.02777777778,0.03076923077,0,0,0.25,0,0,0,0,0,0,0,0,1,0,0,0,0.084965625,0.10723125,0,0,0.10723125,0.287953125,0.10723125,0.2409625,0,0.06666666667
https://apponceuo.help/,1,Nurilab_Phishing_Page2,2026-04-26T13:12:44+00:00,https://iforgot.apple.com/,200,,public_dns,7,20,0.1045454545,0.175,0.00625,0.1,0,0,0.6583955533,1,0,0.08333333333,0,0,1,0,0,1,0.2,0.03888888889,0.07692307692,0,0,1,0.125,0,0,0,0.04375,0,0,0,1,0,0,0,0.1906875,0.203646685,0.06514659091,0.08936818182,0.3061090909,0.3061090909,0.2439709711,0.2409625,0,0.06666666667
https://fleamarket.navercshopa.com/,1,Nurilab_Phishing_Page2,2026-04-26T13:12:43+00:00,https://fleamarket.navercshopa.com/,200,,public_dns,3,2,0.1590909091,0.325,0.00625,0.2,0,0,0.7338194446,1,0,0.125,0,0,1,0,0,0,0,0.01666666667,0.007692307692,0,0,1,0,0,0,0,0,0,0,0,1,0,0,0,0.250425,0.31605,0,0,0.31605,0.31605,0.31605,0,0,0.03333333333
https://goldentreeinvest.co.kr/,1,Nurilab_Phishing_Page2,2026-04-26T13:12:20+00:00,https://goldentreeinvest.co.kr/,200,,urlopen,10,43,0.1409090909,0.275,0.00625,0.2,0,0,0.7203823937,1,0,0.125,0,0,1,0,0,0,0,0.05555555556,0.1653846154,0,0,0,0.125,0,0,0,0.04375,0,0,0,0.7222222222,0.2777777778,0,0,0.0318515625,0.03720998884,0.0382578125,0.035590625,0.0382578125,0.0382578125,0.03770214844,0.0026671875,0,0.03333333333
https://sweepinfluence.com/,1,Nurilab_Phishing_Page2,2026-04-26T13:12:21+00:00,https://sweepinfluence.com/,200,,urlopen,7,6,0.1227272727,0.225,0.00625,0.1,0,0,0.7112934347,1,0,0.08333333333,0,0,1,0,0,0,0,0.03888888889,0.02307692308,0,0,0.6666666667,0,0,0,0,0,0,0,0,1,0,0,0,0.1768875,0.2232416667,0,0,0.2232416667,0.3035625,0.2232416667,0.2409625,0,0.1
http://listing-apply.com/index.html,1,Nurilab_Phishing_Page3,2026-04-26T13:12:42+00:00,http://listing-apply.com/index.html,200,,public_dns,20,20,0.1590909091,0.2125,0.06875,0.2,0.08333333333,0,0.7506771719,0,0.1,0.2083333333,0,0,1,0,0,0,0,0.1111111111,0.07692307692,1,0,1,0.125,0,0,0,0.04375,0,0,0,0.6,0.2,0,0.5,0.08821607143,0.08493645089,0.04832857143,0.05573214286,0.2502160714,0.2892910714,0.1102413265,0.2409625,0,0.1666666667
http://telegrap.jronwt.top/,1,Nurilab_Phishing_Page3,2026-04-26T13:12:21+00:00,https://telegrap.jronwt.top/,200,,urlopen,5,8,0.1227272727,0.2375,0.00625,0.2,0,0,0.6684346605,0,0,0.125,0,0,1,0,0,0,0,0.02777777778,0.03076923077,0,0,0.25,0,0,0,0,0,0,0,0,1,0,0,0,0.084965625,0.10723125,0,0,0.10723125,0.287953125,0.10723125,0.2409625,0,0.06666666667
https://fcb-b.com/,1,Nurilab_Phishing_Page3,2026-04-26T13:12:43+00:00,https://fcb-b.com/,200,,public_dns,8,15,0.08181818182,0.1125,0.00625,0.1,0.08333333333,0,0.6495329548,1,0,0.08333333333,0,0,1,0,0,0,0,0.04444444444,0.05769230769,0,1,0.5,0,0,0,0,0,0,0,0,0.1428571429,0.1428571429,0,0.1666666667,0.170409375,0.195938125,0,0.08241875,0.182153125,0.302634375,0.2164949219,0.2409625,0,0.1
https://fleamarket.naver-sto.com/order/61/message-link/NjEtT1JELTIwMjYwNDE3LTU3NjYyMg==/,1,Nurilab_Phishing_Page3,2026-04-26T13:12:22+00:00,https://fleamarket.naver-sto.com/order/61/message-link/NjEtT1JELTIwMjYwNDE3LTU3NjYyMg==/,200,,urlopen,29,30,0.4,0.3,0.35,0.2,0.1666666667,0.05681818182,0.9155573502,1,0.4,0.375,0,0.1111111111,1,0,0,0,0,0.1611111111,0.1153846154,0,0,0.3333333333,0.125,0,0,0.1428571429,0.1866071429,0.1866071429,0,0,0.6666666667,0.3333333333,1,1,0.08046778846,0.08097946168,0.04856778846,0.07219986264,0.1288886218,0.2895302885,0.08501216716,0.2409625,0.03333333333,0.06666666667
https://staking.polygon.technology/lst,1,Nurilab_Phishing_Page3,2026-04-26T13:12:21+00:00,https://staking.polygon.technology/lst,200,,urlopen,5,4,0.1727272727,0.325,0.025,0.2,0,0,0.7083118063,1,0.1,0.1666666667,0,0,1,0,0,0,0,0.02777777778,0.01538461538,0,0,0.5,0,0,0,0,0,0,0,0,1,0,0,0,0.14011875,0.1768375,0,0,0.1768375,0.29731875,0.1768375,0.2409625,0,0.06666666667
https://lonpayy.com/,1,Nurilab_Phishing_Page4,2026-04-26T13:12:45+00:00,https://lonpayy.com/,200,,public_dns,7,8,0.09090909091,0.1375,0.00625,0.1,0,0,0.6698515854,1,0,0.08333333333,0,0,1,0,0,0,0,0.03888888889,0.03076923077,0,0,0.5,0,0,0,0,0,0,0,0,0.75,0.25,0,0,0.10434375,0.1309967803,0,0,0.1316875,0.29124375,0.1316875,0.2409625,0,0.1
https://www.kkinstagram.com/reel/DV2_BGeEuRH/,1,Nurilab_Phishing_Page4,2026-04-26T13:12:46+00:00,https://kkclip.com/open/ig/3852543683858719815/DV2_BGeEuRH,200,,public_dns,5,4,0.2045454545,0.2375,0.1125,0.2,0,0.02222222222,0.845491258,1,0.2,0.25,0,0,1,0,0,1,0.2,0.02777777778,0.01538461538,0,0,1,0,0,0,0,0,0,0,0,0.5,0.5,0,0,0.178875,0.2678307692,0,0,0.22575,0.3039,0.22575,0.1563,0,0.06666666667
https://www.kathurily.com/,1,Nurilab_Phishing_Page5,2026-04-26T13:12:22+00:00,https://www.kathurily.com/,200,,urlopen,17,137,0.1181818182,0.2125,0.00625,0.2,0,0,0.7269004907,1,0,0.125,0,0,1,0,0,0,0,0.09444444444,0.5269230769,1,0,0.06896551724,0.5,0,0.3333333333,0.4444444444,0.6194444444,0,0,0,0.05,0.4333333333,0,0.06060606061,0.05320171233,0.07769128043,0.04232688356,0.1237232116,0.05894498701,0.2832893836,0.05896375962,0.2409625,0.02189781022,0.06666666667
https://www.gwangju.go.kr/login,0,User_Normal_Seed,2026-04-26T13:12:14+00:00,https://www.gwangju.go.kr/siiru.do,200,,urlopen,3,2,0.1409090909,0.2125,0.0375,0.3,0,0,0.715954901,1,0.1,0.2083333333,0.2,0,1,0,0,0,0,0.01666666667,0.007692307692,1,0,0,0,0,0,0,0,0,0,0,0,0,0,0,0.0298125,0.037625,0,0,0,0.037625,0.037625,0,0,0.03333333333
https://www.nonghyup.com/login,0,User_Normal_Seed,2026-04-26T13:12:14+00:00,https://www.nonghyup.com/error/error.html,200,,urlopen,9,24,0.1363636364,0.2,0.0375,0.2,0,0,0.7162858658,1,0.1,0.1666666667,0.25,0,1,0,0,0,0,0.05,0.09230769231,0.5,0.5,0,0,0,0,0,0,0,0,0,0.4166666667,0.25,0,0.2,0.059625,0.07093448795,0,0,0.0426875,0.2380625,0.07525,0.195375,0,0.1
https://www.okfngroup.com/login,0,User_Normal_Seed,2026-04-26T13:12:14+00:00,https://www.okfngroup.com/AON_ERROR.html,200,,urlopen,3,4,0.1409090909,0.2125,0.0375,0.2,0,0,0.7394153115,1,0.1,0.1666666667,0.25,0,1,0,0,0,0,0.01666666667,0.01538461538,1,0,0,0,0,0,0,0,0,0,0,0,0,0,0,0.0298125,0.037625,0,0,0,0.037625,0.037625,0,0,0.03333333333
https://www.standardchartered.co.kr/login,0,User_Normal_Seed,2026-04-26T13:12:14+00:00,https://www.standardchartered.co.kr/login,200,,urlopen,6,19,0.1863636364,0.3375,0.0375,0.3,0,0,0.744501972,1,0.1,0.2083333333,0.2,0,1,0,0,0,0,0.03333333333,0.07307692308,1,0,0,0,0,0,0,0,0,0,0,0.5555555556,0.1111111111,0,0,0.03079125,0.03721995968,0,0.0349325,0.03792875,0.03792875,0.037629125,0.00299625,0,0.03333333333
https://www.kaist.ac.kr,0,User_Normal_Seed,2026-04-26T13:12:14+00:00,https://www.kaist.ac.kr,200,,urlopen,3,2,0.1045454545,0.1875,0,0.3,0,0,0.646460573,1,0,0.1666666667,0,0,1,0,0,0,0,0.01666666667,0.007692307692,1,0,0,0,0,0,0,0,0,0,0,0,0,0,0,0.0298125,0.037625,0,0,0,0.037625,0.037625,0,0,0.03333333333
https://www.yonsei.ac.kr,0,User_Normal_Seed,2026-04-26T13:12:14+00:00,https://www.yonsei.ac.kr,200,,urlopen,3,4,0.1090909091,0.2,0,0.3,0,0,0.7161312501,1,0,0.1666666667,0,0,1,0,0,0,0,0.01666666667,0.01538461538,0,0,0,0,0,0,0,0,0,0,0,1,0,0,0,0.0298125,0.037625,0,0,0.037625,0.037625,0.037625,0,0,0.03333333333
https://www.kbstar.com,0,User_Normal_Seed,2026-04-26T13:12:14+00:00,https://www.kbstar.com,200,,urlopen,61,323,0.1,0.175,0,0.2,0,0,0.6826257901,1,0,0.125,0,0,1,0,0,0,0,0.3388888889,1,0.7762237762,0.2237762238,0,0.125,0,0,0,0.04375,0,0,0,0.02547770701,0.06369426752,0,0.09493670886,0.06491863636,0.07790931202,0.04364477273,0.04636454545,0.04364477273,0.2390197727,0.08165106612,0.195375,0,0.8333333333
https://gitlab.com,0,User_Normal_Seed,2026-04-26T13:12:15+00:00,https://about.gitlab.com/,200,,urlopen,29,467,0.08181818182,0.125,0,0.1,0,0,0.6899369952,1,0,0.08333333333,0,0,1,0,0,0,0,0.1611111111,1,0.9776536313,0.02234636872,0.9814814815,0,0,0,0,0,0,0,0,0.03433476395,0.1974248927,0,0,0.05474903846,0.0671777807,0,0.04280576923,0.1452211717,0.2828278846,0.06906048241,0.2409625,0,0.4333333333
https://accounts.google.com,0,User_Normal_Seed,2026-04-26T13:12:15+00:00,https://accounts.google.com/v3/signin/identifier?continue=https%3A%2F%2Faccounts.google.com%2F&dsh=S-1256032954%3A1777209134827907&followup=https%3A%2F%2Faccounts.google.com%2F&passive=1209600&flowName=GlifWebSignIn&flowEntry=ServiceLogin&ifkv=AWa2Pau4uthfDa-eFrep00B0ztAz_y014oadrR3wB9tA0H-R4VgoFTzgM2MQPqpvw_DhFVac2wO3,200,,urlopen,2,1,0.1227272727,0.2375,0,0.2,0,0,0.6927420037,1,0,0.125,0,0.3333333333,1,0,0,0,0,0.01111111111,0.003846153846,0,0,0,0,0,0,0,0,0,0,0,0,0,0,0,0.02475,0.02525,0,0,0,0.02525,0.02525,0,0,0
https://accounts.kakao.com,0,User_Normal_Seed,2026-04-26T13:12:14+00:00,https://accounts.kakao.com,200,,urlopen,2,1,0.1181818182,0.225,0,0.2,0,0,0.6656775011,1,0,0.125,0,0.3333333333,1,0,0,0,0,0.01111111111,0.003846153846,0,0,0,0,0,0,0,0,0,0,0,0,0,0,0,0.02475,0.02525,0,0,0,0.02525,0.02525,0,0,0
https://nid.naver.com/nidlogin.login,0,User_Normal_Seed,2026-04-26T13:12:14+00:00,https://nid.naver.com/nidlogin.login,200,,urlopen,39,72,0.1636363636,0.1625,0.09375,0.3,0,0,0.7284999852,1,0.1,0.2083333333,0.2,0.2,1,0,0,0,0,0.2166666667,0.2769230769,0.9333333333,0.06666666667,0.2,0.125,0,0.03448275862,0.03448275862,0.07823275862,0,0,0,0.25,0,0,0.1666666667,0.04961470588,0.05247629415,0.0420125,0.0500887931,0.090205,0.282975,0.05500392157,0.24895,0.01388888889,0.1
https://www.google.co.kr,0,User_Normal_Seed,2026-04-26T13:12:15+00:00,https://www.google.com/,200,,urlopen,23,51,0.1090909091,0.2,0,0.3,0,0,0.6801093751,1,0,0.1666666667,0,0.25,1,0,0,1,0.2,0.1277777778,0.1961538462,0.875,0.125,0.3333333333,0.125,0,0,0,0.04375,0,0,0,0.1052631579,0.1052631579,0,0,0.05146330645,0.0543190445,0.04177298387,0.04262096774,0.1220938172,0.2827354839,0.06215896202,0.2491895161,0,0.1333333333
https://cyber.go.kr/login,0,User_Normal_Seed,2026-04-26T13:12:14+00:00,https://cyber.go.kr/login,200,,urlopen,3,2,0.1136363636,0.1375,0.0375,0.2,0,0,0.7370292163,1,0.1,0.1666666667,0.25,0,1,0,0,0,0,0.01666666667,0.007692307692,0,0,0,0,0,0,0,0,0,0,0,0,1,0,0,0.0298125,0.037625,0,0,0.037625,0.037625,0.037625,0,0,0.03333333333
https://cyberbureau.police.go.kr,0,User_Normal_Seed,2026-04-26T13:12:15+00:00,https://cyberbureau.police.go.kr:443/index.do,200,,urlopen,3,2,0.1454545455,0.3,0,0.3,0,0,0.7484962358,1,0,0.1666666667,0,0,1,0,0,0,0,0.01666666667,0.007692307692,0,0,0,0,0,0,0,0,0,0,0,1,0,0,0,0.0298125,0.037625,0,0,0.037625,0.037625,0.037625,0,0,0.03333333333
https://fsc.go.kr/login,0,User_Normal_Seed,2026-04-26T13:12:15+00:00,https://fsc.go.kr/login,200,,requests,4,6,0.1045454545,0.1125,0.0375,0.2,0,0,0.7058263833,1,0.1,0.1666666667,0.25,0,1,0,0,0,0,0.02222222222,0.02307692308,1,0,0,0,0,0,0,0,0,0,0,0,0.3333333333,0,0,0.0298125,0.037625,0,0,0.037625,0.037625,0.037625,0,0,0.03333333333
https://www.busan.go.kr,0,User_Normal_Seed,2026-04-26T13:12:16+00:00,https://www.busan.go.kr/index,200,,urlopen,28,724,0.1045454545,0.1875,0,0.3,0,0,0.6998588932,1,0,0.1666666667,0,0,1,0,0,0,0,0.1555555556,1,0.9563758389,0.04362416107,0.03278688525,0.125,0,0,0,0.04375,0,0,0,0.04735376045,0.1225626741,0,0.006666666667,0.03712747253,0.04692726577,0.03888228022,0.03683956044,0.04422039497,0.2798447802,0.0467320855,0.2430052198,0,0.3333333333
https://www.data.go.kr,0,User_Normal_Seed,2026-04-26T13:12:16+00:00,https://www.data.go.kr/,200,,requests,31,147,0.1,0.175,0,0.3,0,0,0.6598581248,1,0,0.1666666667,0,0,1,0,0,0,0,0.1722222222,0.5653846154,0.8387096774,0.1612903226,0.08108108108,0.125,0,0,0,0.04375,0,0,0,0.3676470588,0.1764705882,0,0.7615384615,0.05089326923,0.06032308799,0.04136346154,0.04180192308,0.06090096154,0.2823259615,0.06320588018,0.2409625,0,0.3
https://www.gov.kr/mw/EgovPageLink,0,User_Normal_Seed,2026-04-26T13:12:15+00:00,https://plus.gov.kr/login/?awqf=!2f,200,,urlopen,75,379,0.1545454545,0.125,0.1,0.2,0,0,0.7605286048,1,0.2,0.2083333333,0,0,1,0,0,1,0.2,0.4166666667,1,0.43125,0.56875,0.8275862069,0,0,0,0,0,0,0,0,0.03174603175,0.1216931217,0,0.01234567901,0.1260799342,0.1576818683,0,0.06703407895,0.1294347119,0.2949420395,0.1591394318,0.2409625,0,1
https://www.k-startup.go.kr,0,User_Normal_Seed,2026-04-26T13:12:14+00:00,https://www.k-startup.go.kr,200,,urlopen,9,18,0.1227272727,0.2375,0,0.3,0.08333333333,0,0.6792739903,1,0,0.1666666667,0,0,1,0,0,0,0,0.05,0.06923076923,0.6666666667,0.3333333333,0.1666666667,0,0,0,0,0,0,0,0,0.3333333333,0.3333333333,0,0,0.0742,0.1080024123,0,0,0.08532291667,0.286125,0.09364444444,0.2409625,0,0.1
https://www.korail.com,0,User_Normal_Seed,2026-04-26T13:12:15+00:00,https://www.korail.com,200,,urlopen,10,26,0.1,0.175,0,0.2,0,0,0.7053934554,1,0,0.125,0,0,1,0,0,0,0,0.05555555556,0.1,0,0,0.3076923077,0,0,0,0,0,0,0,0,0.9230769231,0.07692307692,0,0,0.09769326923,0.1275137117,0,0,0.1232942308,0.2901144231,0.1232942308,0.2409625,0,0.1333333333
https://www.seoul.go.kr,0,User_Normal_Seed,2026-04-26T13:12:14+00:00,https://www.seoul.go.kr,200,,urlopen,5,4,0.1045454545,0.1875,0,0.3,0,0,0.6840486165,1,0,0.1666666667,0,0,1,0,0,0,0,0.02777777778,0.01538461538,0,0,1,0,0,0,0,0,0,0,0,1,0,0,0,0.250425,0.31605,0,0,0.31605,0.31605,0.31605,0,0,0.06666666667
https://www.work.go.kr,0,User_Normal_Seed,2026-04-26T13:12:15+00:00,https://www.work.go.kr,200,,urlopen,3,2,0.1,0.175,0,0.3,0,0,0.6227488273,1,0,0.1666666667,0,0,1,0,0,0,0,0.01666666667,0.007692307692,1,0,0,0,0,0,0,0,0,0,0,0,0,0,0,0.0298125,0.037625,0,0,0,0.037625,0.037625,0,0,0.03333333333
https://apps.apple.com,0,User_Normal_Seed,2026-04-26T13:12:15+00:00,https://apps.apple.com/us/iphone/today,200,,urlopen,8,740,0.1,0.175,0,0.2,0,0,0.6322136788,1,0,0.125,0,0.3333333333,1,0,0,0,0,0.04444444444,1,1,0,0,0.125,0,0,0,0.04375,0,0,0,0.002717391304,0.2282608696,0,0,0.02982523585,0.0374874972,0.03763318733,0.03434137466,0.03763318733,0.03763318733,0.03759098079,0.01236681267,0,0.03333333333
https://business.kakao.com,0,User_Normal_Seed,2026-04-26T13:12:15+00:00,https://business.kakao.com,200,,urlopen,6,11,0.1181818182,0.225,0,0.2,0,0,0.7147652634,1,0,0.125,0,0.3333333333,1,0,0,0,0,0.03333333333,0.04230769231,0,0,0.8,0,0,0,0,0,0,0,0,0.8,0.2,0,0,0.17604375,0.2243262295,0,0,0.25537,0.3035625,0.2253416667,0.2409625,0,0.06666666667
https://line.me,0,User_Normal_Seed,2026-04-26T13:12:15+00:00,https://www.line.me/en/,200,,urlopen,13,86,0.06818181818,0.0875,0,0.1,0,0,0.6376164719,1,0,0.08333333333,0,0,1,0,0,0,0,0.07222222222,0.3307692308,0.8666666667,0.1333333333,0.07142857143,0,0,0,0,0,0,0,0.02325581395,0.1162790698,0.7674418605,0,0,0.05158255814,0.08935517337,0,0,0.06388296304,0.4320718023,0.0651,0.39075,0.02325581395,0.1666666667
https://map.kakao.com,0,User_Normal_Seed,2026-04-26T13:12:15+00:00,https://map.kakao.com,200,,urlopen,38,124,0.09545454545,0.1625,0,0.2,0,0,0.6362231894,1,0,0.125,0,0.3333333333,1,0,0,0,0,0.2111111111,0.4769230769,0.6,0.4,0.9545454545,1,0,0,0,0.35,0,0,0,0.4761904762,0.04761904762,0,0.8581560284,0.1115194257,0.1101783736,0.05182736486,0.06272972973,0.273027933,0.2927898649,0.1421245846,0.2409625,0,0.1666666667
https://maps.google.com,0,User_Normal_Seed,2026-04-26T13:12:19+00:00,https://www.google.com/maps,200,,urlopen,5,5,0.1045454545,0.1875,0,0.2,0,0,0.6742058299,1,0,0.125,0,0.3333333333,1,0,0,0,0,0.02777777778,0.01923076923,1,0,0,0,0,0,0,0,0,0,0,0.5,0,0,0,0.028125,0.03107352941,0,0,0.037625,0.037625,0.0335,0.012375,0,0.03333333333
https://nid.naver.com,0,User_Normal_Seed,2026-04-26T13:12:15+00:00,https://nid.naver.com/nidlogin.login?mode=form&url=https%3A%2F%2Fnid.naver.com%2Fuser2%2Fapi%2Froute%3Fm%3DroutePcMyInfo,200,,urlopen,39,72,0.09545454545,0.1625,0,0.2,0,0,0.7293390985,1,0,0.125,0,0.3333333333,1,0,0,0,0,0.2166666667,0.2769230769,0.9333333333,0.06666666667,0.2,0.125,0,0.03448275862,0.03448275862,0.07823275862,0,0,0,0.25,0,0,0.1666666667,0.04961470588,0.05247629415,0.0420125,0.0500887931,0.090205,0.282975,0.05500392157,0.24895,0.01388888889,0.1
https://pay.naver.com,0,User_Normal_Seed,2026-04-26T13:12:15+00:00,https://nid.naver.com/nidlogin.login?url=http%3A%2F%2Fpay.naver.com%2Fpc%2Fhistory,200,,urlopen,39,72,0.09545454545,0.1625,0,0.2,0,0,0.7120230812,1,0,0.125,0.3333333333,0.3333333333,1,0,0,0,0,0.2166666667,0.2769230769,0.9333333333,0.06666666667,0.2,0.125,0,0.03448275862,0.03448275862,0.07823275862,0,0,0,0.25,0,0,0.1666666667,0.04961470588,0.05247629415,0.0420125,0.0500887931,0.090205,0.282975,0.05500392157,0.24895,0.01388888889,0.1
https://play.google.com/store,0,User_Normal_Seed,2026-04-26T13:12:16+00:00,https://play.google.com/store/games?device=windows,200,,urlopen,2,1,0.1318181818,0.1875,0.0375,0.2,0,0,0.6982550085,1,0.1,0.1666666667,0,0.25,1,0,0,0,0,0.01111111111,0.003846153846,0,0,0,0,0,0,0,0,0,0,0,0,0,0,0,0.02475,0.02525,0,0,0,0.02525,0.02525,0,0,0
https://smartstore.naver.com,0,User_Normal_Seed,2026-04-26T13:12:15+00:00,https://sell.smartstore.naver.com/,200,,urlopen,7,17,0.1272727273,0.25,0,0.2,0,0,0.6824426157,1,0,0.125,0,0.3333333333,1,0,0,0,0,0.03888888889,0.06538461538,0,0,0.25,0,0,0,0,0,0,0,0,0.75,0.25,0,0,0.078275,0.1024541667,0,0,0.106190625,0.2869125,0.09904722222,0.2450125,0,0.06666666667
https://ticket.melon.com,0,User_Normal_Seed,2026-04-26T13:12:15+00:00,https://ticket.melon.com,200,,urlopen,5,4,0.1090909091,0.2,0,0.2,0,0,0.6821143941,1,0,0.125,0,0,1,0,0,0,0,0.02777777778,0.01538461538,0,0,0.5,0,0,0,0,0,0,0,0,1,0,0,0,0.14011875,0.1768375,0,0,0.1768375,0.29731875,0.1768375,0.2409625,0,0.06666666667
https://www.airport.kr,0,User_Normal_Seed,2026-04-26T13:12:15+00:00,https://www.airport.kr,200,,urlopen,3,4,0.1,0.175,0,0.2,0,0,0.6433291992,1,0,0.125,0,0,1,0,0,0,0,0.01666666667,0.01538461538,0,0,0,0,0,0,0,0,0,0,0,1,0,0,0,0.0298125,0.037625,0,0,0.037625,0.037625,0.037625,0,0,0.03333333333
https://www.kakaopay.com,0,User_Normal_Seed,2026-04-26T13:12:15+00:00,https://www.kakaopay.com,200,,urlopen,14,68,0.1090909091,0.2,0,0.2,0,0,0.6706767046,1,0,0.125,0,0,1,0,0,0,0,0.07777777778,0.2615384615,0.8333333333,0.1666666667,1,0,0,0,0,0,0,0,0,0.4117647059,0.2352941176,0,0.07692307692,0.1544161765,0.2240774084,0,0,0.2609606952,0.2988970588,0.2007970588,0.2409625,0,0.2
https://www.payco.com,0,User_Normal_Seed,2026-04-26T13:12:15+00:00,https://www.payco.com,200,,urlopen,8,44,0.09545454545,0.1625,0,0.2,0,0,0.6535392067,1,0,0.125,0,0,1,0,0,0,0,0.04444444444,0.1692307692,1,0,0.7894736842,0,0,0,0,0,0,0,0,0.2272727273,0.6363636364,0,0.6666666667,0.08916647727,0.1019353409,0,0,0.1227691089,0.2886664773,0.1125329545,0.2409625,0,0.1
https://www.toss.im,0,User_Normal_Seed,2026-04-26T13:12:15+00:00,https://toss.im/,200,,urlopen,22,176,0.08636363636,0.1375,0,0.2,0,0,0.5975689976,1,0,0.125,0,0,1,0,0,0,0,0.1222222222,0.6769230769,0.7777777778,0.2222222222,0.03846153846,0,0,0,0,0,0,0,0.01136363636,0.2045454545,0.375,0,0.1219512195,0.05291079545,0.07711007409,0,0,0.05474544362,0.4206086648,0.06708920455,0.37910625,0.01704545455,0.3
https://auction.co.kr/login,0,User_Normal_Seed,2026-04-26T13:12:16+00:00,https://signin.auction.co.kr/Authenticate/MobileLogin.aspx?url=http%3a%2f%2fwww.auction.co.kr&return_value=0&loginType=0,200,,urlopen,60,95,0.1227272727,0.1625,0.0375,0.2,0,0,0.7145946131,1,0.1,0.1666666667,0.25,0,1,0,0,0,0,0.3333333333,0.3653846154,1,0,0.25,0.125,0,0.04444444444,0.2888888889,0.3326388889,0,0,0,0.8333333333,0,0,0.6923076923,0.09011892857,0.0961755115,0.05007875,0.09559972222,0.110319375,0.29104125,0.09655383929,0.2409625,0.02105263158,0.2
https://baemin.com/login,0,User_Normal_Seed,2026-04-26T13:12:15+00:00,https://baemin.com/login,200,,urlopen,12,16,0.1090909091,0.125,0.0375,0.1,0,0,0.7218500948,1,0.1,0.125,0.3333333333,0,1,0,0,0,0,0.06666666667,0.06153846154,0,0,0.4285714286,0.125,0,0.5,1,1,0,0,0,0.8571428571,0.1428571429,0,1,0.162725,0.203598014,0,0.24135,0.1657571429,0.30345,0.1825555556,0.2409625,0.0625,0.1333333333
https://bunjang.co.kr/login,0,User_Normal_Seed,2026-04-26T13:12:15+00:00,https://m.bunjang.co.kr/login,200,,urlopen,5,8,0.1227272727,0.1625,0.0375,0.2,0,0,0.7466140576,1,0.1,0.1666666667,0.25,0,1,0,0,0,0,0.02777777778,0.03076923077,0,0,0.25,0,0,0,0,0,0,0,0,1,0,0,0,0.084965625,0.10723125,0,0,0.10723125,0.287953125,0.10723125,0.2409625,0,0.06666666667
https://hmall.com/member/login.do,0,User_Normal_Seed,2026-04-26T13:12:16+00:00,https://www.hmall.com/md/dpl/index,200,,urlopen,3,82,0.15,0.1125,0.1,0.2,0,0,0.7325357076,1,0.2,0.2083333333,0.2,0,1,0,0,0,0,0.01666666667,0.3153846154,0,0,0,0,0,0,0,0,0,0,0,1,0,0,0,0.0298125,0.037625,0,0,0.037625,0.037625,0.037625,0,0,0.03333333333
https://homeplus.co.kr/login,0,User_Normal_Seed,2026-04-26T13:12:16+00:00,https://mfront.homeplus.co.kr/,200,,urlopen,8,10,0.1272727273,0.175,0.0375,0.2,0,0,0.7343906676,1,0.1,0.1666666667,0.25,0,1,0,0,0,0,0.04444444444,0.03846153846,0,0,0.4,0,0,0,0,0,0,0,0,0.6,0.4,0,0,0.0894375,0.1217392361,0,0,0.112875,0.2887125,0.112875,0.2409625,0,0.1
https://seller.11st.co.kr/login,0,User_Normal_Seed,2026-04-26T13:12:16+00:00,https://login.11st.co.kr/auth/v2/login?isPopup=false&adultLoginRequired=N&isNonMemberBuy=false&_ds=rdflt1777209135802&returnURL=http%3A%2F%2Fseller.11st.co.kr%2Flogin,200,,urlopen,55,115,0.1409090909,0.2125,0.0375,0.3,0,0.06451612903,0.7144026282,1,0.1,0.2083333333,0.2,0,1,0,0,0,0,0.3055555556,0.4423076923,0.75,0.25,0.6363636364,1,0,0.02325581395,0.2093023256,0.5593023256,0,0,0,0.4230769231,0.4230769231,0,0.84,0.08270316456,0.07934730096,0.04757056962,0.07975276715,0.1524603423,0.2885330696,0.09677037334,0.2409625,0.008695652174,0.1333333333
https://shopping.naver.com,0,User_Normal_Seed,2026-04-26T13:12:15+00:00,https://shopv.pstatic.net/web/maintenance/internal-error.html?timestamp=202604262212,200,,urlopen,9,15,0.1181818182,0.225,0,0.2,0,0,0.7234723438,1,0,0.125,0,0.3333333333,1,0,0,1,0.2,0.05,0.05769230769,0,1,0,0,0,0,0,0,0,0,0,0.1428571429,0.1428571429,0,0.2857142857,0.1409765625,0.154645748,0,0,0.056609375,0.251984375,0.1795449219,0.195375,0,0.1
https://ticket.interpark.com,0,User_Normal_Seed,2026-04-26T13:12:15+00:00,https://ticket.interpark.com,200,,urlopen,30,774,0.1272727273,0.25,0,0.2,0,0,0.6947811516,1,0,0.125,0,0,1,0,0,0,0,0.1666666667,1,0.9692307692,0.03076923077,0.0243902439,0.125,0,0,0,0.04375,0,0,0.005221932115,0.1644908616,0.1514360313,0,0.1333333333,0.03535817308,0.04551640168,0.03858038462,0.03623576923,0.04481661429,0.4293303846,0.04449674951,0.3930946154,0.002583979328,0.3
https://www.29cm.co.kr,0,User_Normal_Seed,2026-04-26T13:12:16+00:00,https://www.29cm.co.kr,200,,urlopen,7,963,0.1,0.175,0,0.3,0,0.09090909091,0.6826257901,1,0,0.1666666667,0,0,1,0,0,0,0,0.03888888889,1,1,0,0,0.125,0,0,0,0.04375,0,0,0,0.08125,0.4479166667,0,0,0.02983280602,0.03760158023,0.03763130187,0.03433760373,0.03763130187,0.03763130187,0.03762446847,0.003293698133,0,0.03333333333
https://www.ably.com/login,0,User_Normal_Seed,2026-04-26T13:12:17+00:00,https://ably.com/login,200,,urlopen,22,43,0.1181818182,0.15,0.0375,0.2,0,0,0.7321794242,1,0.1,0.1666666667,0.25,0,1,0,0,0,0,0.1222222222,0.1653846154,1,0,0.5,0.375,0,0.1111111111,0.3333333333,0.4645833333,0,0,0.07142857143,0.6428571429,0,0,0,0.1077447115,0.1197525737,0.05226730769,0.1110012821,0.1877273077,0.4430173077,0.1246982988,0.39075,0.06976744186,0.1666666667
https://www.aladin.co.kr/login/welcome.aspx,0,User_Normal_Seed,2026-04-26T13:12:17+00:00,https://www.aladin.co.kr/login/welcome.aspx,200,,urlopen,9,669,0.1954545455,0.2,0.11875,0.4,0,0,0.7656013613,1,0.2,0.2916666667,0.1428571429,0,1,0,0,0,0,0.05,1,1,0,0,0.125,0,0,0,0.04375,0,0,0,0.03915662651,0.06626506024,0,0.01,0.02989988839,0.03754771742,0.03765212054,0.03437924107,0.03765212054,0.03765212054,0.0376228984,0.003272879464,0,0.03333333333
https://www.costco.co.kr/login,0,User_Normal_Seed,2026-04-26T13:12:16+00:00,https://www.costco.co.kr/login,200,,urlopen,49,599,0.1363636364,0.2,0.0375,0.3,0,0,0.6874683658,1,0.1,0.2083333333,0.2,0,1,0,0,0,0,0.2722222222,1,0.9536679537,0.04633204633,0.1333333333,0.625,0,0.09090909091,0.1818181818,0.4005681818,0,0,0.003460207612,0.04152249135,0.05882352941,0,0.1366666667,0.04223397541,0.05589207583,0.03984254098,0.06736008197,0.07696379098,0.430592541,0.05217313263,0.391832459,0.005008347245,0.5666666667
https://www.gsshop.com,0,User_Normal_Seed,2026-04-26T13:12:16+00:00,https://www.gsshop.com:443/index.gs,200,,urlopen,9,1171,0.1,0.175,0,0.2,0,0,0.6330390133,1,0,0.125,0,0,1,0,0,0,0,0.05,1,1,0,1,0,0,0,0,0,0,0,0,0.005128205128,0.8923076923,0,0.06,0.08308105802,0.09623486898,0,0.04819590444,0.1895823582,0.2855229522,0.1195523856,0.2409625,0,0.1
https://www.hyundaihmall.com/front/cob/loginForm.do,0,User_Normal_Seed,2026-04-26T13:12:16+00:00,https://www.hmall.com/md/dpl/index,200,,urlopen,3,82,0.2318181818,0.25,0.14375,0.3,0,0,0.780356736,1,0.3,0.2916666667,0,0,1,0,0,1,0.2,0.01666666667,0.3153846154,0,0,0,0,0,0,0,0,0,0,0,1,0,0,0,0.0298125,0.037625,0,0,0.037625,0.037625,0.037625,0,0,0.03333333333
https://www.kurly.com/member/login,0,User_Normal_Seed,2026-04-26T13:12:16+00:00,https://www.kurly.com/member/login,200,,urlopen,24,80,0.1545454545,0.1625,0.08125,0.2,0,0,0.7671869604,1,0.2,0.2083333333,0.2,0,1,0,0,0,0,0.1333333333,0.3076923077,0.2142857143,0.7857142857,0,0.125,0,0.5,0.5,0.54375,0,0,0,0.4736842105,0.1578947368,0,0.125,0.08636981707,0.09785147575,0.04757713415,0.1555667683,0.04757713415,0.2569042683,0.1052626041,0.2093271341,0.0125,0.3
https://www.wconcept.co.kr,0,User_Normal_Seed,2026-04-26T13:12:16+00:00,https://display.wconcept.co.kr/rn/women,200,,urlopen,15,95,0.1181818182,0.225,0,0.3,0,0,0.6569704207,1,0,0.1666666667,0,0,1,0,0,0,0,0.08333333333,0.3653846154,0.5,0.5,0.0487804878,0,0,0,0,0,0,0,0,0.829787234,0.04255319149,0,0.4545454545,0.04442578125,0.04896191492,0,0.0393453125,0.0442650343,0.2355101562,0.05585724284,0.1961648437,0,0.2
https://www.jejuair.net,0,User_Normal_Seed,2026-04-26T13:12:16+00:00,https://www.jejuair.net,200,,urlopen,3,10,0.1045454545,0.1875,0,0.2,0,0,0.6840486165,1,0,0.125,0,0,1,0,0,0,0,0.01666666667,0.03846153846,0,0,0,0,0,0,0,0,0,0,0,1,0,0,0,0.0298125,0.037625,0,0,0.037625,0.037625,0.037625,0,0,0.03333333333
https://github.com/login,0,User_Normal_Seed,2026-04-26T13:12:16+00:00,https://github.com/login,200,,urlopen,23,131,0.1090909091,0.125,0.0375,0.1,0,0,0.7009797349,1,0.1,0.125,0.3333333333,0.3333333333,1,0,0,0,0,0.1277777778,0.5038461538,1,0,1,0.125,0,0.0625,0.5,0.54375,0,0,0,0.8928571429,0,0,0.1428571429,0.2027295608,0.2313750305,0.06805472973,0.1568188345,0.3090172297,0.3090172297,0.2503034514,0.2409625,0.007633587786,0.06666666667
https://web.joongna.com,0,User_Normal_Seed,2026-04-26T13:12:16+00:00,https://web.joongna.com,200,,urlopen,6,737,0.1045454545,0.1875,0,0.2,0,0,0.72163666,1,0,0.125,0,0,1,0,0,0,0,0.03333333333,1,1,0,0,0,0,0,0,0,0,0,0,0.1413043478,0.04347826087,0,0,0.02983902439,0.03760293091,0,0.03434146341,0.03763323171,0.03763323171,0.03762431093,0.003291768293,0,0.03333333333
https://www.daangn.com,0,User_Normal_Seed,2026-04-26T13:12:16+00:00,https://www.daangn.com/kr/,200,,urlopen,17,157,0.1,0.175,0,0.2,0,0,0.6888645298,1,0,0.125,0,0,1,0,0,0,0,0.09444444444,0.6038461538,0.8815789474,0.1184210526,1,0.125,0,0,0,0.04375,0,0,0.01298701299,0,0,0,0.06172839506,0.05484303797,0.07361641904,0.04189287975,0.04286075949,0.4326428797,0.4326428797,0.06910924531,0.39075,0.0127388535,0.2333333333
https://dr-piel.com/214/,0,User_Normal_Seed,2026-04-26T13:12:16+00:00,https://dr-piel.com/214/,200,,urlopen,43,524,0.1090909091,0.1375,0.03125,0.1,0.08333333333,0.125,0.7427204547,1,0.1,0.1666666667,0,0,1,0,0,0,0,0.2388888889,1,0.9733333333,0.02666666667,0.84375,0.25,0,0,0,0.0875,0,0,0.007782101167,0.07003891051,0.05058365759,0,0.05063291139,0.05229679245,0.07192453033,0.04127764151,0.04163028302,0.2192465868,0.4165026415,0.06716732396,0.375225,0.007633587786,0.5
https://www.halfclub.com/home,0,User_Normal_Seed,2026-04-26T13:12:16+00:00,https://www.halfclub.com/home,200,,urlopen,27,50,0.1318181818,0.2,0.03125,0.2,0,0,0.7186005414,1,0.1,0.1666666667,0,0,1,0,0,0,0,0.15,0.1923076923,0.5833333333,0.4166666667,0.6153846154,0,0,0,0,0,0,0,0.08,0.32,0.12,0,0.07692307692,0.1471545,0.2253075445,0,0,0.2288798462,0.448301,0.185717,0.39075,0.08,0.4
https://www.asiae.co.kr/,0,User_Normal_Seed,2026-04-26T13:12:16+00:00,https://www.asiae.co.kr/,200,,urlopen,27,636,0.1090909091,0.1875,0.00625,0.3,0,0,0.6801093751,1,0,0.1666666667,0,0,1,0,0,0,0,0.15,1,0.9385245902,0.06147540984,0.04166666667,0.125,0,0,0,0.04375,0,0,0.003164556962,0.04430379747,0.1803797468,0,0.0431372549,0.04086253918,0.05494276875,0.0394976489,0.03807029781,0.05240876001,0.4186038989,0.0515897188,0.3805336011,0.004716981132,0.3333333333
https://library.cju.ac.kr/login,0,User_Normal_Seed,2026-04-26T13:12:16+00:00,https://library.cju.ac.kr/login,200,,urlopen,23,543,0.1409090909,0.2125,0.0375,0.3,0,0,0.7584482294,1,0.1,0.2083333333,0.2,0,1,0,0,0,0,0.1277777778,1,0.9876033058,0.01239669421,0.04347826087,0.25,0,0.1111111111,0.1111111111,0.1986111111,0,0,0,0.0641509434,0.02264150943,0,0.1933333333,0.03407690217,0.043675326,0.0384357337,0.05846591184,0.04891236413,0.2793982337,0.04208558552,0.2434517663,0.001841620626,0.1666666667
https://www.renault.co.kr/ko/side/app_testdrive.jsp,0,User_Normal_Seed,2026-04-26T13:12:16+00:00,https://www.renault.co.kr/ko/side/app_testdrive.jsp,200,,urlopen,93,271,0.2318181818,0.2125,0.1625,0.4,0,0,0.7649363155,1,0.3,0.375,0,0,1,0,0,0,0,0.5166666667,1,0.8928571429,0.1071428571,0.1627906977,0.25,0.5,0,0,0.0875,0,0.125,0.0404040404,0.2626262626,0.1313131313,0,0.2533333333,0.05555448529,0.06612269593,0.2903406618,0.04406882353,0.09554720246,0.5381844118,0.06737146713,0.4956875,0.0405904059,0.3
https://www.scourt.go.kr/portal/main.jsp,0,User_Normal_Seed,2026-04-26T13:12:16+00:00,https://www.scourt.go.kr/portal/main.jsp,200,,urlopen,17,689,0.1818181818,0.2,0.1,0.4,0,0,0.7413758467,1,0.2,0.2916666667,0,0,1,0,0,0,0,0.09444444444,1,0.9735849057,0.02641509434,0,0.125,0,0,0,0.04375,0,0,0,0.03225806452,0.1906158358,0,0.1166666667,0.03356195965,0.0421805188,0.03828152017,0.03563804035,0.03828152017,0.2336565202,0.04218471211,0.1980184798,0,0.1333333333
https://lalasweet.kr/member/login.html,0,User_Normal_Seed,2026-04-26T13:12:16+00:00,https://lalasweet.kr/member/login.html,200,,urlopen,46,130,0.1727272727,0.15,0.1125,0.2,0,0,0.7304610431,1,0.2,0.2083333333,0.2,0,1,0,0,0,0,0.2555555556,0.5,0.7894736842,0.2105263158,0.4473684211,0.25,0,0.08333333333,0.1666666667,0.2541666667,0,0,0.01754385965,0.3157894737,0.3333333333,0,0.2962962963,0.092025,0.1133525277,0.04859137324,0.08247441315,0.1383410443,0.2895538732,0.113198542,0.2409625,0.007692307692,0.4666666667
https://web.joongna.com/product/227160043,0,User_Normal_Seed,2026-04-26T13:12:17+00:00,https://web.joongna.com/product/227160043,200,,urlopen,6,757,0.1863636364,0.1875,0.1125,0.2,0,0.2195121951,0.8288458744,1,0.2,0.2083333333,0,0,1,0,0,0,0,0.03333333333,1,1,0,0,0,0,0,0,0,0,0,0,0.1349206349,0.07142857143,0,0,0.02983832454,0.03760300055,0,0.03434102902,0.03763301451,0.03763301451,0.03762432853,0.003291985488,0,0.03333333333
https://www.daangn.com/kr/buy-sell/%ED%95%B4%EB%B3%91%EB%8C%80-u-s-a-%EB%B2%99%EA%B1%B0%EC%A7%80-%EB%AA%A8%EC%9E%90-sp8mnxkwyetn/,0,User_Normal_Seed,2026-04-26T13:12:17+00:00,https://www.daangn.com/kr/buy-sell/%ED%95%B4%EB%B3%91%EB%8C%80-u-s-a-%EB%B2%99%EA%B1%B0%EC%A7%80-%EB%AA%A8%EC%9E%90-sp8mnxkwyetn/,200,,urlopen,19,202,0.5863636364,0.175,0.66875,0.2,0.5833333333,0.1705426357,0.8445321888,1,0.3,1,0,0,1,0,0,0,0,0.1055555556,0.7769230769,0.8732394366,0.1267605634,1,0,0,0,0,0,0,0,0.009900990099,0,0.2871287129,0,0.06578947368,0.07155,0.08974495739,0,0,0.1395779167,0.4354625,0.0903,0.39075,0.009900990099,0.3
https://zeropin.kr/,0,User_Normal_Seed,2026-04-26T13:12:17+00:00,https://zeropin.kr/,200,,urlopen,22,283,0.08636363636,0.125,0.00625,0.1,0,0,0.6694328732,1,0,0.08333333333,0,0,1,0,0,0,0,0.1222222222,1,0.9078947368,0.09210526316,0.09375,0.125,0,0,0,0.04375,0,0,0,0.07142857143,0.3857142857,0,0.02564102564,0.04617649648,0.0644804742,0.04038441901,0.03984383803,0.05901840339,0.281346919,0.05841018957,0.241503081,0,0.2666666667
https://www.kebhana.com/cont/mall/mall08/mall0802/mall080205/1420323_115201.jsp,0,User_Normal_Seed,2026-04-26T13:12:17+00:00,https://www.kebhana.com/cont/mall/mall08/mall0802/mall080205/1420323_115201.jsp,200,,urlopen,11,212,0.3590909091,0.1875,0.35,0.3,0,0.3164556962,0.7922901568,1,0.6,0.4583333333,0,0,1,0,0,0,0,0.06111111111,0.8153846154,0.8,0.2,0,0,0,0,0,0,0,0,0,0.4380952381,0.4666666667,0,0.9666666667,0.03333890187,0.04138143066,0,0.03557406542,0.03824953271,0.2336245327,0.04185139313,0.1980504673,0,0.1
https://www.banksalad.com/loan/prequalification/credit,0,User_Normal_Seed,2026-04-26T13:12:17+00:00,https://www.banksalad.com/loan/prequalification/credit,200,,urlopen,9,158,0.2454545455,0.2125,0.18125,0.2,0,0,0.7807073136,1,0.3,0.25,0,0,1,0,0,0,0,0.05,0.6076923077,0.9333333333,0.06666666667,0.015625,0,0,0,0,0,0,0,0,0.4050632911,0.4050632911,0,0,0.0348693038,0.04556250688,0,0,0.04224874159,0.2794462025,0.04400696203,0.2409625,0,0.1
https://www.digitalwooriib.co.kr/,0,User_Normal_Seed,2026-04-26T13:12:16+00:00,https://www.digitalwooriib.co.kr/,200,,urlopen,12,38,0.15,0.3,0.00625,0.3,0,0,0.7131981043,1,0,0.1666666667,0,0,1,0,0,0,0,0.06666666667,0.1461538462,0,1,0.25,0,0,0,0,0,0,0,0.05263157895,0.1578947368,0.4210526316,0,0.2222222222,0.1377651316,0.2261029753,0,0,0.1286794956,0.4467065789,0.1738671053,0.39075,0.05263157895,0.1666666667
https://www.yklawfirm.co.kr/,0,naver_search:대전 법무법인,2026-05-21T09:10:49+00:00,https://www.yklawfirm.co.kr/,200,,urlopen,59,454,0.1272727273,0.2375,0.00625,0.3,0,0,0.7214036546,1,0,0.1666666667,0,0,1,0,0,0,0,0.3277777778,1,0.7385620915,0.2614379085,0.08219178082,0,0,0,0,0,0,0,0.02212389381,0.07522123894,0.2256637168,0,0.01290322581,0.06946529605,0.1006954431,0,0.04781611842,0.07229401811,0.4351205592,0.08761750491,0.39075,0.02202643172,0.9
https://www.daegu.go.kr,0,User_Normal_Seed,2026-04-26T13:12:17+00:00,https://www.daegu.go.kr,200,,urlopen,43,953,0.1045454545,0.1875,0,0.3,0,0,0.6998588932,1,0,0.1666666667,0,0,1,0,0,0,0,0.2388888889,1,0.9044368601,0.09556313993,0,0.25,0,0,0,0.0875,0,0,0,0.01279317697,0.3624733475,0,0.02333333333,0.04042694502,0.05185128233,0.03945884336,0.03799268672,0.03945884336,0.2348338434,0.05077496842,0.1968411566,0,0.4666666667
https://www.ulsan.go.kr,0,User_Normal_Seed,2026-04-26T13:12:18+00:00,https://www.ulsan.go.kr/u/rep/main.ulsan,200,,urlopen,41,711,0.1045454545,0.1875,0,0.3,0,0,0.6998588932,1,0,0.1666666667,0,0,1,0,0,0,0,0.2277777778,1,0.9450171821,0.05498281787,0.01666666667,0.375,0,0,0,0.13125,0,0,0,0.03418803419,0.1367521368,0,0.03,0.03852951681,0.04890122525,0.03911680672,0.03730861345,0.04313284839,0.2800793067,0.04853287933,0.2427706933,0,0.5666666667
https://www.sejong.go.kr,0,User_Normal_Seed,2026-04-26T13:12:17+00:00,https://sso.sejong.go.kr/svc/tk/Auth.do?id=www.sejong.go.kr&ac=N&RelayState=%2Findex.jsp&ifa=N&,200,,urlopen,6,5,0.1090909091,0.2,0,0.3,0,0,0.6858282198,1,0,0.1666666667,0,0,1,0,0,0,0,0.03333333333,0.01923076923,0,0,0,0.125,0,0,0,0.04375,0,0,0,0,0,0,0,0.037153125,0.03916198489,0.039903125,0.03888125,0,0.039903125,0.03913671875,0.001021875,0,0.03333333333
https://www.fsc.go.kr,0,User_Normal_Seed,2026-04-26T13:12:17+00:00,https://www.fsc.go.kr/index,200,,urlopen,35,623,0.09545454545,0.1625,0,0.3,0,0,0.6643194015,1,0,0.1666666667,0,0,1,0,0,0,0,0.1944444444,1,0.8905109489,0.1094890511,0.02857142857,0.125,0,0,0,0.04375,0,0,0.003236245955,0.05177993528,0.05825242718,0,0.08666666667,0.04819384984,0.06164438686,0.04075954473,0.04059408946,0.05192383044,0.4315095447,0.06073239979,0.3909154553,0.003210272873,0.4666666667
https://www.miraeasset.com,0,User_Normal_Seed,2026-04-26T13:12:17+00:00,https://www.miraeasset.com,200,,urlopen,87,185,0.1181818182,0.225,0,0.2,0,0,0.6849424487,1,0,0.125,0,0,1,0,0,0,0,0.4833333333,0.7115384615,0.4605263158,0.5394736842,0.1428571429,0.125,0,0,0,0.04375,0,0,0,0.1111111111,0.04444444444,0,0.07317073171,0.1128386968,0.1330986684,0.05176768617,0.06261037234,0.08619090046,0.2927301862,0.1424573464,0.2409625,0,1
https://www.kiwoom.com,0,User_Normal_Seed,2026-04-26T13:12:17+00:00,https://www.kiwoom.com,200,,urlopen,13,12,0.1,0.175,0,0.2,0,0,0.639277753,1,0,0.125,0,0,1,0,0,0,0,0.07222222222,0.04615384615,0,1,0,0,0,0,0,0,0,0,0,0,0,0,0,0.2086875,0.263375,0,0,0,0.263375,0.263375,0,0,0.2
https://www.hanyang.ac.kr,0,User_Normal_Seed,2026-04-26T13:12:18+00:00,https://www.hanyang.ac.kr/web/www/home,200,,urlopen,18,610,0.1136363636,0.2125,0,0.3,0,0,0.6824126708,1,0,0.1666666667,0,0,1,0,0,0,0,0.1,1,0.9789473684,0.02105263158,0,0.125,0,0,0,0.04375,0,0,0,0.0198019802,0.0396039604,0,0.05,0.03338382353,0.04192864353,0.03824044118,0.03555588235,0.03824044118,0.2336154412,0.04205377739,0.1980595588,0,0.2
https://www.ewha.ac.kr,0,User_Normal_Seed,2026-04-26T13:12:17+00:00,https://www.ewha.ac.kr/ewha/index.do,200,,urlopen,29,683,0.1,0.175,0,0.3,0,0,0.639277753,1,0,0.1666666667,0,0,1,0,0,0,0,0.1611111111,1,0.9652777778,0.03472222222,0.06382978723,0.25,0,0,0,0.0875,0,0,0,0.03582089552,0.1044776119,0,0.04,0.03590895954,0.04416768692,0.03869602601,0.03646705202,0.04410001537,0.234071026,0.04501879114,0.197603974,0,0.2666666667
https://www.kbs.co.kr,0,User_Normal_Seed,2026-04-26T13:12:17+00:00,https://www.kbs.co.kr,200,,urlopen,8,12,0.09545454545,0.1625,0,0.3,0,0,0.6470033842,1,0,0.1666666667,0,0,1,0,0,0,0,0.04444444444,0.04615384615,1,0,0.4,0,0,0,0,0,0,0,0,0.8333333333,0,0,0.6666666667,0.10335,0.1361705357,0,0,0.1464975,0.291075,0.1304333333,0.2409625,0,0.1
https://www.boannews.com,0,User_Normal_Seed,2026-04-26T13:12:17+00:00,https://www.boannews.com,200,,urlopen,46,670,0.1090909091,0.2,0,0.2,0,0,0.6821143941,1,0,0.125,0,0,1,0,0,0,0,0.2555555556,1,0.9414634146,0.05853658537,0.01652892562,0.25,0,0,0,0.0875,0,0,0.02147239264,0.02760736196,0.3220858896,0,0.01442307692,0.03824868421,0.04972552258,0.03910230263,0.03727960526,0.04479352164,0.4182085526,0.04789651239,0.3809289474,0.00447761194,0.4333333333
https://www.navercorp.com,0,User_Normal_Seed,2026-04-26T13:12:17+00:00,https://www.navercorp.com,200,,urlopen,28,409,0.1136363636,0.2125,0,0.2,0,0,0.7079383072,1,0,0.125,0,0,1,0,0,0,0,0.1555555556,1,0.7911392405,0.2088607595,0.08695652174,0,0,0,0,0,0,0,0,0.04411764706,0.181372549,0,0.1770833333,0.06295939024,0.08457052879,0,0.04559585366,0.0642136877,0.2842229268,0.07942413623,0.2409625,0,0.4
https://www.clien.net,0,User_Normal_Seed,2026-04-26T13:12:17+00:00,https://www.clien.net/service/,200,,urlopen,14,621,0.09545454545,0.1625,0,0.2,0,0,0.6470033842,1,0,0.125,0,0,1,0,0,0,0,0.07777777778,1,1,0,0.2222222222,0.125,0,0,0,0.04375,0,0,0,0.05825242718,0,0,0.03,0.03268143087,0.04297048472,0.03811659968,0.03530819936,0.0916638219,0.2790790997,0.04120676559,0.2437709003,0,0.1666666667
https://www.halfclub.com/home?_n_m2=h_naver_mall&gSeq=3150932946&partnerid=h_naver_mall&mt=20260426232453&NaPm=ct%3Dmofi60w8%7Cci%3D2c78da1cab2ef073c2f175cc804245e4405614e0%7Ctr%3Dsbml%7Csn%3D270%7Cic%3D%7Chk%3D572474b315ef06d4288557e7b45f772a22e4fe6c,0,User_Normal_Seed,2026-04-26T13:12:17+00:00,https://www.halfclub.com/home?_n_m2=h_naver_mall&gSeq=3150932946&partnerid=h_naver_mall&mt=20260426232453&NaPm=ct%3Dmofi60w8%7Cci%3D2c78da1cab2ef073c2f175cc804245e4405614e0%7Ctr%3Dsbml%7Csn%3D270%7Cic%3D%7Chk%3D572474b315ef06d4288557e7b45f772a22e4fe6c,200,,urlopen,27,50,1,0.2,0.03125,0.2,0,0.3824701195,0.9279588108,1,0.1,1,0,0.08,1,0,0,0,0,0.15,0.1923076923,0.5833333333,0.4166666667,0.6153846154,0,0,0,0,0,0,0,0.08,0.32,0.12,0,0.07692307692,0.1471545,0.2253075445,0,0,0.2288798462,0.448301,0.185717,0.39075,0.08,0.4
https://www.jeonnam.go.kr,0,Holdout_User_Normal,2026-04-26T21:03:03+00:00,https://www.jeonnam.go.kr,200,,urlopen,19,104,0.1136363636,0.2125,0,0.3,0,0,0.7169936708,1,0,0.1666666667,0,0,1,0,0,0,0,0.1055555556,0.4,0.04347826087,0.9565217391,0,0,0,0,0,0,0,0,0,0.05769230769,0.5,0,0,0.1054903846,0.1553113274,0,0,0.05047596154,0.2458509615,0.1331346154,0.195375,0,0.2666666667
https://www.gyeongnam.go.kr,0,Holdout_User_Normal,2026-04-26T21:03:03+00:00,https://www.gyeongnam.go.kr,200,,urlopen,8,36,0.1227272727,0.2375,0,0.3,0,0,0.7145946131,1,0,0.1666666667,0,0,1,0,0,0,0,0.04444444444,0.1384615385,0.5,0.5,0,0,0,0,0,0,0,0,0,0,0.5555555556,0,0,0.0695625,0.1044903846,0,0,0.044375,0.23975,0.08779166667,0.195375,0,0.1
https://www.gb.go.kr,0,Holdout_User_Normal,2026-04-26T21:03:05+00:00,https://www.gb.go.kr,200,,urlopen,43,779,0.09090909091,0.15,0,0.3,0,0,0.6448071536,1,0,0.1666666667,0,0,1,0,0,0,0,0.2388888889,1,0.9425675676,0.05743243243,0.06818181818,0.375,0,0,0,0.13125,0,0,0.015625,0.02083333333,0.1927083333,0,0.01333333333,0.04317044005,0.06327857288,0.03991087372,0.03889674745,0.06655291918,0.4306608737,0.0543517012,0.3917641263,0.01540436457,0.5666666667
https://www.jeonbuk.go.kr,0,Holdout_User_Normal,2026-04-26T21:03:04+00:00,https://www.jeonbuk.go.kr/index.jeonbuk?contentsSid=1807,200,,urlopen,4,6,0.1136363636,0.2125,0,0.3,0,0,0.7169936708,1,0,0.1666666667,0,0,1,0,0,0,0,0.02222222222,0.02307692308,1,0,0,0,0,0,0,0,0,0,0,0,0.3333333333,0,0,0.0298125,0.037625,0,0,0.037625,0.037625,0.037625,0,0,0.03333333333
https://www.ansan.go.kr,0,Holdout_User_Normal,2026-04-26T21:03:03+00:00,https://www.ansan.go.kr,200,,urlopen,11,10,0.1045454545,0.1875,0,0.3,0,0,0.6682383398,1,0,0.1666666667,0,0,1,0,0,0,0,0.06111111111,0.03846153846,0,1,0,0,0,0,0,0,0,0,0,0,0,0,0,0.2086875,0.263375,0,0,0,0.263375,0.263375,0,0,0.1666666667
https://www.anseong.go.kr,0,Holdout_User_Normal,2026-04-26T21:03:07+00:00,https://www.anseong.go.kr/intro.jsp,200,,urlopen,23,66,0.1136363636,0.2125,0,0.3,0,0,0.6879027617,1,0,0.1666666667,0,0,1,0,0,0,0,0.1277777778,0.2538461538,0.6666666667,0.3333333333,0,0,0,0,0,0,0,0,0,0.06060606061,0.0303030303,0,0.03225806452,0.08401704545,0.1045758509,0,0,0.04682954545,0.2422045455,0.1060340909,0.195375,0,0.3333333333
https://www.cheongju.go.kr,0,Holdout_User_Normal,2026-04-26T21:03:05+00:00,https://intro.cheongju.go.kr/,200,,urlopen,15,38,0.1181818182,0.225,0,0.3,0,0,0.7181934103,1,0,0.1666666667,0,0,1,0,0,0,0,0.08333333333,0.1461538462,0.5714285714,0.4285714286,0,0,0,0,0,0,0,0,0,0.1578947368,0.1052631579,0,0.06666666667,0.08629934211,0.1058296053,0,0,0.04721710526,0.2425921053,0.1089144737,0.195375,0,0.2
https://www.osan.go.kr,0,Holdout_User_Normal,2026-04-26T21:03:03+00:00,http://www.osan.go.kr/main.do,200,,urlopen,3,2,0.1,0.175,0,0.3,0,0,0.6660968645,1,0,0.1666666667,0,0,1,0,0,0,0,0.01666666667,0.007692307692,0,0,1,0,0,0,0,0,0,0,0,1,0,0,0,0.250425,0.31605,0,0,0.31605,0.31605,0.31605,0,0,0.03333333333
https://www.cheonan.go.kr,0,Holdout_User_Normal,2026-04-26T21:03:03+00:00,https://www.cheonan.go.kr,200,,urlopen,12,26,0.1136363636,0.2125,0,0.3,0,0,0.7024482163,1,0,0.1666666667,0,0,1,0,0,0,0,0.06666666667,0.1,0.6666666667,0.3333333333,0,0,0,0,0,0,0,0,0,0,0.07692307692,0,0,0.08485096154,0.1094911538,0,0,0.04697115385,0.2423461538,0.1070865385,0.195375,0,0.1666666667
https://www.hanam.go.kr,0,Holdout_User_Normal,2026-04-26T21:03:03+00:00,https://www.hanam.go.kr/intro_new.do,200,,urlopen,12,108,0.1045454545,0.1875,0,0.3,0,0,0.6840486165,1,0,0.1666666667,0,0,1,0,0,0,0,0.06666666667,0.4153846154,0.7857142857,0.2142857143,0,0.25,0,0,0,0.0875,0,0,0,0.12,0.04,0,0.06666666667,0.059259375,0.06620728383,0.04272366071,0.04452232143,0.04272366071,0.2380986607,0.07425169005,0.195375,0,0.06666666667
https://www.changwon.go.kr,0,Holdout_User_Normal,2026-04-26T21:03:03+00:00,https://www.changwon.go.kr,200,,urlopen,7,22,0.1181818182,0.225,0,0.3,0,0,0.6815143019,1,0,0.1666666667,0,0,1,0,0,0,0,0.03888888889,0.08461538462,0.75,0.25,0,0,0,0,0,0,0,0,0,0.2727272727,0.3636363636,0,0,0.04607386364,0.05814772727,0,0,0.04038636364,0.2357613636,0.05814772727,0.195375,0,0.06666666667
https://www.gumi.go.kr,0,Holdout_User_Normal,2026-04-26T21:03:05+00:00,https://www.gumi.go.kr/main.do,200,,urlopen,58,630,0.1,0.175,0,0.3,0,0,0.6826257901,1,0,0.1666666667,0,0,1,0,0,0,0,0.3222222222,1,0.8434163701,0.1565836299,0.07142857143,0.375,0,0,0,0.13125,0,0,0,0.06148867314,0.02912621359,0,0.06333333333,0.05523466981,0.06671893924,0.04196792453,0.04301084906,0.04801524596,0.2373429245,0.06955308977,0.195375,0,0.8
https://www.siheung.go.kr,0,Holdout_User_Normal,2026-04-26T21:03:03+00:00,https://www.siheung.go.kr,200,,urlopen,3,2,0.1136363636,0.2125,0,0.3,0,0,0.7024482163,1,0,0.1666666667,0,0,1,0,0,0,0,0.01666666667,0.007692307692,0,0,0,0,0,0,0,0,0,0,0,1,0,0,0,0.0298125,0.037625,0,0,0.037625,0.037625,0.037625,0,0,0.03333333333
https://www.yangju.go.kr,0,Holdout_User_Normal,2026-04-26T21:03:04+00:00,https://www.yangju.go.kr/www/index.do,200,,urlopen,43,864,0.1090909091,0.2,0,0.3,0,0,0.7161312501,1,0,0.1666666667,0,0,1,0,0,0,0,0.2388888889,1,0.9297658863,0.07023411371,0.03053435115,0.125,0,0,0,0.04375,0,0,0.002325581395,0.03720930233,0.2651162791,0,0.003333333333,0.04024044457,0.0528614247,0.03940213626,0.03787927252,0.04556664008,0.2803646363,0.05073557569,0.2424853637,0,0.6
https://www.pohang.go.kr,0,Holdout_User_Normal,2026-04-26T21:03:04+00:00,https://www.pohang.go.kr/main.do,200,,urlopen,101,611,0.1090909091,0.2,0,0.3,0,0,0.6706767046,1,0,0.1666666667,0,0,1,0,0,0,0,0.5611111111,1,0.7984790875,0.2015209125,0.03225806452,0.5,0,0,0,0.175,0,0,0,0.07482993197,0.0306122449,0,0.1233333333,0.06127511981,0.07196254932,0.0430336262,0.0451422524,0.05080661007,0.2839961262,0.07698719455,0.2409625,0,1
https://www.chuncheon.go.kr,0,Holdout_User_Normal,2026-04-26T21:03:04+00:00,https://www.chuncheon.go.kr/cityhall/,200,,urlopen,16,766,0.1227272727,0.2375,0,0.3,0,0,0.7011265997,1,0,0.1666666667,0,0,1,0,0,0,0,0.08888888889,1,1,0,0.03937007874,0.125,0,0,0,0.04375,0,0,0.005249343832,0.03674540682,0.2913385827,0,0.1533333333,0.03307763672,0.04614236958,0.03818662109,0.03544824219,0.0488014833,0.4289366211,0.04168300323,0.3934883789,0.005221932115,0.1666666667
https://www.geoje.go.kr,0,Holdout_User_Normal,2026-04-26T21:03:04+00:00,https://www.geoje.go.kr/index.geoje,200,,urlopen,32,65,0.1045454545,0.1875,0,0.3,0,0,0.6682383398,1,0,0.1666666667,0,0,1,0,0,0,0,0.1777777778,0.25,0.5294117647,0.4705882353,0.4615384615,0.125,0,0,0,0.04375,0,0,0,0.2,0.2333333333,0,0.15,0.1116959559,0.1412265511,0.05165110294,0.06237720588,0.1628645645,0.2926136029,0.1410909061,0.2409625,0,0.4333333333
https://www.andong.go.kr,0,Holdout_User_Normal,2026-04-26T21:03:03+00:00,https://www.andong.go.kr,200,,urlopen,17,32,0.1090909091,0.2,0,0.3,0,0,0.6858282198,1,0,0.1666666667,0,0,1,0,0,0,0,0.09444444444,0.1230769231,0.3636363636,0.6363636364,0,0,0,0,0,0,0,0,0,0.1875,0.125,0,0,0.1080703125,0.1313625919,0,0,0.0509140625,0.2462890625,0.136390625,0.195375,0,0.2333333333
https://www.yangsan.go.kr,0,Holdout_User_Normal,2026-04-26T21:03:04+00:00,https://www.yangsan.go.kr/intro.jsp,200,,urlopen,4,10,0.1136363636,0.2125,0,0.3,0,0,0.6879027617,1,0,0.1666666667,0,0,1,0,0,0,0,0.02222222222,0.03846153846,1,0,0,0,0,0,0,0,0,0,0,0.6,0,0,0,0.0298125,0.037625,0,0,0.037625,0.037625,0.037625,0,0,0.03333333333
https://www.mokpo.go.kr,0,Holdout_User_Normal,2026-04-26T21:03:04+00:00,https://www.mokpo.go.kr/www,200,,urlopen,34,752,0.1045454545,0.1875,0,0.3,0,0,0.646460573,1,0,0.1666666667,0,0,1,0,0,0,0,0.1888888889,1,0.9593220339,0.0406779661,0.01315789474,0.25,0,0,0,0.0875,0,0,0,0.02964959569,0.1752021563,0,0.01666666667,0.03621312665,0.04590574769,0.03873367414,0.03654234828,0.04190423335,0.2796961741,0.04552078376,0.2431538259,0,0.4
https://www.gunsan.go.kr,0,Holdout_User_Normal,2026-04-26T21:03:03+00:00,https://www.gunsan.go.kr,200,,urlopen,8,24,0.1090909091,0.2,0,0.3,0,0,0.6858282198,1,0,0.1666666667,0,0,1,0,0,0,0,0.04444444444,0.09230769231,0.8333333333,0.1666666667,0.1666666667,0,0,0,0,0,0,0,0,0.08333333333,0.4166666667,0,0,0.063103125,0.1019973873,0,0,0.08343854167,0.284240625,0.07963958333,0.2409625,0,0.1
https://www.jinju.go.kr,0,Holdout_User_Normal,2026-04-26T21:03:07+00:00,https://www.jinju.go.kr/main.web,200,,urlopen,37,785,0.1045454545,0.1875,0,0.3,0,0,0.6998588932,1,0,0.1666666667,0,0,1,0,0,0,0,0.2055555556,1,0.9556313993,0.04436860068,0.03092783505,0.375,0,0,0,0.13125,0,0,0,0.03846153846,0.2102564103,0,0.02657807309,0.03707433206,0.04796635533,0.03886164122,0.03679828244,0.04470274947,0.2798241412,0.04676087568,0.2430258588,0,0.5333333333
https://www.hongcheon.go.kr,0,Holdout_User_Normal,2026-04-26T21:03:04+00:00,https://www.hongcheon.go.kr/hongcheon_intro_new/intro.html,200,,urlopen,6,19,0.1227272727,0.2375,0,0.3,0,0,0.6825751687,1,0,0.1666666667,0,0,1,0,0,0,0,0.03333333333,0.07307692308,1,0,0,0.125,0,0,0,0.04375,0,0,0,0.3333333333,0.3333333333,0,0.4,0.03079125,0.03709435127,0,0.0349325,0.03792875,0.03792875,0.037629125,0.00299625,0,0.03333333333
https://www.iksan.go.kr,0,Holdout_User_Normal,2026-04-26T21:03:03+00:00,https://www.iksan.go.kr,200,,urlopen,4,20,0.1045454545,0.1875,0,0.3,0,0,0.6840486165,1,0,0.1666666667,0,0,1,0,0,0,0,0.02222222222,0.07692307692,1,0,0,0,0,0,0,0,0,0,0,0.1,0,0,0,0.0298125,0.037625,0,0,0.037625,0.037625,0.037625,0,0,0.03333333333
https://www.gjcity.go.kr,0,Holdout_User_Normal,2026-04-26T21:03:05+00:00,https://www.gjcity.go.kr/intro3.jsp,200,,urlopen,6,10,0.1090909091,0.2,0,0.3,0,0,0.6952608902,1,0,0.1666666667,0,0,1,0,0,0,0,0.03333333333,0.03846153846,0.5,0.5,0,0,0,0,0,0,0,0,0,0,0.6,0,0,0.0655875,0.09952142857,0,0,0.0437,0.239075,0.082775,0.195375,0,0.06666666667
https://www.nonsan.go.kr,0,Holdout_User_Normal,2026-04-26T21:03:05+00:00,https://www.nonsan.go.kr,200,,urlopen,30,866,0.1090909091,0.2,0,0.3,0,0,0.6649578599,1,0,0.1666666667,0,0,1,0,0,0,0,0.1666666667,1,0.9724137931,0.0275862069,0.05035971223,0.25,0,0,0,0.0875,0,0,0,0.04662004662,0.2773892774,0,0.03333333333,0.03476844828,0.04385759035,0.03847922414,0.03603344828,0.04386726371,0.2794417241,0.0437715331,0.2434082759,0,0.3666666667
https://www.suwon.go.kr,0,Holdout_User_Normal,2026-04-26T21:03:04+00:00,https://www.suwon.go.kr,200,,urlopen,3,6,0.1045454545,0.1875,0,0.3,0,0,0.6583955533,1,0,0.1666666667,0,0,1,0,0,0,0,0.01666666667,0.02307692308,0,0,0,0,0,0,0,0,0,0,0,1,0,0,0,0.0298125,0.037625,0,0,0.037625,0.037625,0.037625,0,0,0.03333333333
https://www.seocho.go.kr,0,Holdout_User_Normal,2026-04-26T21:03:04+00:00,https://www.seocho.go.kr,200,,urlopen,9,8,0.1090909091,0.2,0,0.3,0,0,0.6649578599,1,0,0.1666666667,0,0,1,0,0,0,0,0.05,0.03076923077,0,1,0,0,0,0,0,0,0,0,0,0,0,0,0,0.2086875,0.263375,0,0,0,0.263375,0.263375,0,0,0.1333333333
https://www.samcheok.go.kr,0,Holdout_User_Normal,2026-04-26T21:03:04+00:00,https://www.samcheok.go.kr/portal/intro/intro.jsp,200,,urlopen,5,8,0.1181818182,0.225,0,0.3,0,0,0.7042073963,1,0,0.1666666667,0,0,1,0,0,0,0,0.02777777778,0.03076923077,0.75,0.25,0,0,0,0,0,0,0,0,0,0,0,0,0,0.07453125,0.0940625,0,0,0,0.24059375,0.0940625,0.195375,0,0.06666666667
https://www.paju.go.kr,0,Holdout_User_Normal,2026-04-26T21:03:07+00:00,https://www.paju.go.kr/index.do,200,,urlopen,48,995,0.1,0.175,0,0.3,0,0,0.6826257901,1,0,0.1666666667,0,0,1,0,0,0,0,0.2666666667,1,0.9139784946,0.08602150538,0,0.25,0,0,0,0.0875,0,0,0.002036659878,0.02443991853,0.4052953157,0,0.07,0.03853976594,0.0495984594,0.03913164841,0.03733829681,0.03913164841,0.2345066484,0.04844013413,0.1971683516,0,0.5666666667
https://kkscript.com/open/ig/3854802988750196647/DV_AuUHkc-n,1,Holdout_Nurilab_Page7,2026-04-26T21:03:04+00:00,https://kkscript.com/open/ig/3854802988750196647/DV_AuUHkc-n,200,,urlopen,5,4,0.2727272727,0.15,0.25,0.1,0.08333333333,0.3166666667,0.8844973052,1,0.4,0.2916666667,0,0,1,0,0,0,0,0.02777777778,0.01538461538,0,0,1,0,0,0,0,0,0,0,0,0.5,0.5,0,0,0.178875,0.2678307692,0,0,0.22575,0.3039,0.22575,0.1563,0,0.06666666667
http://hidn99.com/,1,Holdout_Nurilab_Page6,2026-04-26T21:03:27+00:00,http://hidn99.com/,200,,public_dns,3,2,0.08181818182,0.125,0.00625,0.1,0,0.1111111111,0.6495329548,0,0,0.08333333333,0,0,1,0,0,0,0,0.01666666667,0.007692307692,0,0,1,0,0,0,0,0,0,0,0,1,0,0,0,0.250425,0.31605,0,0,0.31605,0.31605,0.31605,0,0,0.03333333333
https://fsd-z.com/,1,Holdout_Nurilab_Page7,2026-04-26T21:03:27+00:00,https://fsd-z.com/,200,,public_dns,8,15,0.08181818182,0.1125,0.00625,0.1,0.08333333333,0,0.669734975,1,0,0.08333333333,0,0,1,0,0,0,0,0.04444444444,0.05769230769,0,1,0.5,0,0,0,0,0,0,0,0,0.1428571429,0.1428571429,0,0.1666666667,0.170409375,0.195938125,0,0.08241875,0.182153125,0.302634375,0.2164949219,0.2409625,0,0.1
https://profit-market.info/birthday-17-years-uz/?utm_source=in_telegram&utm_medium=integration&utm_campaign=MAXTRADE_March2026_GOLDCOMMENT&g=MAXTRADE,1,Holdout_Nurilab_Page8,2026-04-26T21:03:05+00:00,https://profit-market.info/birthday-17-years-uz/?utm_source=in_telegram&utm_medium=integration&utm_campaign=MAXTRADE_March2026_GOLDCOMMENT&g=MAXTRADE,200,,urlopen,5,4,0.6772727273,0.225,0.1375,0.1,0.3333333333,0.04026845638,0.9367577136,1,0.1,0.8333333333,0,0,1,0,0,0,0,0.02777777778,0.01538461538,0,0,0.5,0,0,0,0,0,0,0,0,1,0,0,0,0.14011875,0.1768375,0,0,0.1768375,0.29731875,0.1768375,0.2409625,0,0.06666666667
https://fleamarket.naverpaymente.com/products/product/EHXNXNPCHR528MSESBXULD8ACH/,1,Holdout_Nurilab_Page8,2026-04-26T21:03:05+00:00,https://fleamarket.naverpaymente.com/products/product/EHXNXNPCHR528MSESBXULD8ACH/,200,,urlopen,3,2,0.3681818182,0.35,0.28125,0.2,0,0.04938271605,0.9048804091,1,0.3,0.25,0,0,1,0,0,0,0,0.01666666667,0.007692307692,0,0,1,0,0,0,0,0,0,0,0,1,0,0,0,0.250425,0.31605,0,0,0.31605,0.31605,0.31605,0,0,0.03333333333
https://pinnaclegroup.co.tz/sm/hiworks/,1,Holdout_Nurilab_Page9,2026-04-26T21:03:05+00:00,https://pinnaclegroup.co.tz/sm/hiworks/,200,,urlopen,9,29,0.1772727273,0.2375,0.075,0.2,0,0,0.7622447368,1,0.2,0.2083333333,0,0,1,0,0,0,0,0.05,0.1115384615,0,1,0,0.125,0,0.3333333333,0.3333333333,0.3770833333,0,0,0,0.08333333333,0.08333333333,0,0,0.1753523438,0.176080567,0.0633171875,0.1532677083,0.0633171875,0.288384375,0.2145032227,0.2250671875,0.03448275862,0.06666666667
http://wis-whcapp.com/,1,Holdout_Nurilab_Page9,2026-04-26T21:03:04+00:00,http://wis-whcapp.com/,200,,urlopen,3,2,0.1,0.175,0.00625,0.1,0.08333333333,0,0.6660968645,0,0,0.125,0,0,1,0,0,0,0,0.01666666667,0.007692307692,0,0,1,0,0,0,0,0,0,0,0,1,0,0,0,0.250425,0.31605,0,0,0.31605,0.31605,0.31605,0,0,0.03333333333
http://pay.naver.cafe-149.vip/?pd=56454443pay.com545,1,Holdout_Nurilab_Page9,2026-04-26T21:03:05+00:00,http://pay.naver.cafe-149.vip/?pd=56454443pay.com545,200,,urlopen,2,1,0.2363636364,0.275,0.00625,0.4,0.08333333333,0.2692307692,0.8061138544,0,0,0.3333333333,0.125,0.125,1,0,0,0,0,0.01111111111,0.003846153846,0,0,0,0,0,0,0,0,0,0,0,0,0,1,0,0.37125,0.37875,0,0,0,0.37875,0.37875,0,1,0
http://bacchuswine.biz/,1,Holdout_Nurilab_Page10,2026-04-26T21:03:05+00:00,http://bacchuswine.biz/,200,,urlopen,3,2,0.1045454545,0.1875,0.00625,0.1,0,0,0.7058263833,0,0,0.08333333333,0,0,1,0,0,0,0,0.01666666667,0.007692307692,0,0,1,0,0,0,0,0,0,0,0,1,0,0,0,0.250425,0.31605,0,0,0.31605,0.31605,0.31605,0,0,0.03333333333
https://pinnaclegroup.co.tz/sm/hiworks/?id=ecenfvaavdcwlhkpkxwdxuzuisxvcoulzbdayllolccyqzxmwm$YWhuY2hAc3NwaGFybS5jby5rcg==$xwnezjxzqsbwbjdfiorgrjmcsanszeybdndgnuotfvrqhyjyll,1,Holdout_Nurilab_Page10,2026-04-26T21:03:06+00:00,https://pinnaclegroup.co.tz/sm/hiworks/?id=ecenfvaavdcwlhkpkxwdxuzuisxvcoulzbdayllolccyqzxmwm$YWhuY2hAc3NwaGFybS5jby5rcg==$xwnezjxzqsbwbjdfiorgrjmcsanszeybdndgnuotfvrqhyjyll,200,,urlopen,9,29,0.7863636364,0.2375,0.075,0.2,0,0.02312138728,0.9299992111,1,0.2,0.2916666667,0,0,1,0,0,0,0,0.05,0.1115384615,0,1,0,0.125,0,0.3333333333,0.3333333333,0.3770833333,0,0,0,0.08333333333,0.08333333333,0,0,0.1753523438,0.176080567,0.0633171875,0.1532677083,0.0633171875,0.288384375,0.2145032227,0.2250671875,0.03448275862,0.06666666667
http://ejhd-tg.com/,1,Holdout_Nurilab_Page8,2026-04-26T21:03:29+00:00,https://ejhd-tg.com/,200,,public_dns,3,6,0.08636363636,0.1375,0.00625,0.1,0.08333333333,0,0.6622090694,0,0,0.125,0,0,1,0,0,0,0,0.01666666667,0.02307692308,0,0,0,0,0,0,0,0,0,0,0,1,0,0,0,0.0298125,0.037625,0,0,0.037625,0.037625,0.037625,0,0,0.03333333333
http://nhn-cafeview.com/,1,Holdout_Nurilab_Page9,2026-04-26T21:03:27+00:00,http://nhn-cafeview.com/,200,,public_dns,3,2,0.1090909091,0.2,0.00625,0.1,0.08333333333,0,0.7218500948,0,0,0.125,0,0,1,0,0,0,0,0.01666666667,0.007692307692,0,0,1,0,0,0,0,0,0,0,0,1,0,0,0,0.250425,0.31605,0,0,0.31605,0.31605,0.31605,0,0,0.03333333333
http://www.wooyoungmi-hot.top/products/detail/17834252?utm_source=event_newsletter&utm_medium=carts_recovery_3&utm_mode=skip_if_exists&data_from=event_newsletter&task_id=12888017&task_auth=4e25f9f4367875ce6dac207f8269b6e4,1,Holdout_Nurilab_Page8,2026-04-26T21:03:30+00:00,https://www.wooyoungmi-hot.top/products/detail/17834252?utm_source=event_newsletter&utm_medium=carts_recovery_3&utm_mode=skip_if_exists&data_from=event_newsletter&task_id=12888017&task_auth=4e25f9f4367875ce6dac207f8269b6e4,200,,public_dns,9,37,1,0.275,0.15625,0.2,0.08333333333,0.1719457014,0.9023503637,0,0.3,1,0.03333333333,0,1,0,0,0,0,0.05,0.1423076923,1,0,0.5384615385,0.125,0,0,0,0.04375,0,0,0,0.1764705882,0.5882352941,0,0.3333333333,0.05888486842,0.05649310466,0.04263421053,0.04434342105,0.08822171053,0.1272967105,0.07391561634,0.0846625,0,0.06666666667
https://imbioipo.com/,1,Holdout_Nurilab_Page10,2026-04-26T21:03:29+00:00,https://imbioipo.com/,200,,public_dns,10,10,0.09545454545,0.15,0.00625,0.1,0,0,0.6231515443,1,0,0.08333333333,0,0,1,0,0,0,0,0.05555555556,0.03846153846,0,0,0.5,0.125,0,0,0,0.04375,0,0,0,0.5,0.5,0,0,0.06692142857,0.06648174603,0.0447125,0.0485,0.16519375,0.285675,0.0813,0.2409625,0,0.06666666667
https://kkscript.com/open/ig/3812246752888814440/DTn0jk-Evto,1,Holdout_Nurilab_Page11,2026-04-26T21:03:05+00:00,https://kkscript.com/open/ig/3812246752888814440/DTn0jk-Evto,200,,urlopen,5,4,0.2727272727,0.15,0.25,0.1,0.08333333333,0.3333333333,0.8493165765,1,0.4,0.2916666667,0,0,1,0,0,0,0,0.02777777778,0.01538461538,0,0,1,0,0,0,0,0,0,0,0,0.5,0.5,0,0,0.178875,0.2678307692,0,0,0.22575,0.3039,0.22575,0.1563,0,0.06666666667
https://kakaotalk.download.beer/,1,Holdout_Nurilab_Page11,2026-04-26T21:03:05+00:00,https://kakaotalk.download.beer/,200,,urlopen,14,50,0.1454545455,0.2875,0.00625,0.2,0,0,0.7101161931,1,0,0.125,0,0,1,0,0,0,0,0.07777777778,0.1923076923,0.5714285714,0.4285714286,0.09090909091,0,0,0,0,0,0,0,0,0.04,0.4,0,0,0.081567,0.1225677339,0,0,0.06831918182,0.287376,0.102942,0.2409625,0,0.2
https://i0311.amarkets.agency/fx-uz/?utm_source=in_telegram&utm_medium=integration&utm_campaign=MAGDAG_MARCH2026&g=MAGDAG,1,Holdout_Nurilab_Page11,2026-04-26T21:03:06+00:00,https://i0311.amarkets.agency/fx-uz/?utm_source=in_telegram&utm_medium=integration&utm_campaign=MAGDAG_MARCH2026&g=MAGDAG,200,,urlopen,32,220,0.55,0.2625,0.04375,0.2,0.08333333333,0.06611570248,0.9058940584,1,0.1,0.7083333333,0,0,1,0,0,0,0,0.1777777778,0.8461538462,0.3043478261,0.6956521739,0.04597701149,0,0,0,0,0,0,0,0.009090909091,0.3636363636,0.4181818182,0,0.2580645161,0.06522852273,0.08997768731,0,0,0.05636327978,0.4343671591,0.08247431818,0.39075,0.009090909091,0.4666666667
https://vebit-nance.com/,1,Holdout_Nurilab_Page11,2026-04-26T21:03:06+00:00,https://vebit-nance.com/,200,,urlopen,14,58,0.1090909091,0.1875,0.00625,0.1,0.08333333333,0,0.7161312501,1,0,0.125,0,0,1,0,0,0,0,0.07777777778,0.2230769231,1,0,0.1304347826,0.125,0,0.5,0.5,0.54375,0,0,0,0.6296296296,0.2222222222,0,0.7647058824,0.06358125,0.08588398577,0.043835,0.1480825,0.0752648913,0.2847975,0.07488108333,0.2409625,0.01724137931,0.1333333333
https://wintagbd.com/i/,1,Holdout_Nurilab_Page11,2026-04-26T21:03:06+00:00,https://wintagbd.com/i/,200,,urlopen,11,34,0.1045454545,0.15,0.01875,0.1,0,0,0.7058263833,1,0.1,0.08333333333,0,0,1,0,0,0,0,0.06111111111,0.1307692308,1,0,1,0,0,0,0,0,0,0,0,0.1875,0.1875,0,0.08333333333,0.07628125,0.1000904966,0,0.0504125,0.22411125,0.28663125,0.09576319444,0.2409625,0,0.1333333333
http://tatsokasi.co.za/starboy/draco-china/draco-china/index.html,1,Holdout_Nurilab_Page12,2026-04-26T21:03:08+00:00,http://tatsokasi.co.za/starboy/draco-china/draco-china/index.html,200,,urlopen,6,5,0.2954545455,0.1875,0.26875,0.3,0.1666666667,0,0.7592745157,0,0.4,0.4166666667,0,0,1,0,0,0,0,0.03333333333,0.01923076923,0,0,0,0.125,0,0.3333333333,0.3333333333,0.3770833333,0,0,0,0,0,0,0,0.120065625,0.1174199176,0.0568625,0.1403583333,0,0.275475,0.119484375,0.2186125,0.2,0.03333333333
https://igit.me/2FA-tel,1,Holdout_Nurilab_Page13,2026-04-26T21:03:07+00:00,https://igit.me/2FA-tel,200,,urlopen,3,2,0.1045454545,0.0875,0.05,0.1,0.08333333333,0.04347826087,0.6900161066,1,0.1,0.1666666667,0,0,1,0,0,0,0,0.01666666667,0.007692307692,0,0,1,0,0,0,0,0,0,0,0,1,0,0,0,0.250425,0.31605,0,0,0.31605,0.31605,0.31605,0,0,0.03333333333
http://xn--yk3bwg05h31j.kr,1,Holdout_Nurilab_Page13,2026-04-26T21:03:05+00:00,http://xn--yk3bwg05h31j.kr,200,,urlopen,3,2,0.1181818182,0.2375,0,0.1,0.1666666667,0.1923076923,0.7707093194,0,0,0.125,0,0,1,0,0,0,0,0.01666666667,0.007692307692,0,0,1,0,0,0,0,0,0,0,0,1,0,0,0,0.250425,0.31605,0,0,0.31605,0.31605,0.31605,0,0,0.03333333333
https://fsd-b.com/,1,Holdout_Nurilab_Page12,2026-04-26T21:03:29+00:00,https://fsd-b.com/,200,,public_dns,8,15,0.08181818182,0.1125,0.00625,0.1,0.08333333333,0,0.669734975,1,0,0.08333333333,0,0,1,0,0,0,0,0.04444444444,0.05769230769,0,1,0.5,0,0,0,0,0,0,0,0,0.1428571429,0.1428571429,0,0.1666666667,0.170409375,0.195938125,0,0.08241875,0.182153125,0.302634375,0.2164949219,0.2409625,0,0.1
http://www.seghbond.com/index.html,1,Holdout_Nurilab_Page12,2026-04-26T21:03:29+00:00,http://www.seghbond.com/index.html,200,,public_dns,3,2,0.1545454545,0.2,0.06875,0.3,0,0,0.7443812786,0,0.1,0.2083333333,0,0,1,0,0,0,0,0.01666666667,0.007692307692,0,0,1,0,0,0,0,0,0,0,0,1,0,0,0,0.250425,0.31605,0,0,0.31605,0.31605,0.31605,0,0,0.03333333333
https://www.robiox.com.ua/games/8534845015/Saber-Sakura-Stand?privateServerLinkCode=42310486833926073292925358557089,1,Holdout_Nurilab_Page13,2026-04-26T21:03:20+00:00,https://www.robiox.com.ua/games/8534845015/Saber-Sakura-Stand?privateServerLinkCode=42310486833926073292925358557089,200,,requests,12,256,0.5272727273,0.2125,0.225,0.3,0.1666666667,0.3620689655,0.913322544,1,0.3,0.4583333333,0,0,1,0,0,0,0,0.06666666667,0.9846153846,0.875,0.125,0.9831932773,0,0,0,0,0,0,0,0,0.9291338583,0.007874015748,0,0.3333333333,0.2305752907,0.2931838911,0,0.1024686047,0.3077654473,0.3124498196,0.2916189427,0.2407530172,0,0.1
https://fleamarket.naverpaymente.com/order/857/message-link/ODU3LU9SRC0yMDI2MDIyMy0zNjk1MTA=/,1,Holdout_Nurilab_Page14,2026-04-26T21:03:07+00:00,https://fleamarket.naverpaymente.com/order/857/message-link/ODU3LU9SRC0yMDI2MDIyMy0zNjk1MTA=/,200,,urlopen,3,2,0.4227272727,0.35,0.35625,0.2,0.08333333333,0.09677419355,0.9381448573,1,0.4,0.3333333333,0,0,1,0,0,0,0,0.01666666667,0.007692307692,0,0,1,0,0,0,0,0,0,0,0,1,0,0,0,0.250425,0.31605,0,0,0.31605,0.31605,0.31605,0,0,0.03333333333
http://xn--sy2b06cu3lhza.kr/,1,Holdout_Nurilab_Page14,2026-04-26T21:03:07+00:00,http://xn--sy2b06cu3lhza.kr/,200,,urlopen,3,2,0.1272727273,0.25,0.00625,0.1,0.1666666667,0.1428571429,0.8042275995,0,0,0.125,0,0,1,0,0,0,0,0.01666666667,0.007692307692,0,0,1,0,0,0,0,0,0,0,0,1,0,0,0,0.250425,0.31605,0,0,0.31605,0.31605,0.31605,0,0,0.03333333333
https://ujfen.xyz/?id=MDQvMC8yLysmclwoNShfamBwY2kmLycrYV8tL14mLy0tKnBkZGBoLHNzeCcsKnJbKnInLzExMjM,1,Holdout_Nurilab_Page15,2026-04-26T21:03:07+00:00,https://ujfen.xyz/?id=MDQvMC8yLysmclwoNShfamBwY2kmLycrYV8tL14mLy0tKnBkZGBoLHNzeCcsKnJbKnInLzExMjM,200,,urlopen,5,4,0.4409090909,0.1125,0.00625,0.1,0,0.0618556701,0.9839422019,1,0,0.125,0,0,1,0,0,0,0,0.02777777778,0.01538461538,0,0,0.5,0,0,0,0,0,0,0,0,1,0,0,0,0.14011875,0.1768375,0,0,0.1768375,0.29731875,0.1768375,0.2409625,0,0.06666666667
http://freeonlineincomebd.com/wire/draco-china/draco-china/index.html,1,Holdout_Nurilab_Page15,2026-04-26T21:03:07+00:00,http://freeonlineincomebd.com/cgi-sys/suspendedpage.cgi,200,,urlopen,3,2,0.3136363636,0.275,0.25,0.2,0.1666666667,0,0.7505135626,0,0.4,0.375,0,0,1,0,0,0,0,0.01666666667,0.007692307692,0,1,0,0,0,0,0,0,0,0,0,0,0,0,0,0.2086875,0.263375,0,0,0,0.263375,0.263375,0,0,0.03333333333
http://global.cainiao.com/newDetail.htm?mailNoList=CNUSUP00034537149,1,Holdout_Nurilab_Page15,2026-04-26T21:03:08+00:00,https://global.cainiao.com/newDetail.htm?mailNoList=CNUSUP00034537149,200,,urlopen,3,14,0.3090909091,0.225,0.0875,0.3,0,0.1617647059,0.8772700582,0,0.1,0.2916666667,0,0,1,0,0,0,0,0.01666666667,0.05384615385,0,0,1,0,0,0,0,0,0,0,0,1,0,0,0,0.250425,0.31605,0,0,0.31605,0.31605,0.31605,0,0,0.03333333333
https://www.ydp.go.kr,0,Holdout2_User_Normal,2026-04-26T21:27:19+00:00,https://www.ydp.go.kr/www/index.do,200,,urlopen,42,698,0.09545454545,0.1625,0,0.3,0,0,0.6643194015,1,0,0.1666666667,0,0,1,0,0,0,0,0.2333333333,1,0.8911564626,0.1088435374,0.01886792453,0.125,0,0,0,0.04375,0,0,0,0.0288184438,0.1239193084,0,0.02,0.04685303571,0.05987866596,0.04052653571,0.04012807143,0.04507299798,0.2814890357,0.0590755802,0.2413609643,0,0.6
https://www.mohw.go.kr,0,Holdout2_User_Normal,2026-04-26T21:27:19+00:00,https://www.mohw.go.kr,200,,urlopen,39,659,0.1,0.175,0,0.3,0,0,0.639277753,1,0,0.1666666667,0,0,1,0,0,0,0,0.2166666667,1,0.9127516779,0.08724832215,0.06666666667,0.125,0,0,0,0.04375,0,0,0.003048780488,0.0243902439,0.06402439024,0,0.006666666667,0.04568795455,0.0597611139,0.040325,0.039725,0.06138208333,0.431075,0.05763064394,0.39135,0.003034901366,0.5666666667
https://www.yongsan.go.kr,0,Holdout2_User_Normal,2026-04-26T21:27:23+00:00,https://www.yongsan.go.kr/portal/main/main.do,200,,urlopen,32,740,0.1136363636,0.2125,0,0.3,0,0,0.6879027617,1,0,0.1666666667,0,0,1,0,0,0,0,0.1777777778,1,0.966442953,0.03355704698,0.03225806452,0.75,0,0,0,0.2625,0,0,0,0.025,0.1472222222,0,0.006666666667,0.03598435829,0.04553725333,0.03870247326,0.03647994652,0.04647545713,0.2796649733,0.04516743258,0.2431850267,0,0.3333333333
https://www.kats.go.kr,0,Holdout2_User_Normal,2026-04-26T21:27:18+00:00,https://www.kats.go.kr,200,,urlopen,5,6,0.1,0.175,0,0.3,0,0,0.6433291992,1,0,0.1666666667,0,0,1,0,0,0,0,0.02777777778,0.02307692308,0,1,0,0,0,0,0,0,0,0,0,0,0,0,0,0.2086875,0.263375,0,0,0,0.263375,0.263375,0,0,0.06666666667
https://www.mapo.go.kr,0,Holdout2_User_Normal,2026-04-26T21:27:19+00:00,https://www.mapo.go.kr/site/main/home,200,,urlopen,24,810,0.1,0.175,0,0.3,0,0,0.6660968645,1,0,0.1666666667,0,0,1,0,0,0,0,0.1333333333,1,0.9932432432,0.006756756757,0.05660377358,0.125,0,0,0,0.04375,0,0,0,0.06965174129,0.1940298507,0,0.01333333333,0.03298516585,0.04237766286,0.03817727273,0.03542954545,0.04739307461,0.2791397727,0.04151052602,0.2437102273,0,0.2666666667
https://www.hrdkorea.or.kr,0,Holdout2_User_Normal,2026-04-26T21:27:19+00:00,https://www.hrdkorea.or.kr,200,,urlopen,21,603,0.1181818182,0.225,0,0.3,0,0,0.6622493543,1,0,0.1666666667,0,0,1,0,0,0,0,0.1166666667,1,0.9807692308,0.01923076923,0.02857142857,0.375,0,0,0,0.13125,0,0,0.003389830508,0.01694915254,0.09830508475,0,0.1333333333,0.03414245902,0.04423027498,0.03839184426,0.03585868852,0.04955612998,0.4291418443,0.04281772266,0.3932831557,0.003316749585,0.1666666667
https://www.yeosu.go.kr,0,Holdout2_User_Normal,2026-04-26T21:27:19+00:00,https://www.yeosu.go.kr,200,,urlopen,36,700,0.1045454545,0.1875,0,0.3,0,0,0.6840486165,1,0,0.1666666667,0,0,1,0,0,0,0,0.2,1,0.9494949495,0.05050505051,0.01960784314,0.125,0,0,0,0.04375,0,0,0,0.03735632184,0.1091954023,0,0.01,0.03814102564,0.04855105241,0.03904711538,0.03716923077,0.04377187029,0.2800096154,0.04807227701,0.2428403846,0,0.5
https://www.pyeongtaek.go.kr,0,Holdout2_User_Normal,2026-04-26T21:27:20+00:00,https://www.pyeongtaek.go.kr/main.do,200,,urlopen,54,654,0.1272727273,0.25,0,0.3,0,0,0.7035147747,1,0,0.1666666667,0,0,1,0,0,0,0,0.3,1,0.9252669039,0.07473309609,0.2162162162,0.375,0,0,0,0.13125,0,0,0,0.07547169811,0.04088050314,0,0.05387205387,0.04330777027,0.05142282693,0.03996621622,0.03900743243,0.05827162162,0.2353412162,0.05428654533,0.1963337838,0,0.6333333333
https://www.kics.go.kr,0,Holdout2_User_Normal,2026-04-26T21:27:18+00:00,https://www.kics.go.kr,200,,urlopen,3,20,0.1,0.175,0,0.3,0,0,0.6660968645,1,0,0.1666666667,0,0,1,0,0,0,0,0.01666666667,0.07692307692,0,0,0,0,0,0,0,0,0,0,0,1,0,0,0,0.0298125,0.037625,0,0,0.037625,0.037625,0.037625,0,0,0.03333333333
https://www.kfhi.or.kr,0,Holdout2_User_Normal,2026-04-26T21:27:19+00:00,https://www.kfhi.or.kr,200,,urlopen,28,90,0.1,0.175,0,0.3,0,0,0.6495679389,1,0,0.1666666667,0,0,1,0,0,0,0,0.1555555556,0.3461538462,0,0,0.4222222222,0,0,0,0,0,0,0,0.04444444444,0.9555555556,0,0,0,0.13009,0.1712344293,0,0,0.1654044444,0.43358375,0.1654044444,0.37910625,0.06666666667,0.4333333333
https://www.koroad.or.kr,0,Holdout2_User_Normal,2026-04-26T21:27:19+00:00,https://www.koroad.or.kr,200,,urlopen,7,20,0.1090909091,0.2,0,0.3,0,0,0.6440875001,1,0,0.1666666667,0,0,1,0,0,0,0,0.03888888889,0.07692307692,1,0,0.1111111111,0,0,0,0,0,0,0,0,0.7,0.2,0,0,0.05187375,0.07075692073,0,0,0.06814486111,0.28233375,0.0654675,0.2409625,0,0.06666666667
https://www.kipo.go.kr,0,Holdout2_User_Normal,2026-04-26T21:27:19+00:00,https://www.kipo.go.kr/ko/MainApp.do,200,,urlopen,50,632,0.1,0.175,0,0.3,0,0,0.6495679389,1,0,0.1666666667,0,0,1,0,0,0,0,0.2777777778,1,0.8960573477,0.1039426523,0.02941176471,0.125,0,0,0,0.04375,0,0,0.003194888179,0.03194888179,0.07348242812,0,0.07,0.04737311321,0.06083232783,0.04062429245,0.04032358491,0.05211693951,0.4313742925,0.05966650053,0.3910507075,0.003164556962,0.7
https://www.motie.go.kr,0,Holdout2_User_Normal,2026-04-26T21:27:20+00:00,https://www.motir.go.kr,200,,requests,53,641,0.1045454545,0.1875,0,0.3,0,0,0.6780811263,1,0,0.1666666667,0,0,1,0,0,1,0.2,0.2944444444,1,0.8108108108,0.1891891892,0.2372881356,0.125,0,0,0,0.04375,0,0,0.003144654088,0.01257861635,0.1698113208,0,0.1366666667,0.06136420807,0.07883883184,0.04299565217,0.04506630435,0.06827298268,0.4337456522,0.07737748278,0.39075,0.003120124805,0.7666666667
https://www.twayair.com,0,Holdout2_User_Normal,2026-04-26T21:27:19+00:00,https://www.twayair.com,200,,urlopen,3,2,0.1045454545,0.1875,0,0.2,0,0,0.6742058299,1,0,0.125,0,0,1,0,0,0,0,0.01666666667,0.007692307692,0,0,0,0,0,0,0,0,0,0,0,1,0,0,0,0.0298125,0.037625,0,0,0.037625,0.037625,0.037625,0,0,0.03333333333
https://www.khs.go.kr,0,Holdout2_User_Normal,2026-04-26T21:27:19+00:00,https://www.khs.go.kr,200,,urlopen,3,2,0.09545454545,0.1625,0,0.3,0,0,0.6296873669,1,0,0.1666666667,0,0,1,0,0,0,0,0.01666666667,0.007692307692,1,0,0,0,0,0,0,0,0,0,0,0,0,0,0,0.0298125,0.037625,0,0,0,0.037625,0.037625,0,0,0.03333333333
https://www.ex.co.kr,0,Holdout2_User_Normal,2026-04-26T21:27:20+00:00,https://www.ex.co.kr,200,,urlopen,35,75,0.09090909091,0.15,0,0.3,0,0,0.6629889718,1,0,0.1666666667,0,0,1,0,0,0,0,0.1944444444,0.2884615385,0.3846153846,0.6153846154,0,0.25,0,0,0,0.0875,0,0,0,0.2068965517,0.3448275862,0,0.8879310345,0.06522698864,0.06442288623,0.04404517045,0.04716534091,0.04404517045,0.2394201705,0.08048976627,0.195375,0,0.3
https://www.kfcc.co.kr,0,Holdout2_User_Normal,2026-04-26T21:27:19+00:00,https://www.kfcc.co.kr,200,,urlopen,35,625,0.1,0.175,0,0.3,0,0,0.6433291992,1,0,0.1666666667,0,0,1,0,0,0,0,0.1944444444,1,0.9737991266,0.02620087336,0,0.25,0,0,0,0.0875,0,0,0,0.02990033223,0.2093023256,0,0.2366666667,0.03372309783,0.04118286264,0.03837022516,0.03581545031,0.03837022516,0.2337452252,0.04186000552,0.1979297748,0,0.2
https://www.redcross.or.kr,0,Holdout2_User_Normal,2026-04-26T21:27:23+00:00,https://www.redcross.or.kr/main/main.do,200,,urlopen,30,628,0.1181818182,0.225,0,0.3,0,0,0.6569704207,1,0,0.1666666667,0,0,1,0,0,0,0,0.1666666667,1,0.9476190476,0.05238095238,0.08080808081,0.25,0,0,0,0.0875,0,0,0,0.07766990291,0.2427184466,0,0.3,0.03861234227,0.04797983746,0.039145347,0.03736569401,0.04756554902,0.280107847,0.04852088985,0.242742153,0,0.3333333333
https://www.busanbank.co.kr,0,Holdout2_User_Normal,2026-04-26T21:27:19+00:00,https://www.busanbank.co.kr,200,,urlopen,3,8,0.1227272727,0.2375,0,0.3,0,0,0.7062100172,1,0,0.1666666667,0,0,1,0,0,0,0,0.01666666667,0.03076923077,0,0,0,0,0,0,0,0,0,0,0,1,0,0,0,0.0298125,0.037625,0,0,0.037625,0.037625,0.037625,0,0,0.03333333333
https://www.jongno.go.kr,0,Holdout2_User_Normal,2026-04-26T21:27:21+00:00,https://www.jongno.go.kr/portalMain.do,200,,urlopen,61,767,0.1090909091,0.2,0,0.3,0,0,0.6649578599,1,0,0.1666666667,0,0,1,0,0,0,0,0.3388888889,1,0.9411764706,0.05882352941,0.01801801802,0.25,0,0,0,0.0875,0,0,0.005464480874,0.04371584699,0.2540983607,0,0.15,0.03882321429,0.04841070296,0.03924906015,0.0375731203,0.04480333943,0.4148115602,0.04823310367,0.3772384398,0.003911342894,0.4
https://www.cu.co.kr,0,Holdout2_User_Normal,2026-04-26T21:27:19+00:00,https://www.cu.co.kr:443/cu/main.do,200,,urlopen,49,627,0.09090909091,0.15,0,0.3,0,0,0.6448071536,1,0,0.1666666667,0,0,1,0,0,0,0,0.2722222222,1,0.8837209302,0.1162790698,0,0.125,0,0,0,0.04375,0,0,0,0.04180064309,0.1286173633,0,0.04444444444,0.04694142857,0.05915056436,0.04054678571,0.04016857143,0.04054678571,0.2359217857,0.05915032653,0.1957532143,0,0.7
https://www.samsungpop.com,0,Holdout2_User_Normal,2026-04-26T21:27:19+00:00,https://www.samsungpop.com,200,,urlopen,3,6,0.1181818182,0.225,0,0.2,0,0,0.6849424487,1,0,0.125,0,0,1,0,0,0,0,0.01666666667,0.02307692308,0,0,0,0,0,0,0,0,0,0,0,1,0,0,0,0.0298125,0.037625,0,0,0.037625,0.037625,0.037625,0,0,0.03333333333
https://www.humanrights.go.kr,0,Holdout2_User_Normal,2026-04-26T21:27:19+00:00,https://www.humanrights.go.kr/,200,,requests,4,28,0.1318181818,0.2625,0,0.3,0,0,0.7138677044,1,0,0.1666666667,0,0,1,0,0,0,0,0.02222222222,0.1076923077,1,0,0,0,0,0,0,0,0,0,0,0,0.5,0,0,0.0298125,0.037625,0,0,0.037625,0.037625,0.037625,0,0,0.03333333333
https://www.daishin.com,0,Holdout2_User_Normal,2026-04-26T21:27:19+00:00,https://www.daishin.com,200,,urlopen,4,8,0.1045454545,0.1875,0,0.2,0,0,0.6900161066,1,0,0.125,0,0,1,0,0,0,0,0.02222222222,0.03076923077,1,0,0,0,0,0,0,0,0,0,0,0.5,0,0,0,0.0298125,0.037625,0,0,0.037625,0.037625,0.037625,0,0,0.03333333333
https://www.kyobo.com,0,Holdout2_User_Normal,2026-04-26T21:27:19+00:00,https://www.kyobo.com,200,,urlopen,61,144,0.09545454545,0.1625,0,0.2,0,0,0.6643194015,1,0,0.125,0,0,1,0,0,0,0,0.3388888889,0.5538461538,0.25,0.75,0.0625,0,0,0,0.125,0.125,0,0,0,0.3088235294,0.1617647059,0,0.6896551724,0.1026059211,0.1141001914,0,0.07349490132,0.06527479441,0.2911771382,0.1284158501,0.2409625,0,0.8333333333
https://www.kbinsure.co.kr,0,Holdout2_User_Normal,2026-04-26T21:27:19+00:00,https://www.kbinsure.co.kr,200,,urlopen,3,2,0.1181818182,0.225,0,0.3,0,0,0.7181934103,1,0,0.1666666667,0,0,1,0,0,0,0,0.01666666667,0.007692307692,0,0,0,0,0,0,0,0,0,0,0,1,0,0,0,0.0298125,0.037625,0,0,0.037625,0.037625,0.037625,0,0,0.03333333333
https://www.hanwha.com,0,Holdout2_User_Normal,2026-04-26T21:27:19+00:00,https://www.hanwha.com,200,,urlopen,48,238,0.1,0.175,0,0.2,0,0,0.639277753,1,0,0.125,0,0,1,0,0,0,0,0.2666666667,0.9153846154,0.9275362319,0.07246376812,0.04545454545,1,0,0,0,0.35,0,0,0.01098901099,0.02197802198,0.2087912088,0,0,0.0414075,0.04721468874,0.03992,0.038915,0.05768136364,0.43067,0.04981233333,0.391755,0.008403361345,0.2
https://www.axa.co.kr,0,Holdout2_User_Normal,2026-04-26T21:27:20+00:00,https://www.axa.co.kr/cui/,200,,urlopen,3,18,0.09545454545,0.1625,0,0.3,0,0,0.6643194015,1,0,0.1666666667,0,0,1,0,0,0,0,0.01666666667,0.06923076923,0,0,0,0,0,0,0,0,0,0,0,1,0.1111111111,0,0,0.0298125,0.037625,0,0,0.037625,0.037625,0.037625,0,0,0.03333333333
https://www.metlife.co.kr,0,Holdout2_User_Normal,2026-04-26T21:27:19+00:00,https://www.metlife.co.kr,200,,urlopen,117,431,0.1136363636,0.2125,0,0.3,0,0,0.7115035799,1,0,0.1666666667,0,0,1,0,0,0,0,0.65,1,0.6687116564,0.3312883436,0.0652173913,0.125,0,0,0,0.04375,0,0,0.01435406699,0.1531100478,0.05263157895,0,0.04678362573,0.07837992081,0.09397013131,0.04591742081,0.05090984163,0.06781470342,0.4366674208,0.09886710013,0.39075,0.01160092807,1
https://www.yulchon.com,0,Holdout2_User_Normal,2026-04-26T21:27:24+00:00,https://www.yulchon.com/ko/main/main.do,200,,requests,19,170,0.1045454545,0.1875,0,0.2,0,0,0.6900161066,1,0,0.125,0,0,1,0,0,0,0,0.1055555556,0.6538461538,0.9420289855,0.05797101449,0.1333333333,0,0,0,0,0,0,0,0,0.1428571429,0.03571428571,0,0.2736842105,0.04349040698,0.05610683115,0,0.03903430233,0.0721079845,0.2809421512,0.05464865468,0.2419078488,0,0.2333333333
https://www.samsungfire.com,0,Holdout2_User_Normal,2026-04-26T21:27:20+00:00,https://www.samsungfire.com,200,,urlopen,9,146,0.1227272727,0.2375,0,0.2,0,0,0.7466140576,1,0,0.125,0,0,1,0,0,0,0,0.05,0.5615384615,0.95,0.05,0,0,0,0,0,0,0,0,0,0.05479452055,0.397260274,0,0,0.03471318493,0.04484547516,0,0,0.03845719178,0.2338321918,0.04380993151,0.195375,0,0.1
https://www.skku.ac.kr,0,Holdout2_User_Normal,2026-04-26T21:27:21+00:00,https://www.skku.ac.kr/skku/index.do,200,,urlopen,34,848,0.1,0.175,0,0.3,0,0,0.6433291992,1,0,0.1666666667,0,0,1,0,0,0,0,0.1888888889,1,0.7581227437,0.2418772563,0.02877697842,0.5,0,0,0,0.175,0,0,0,0.04086538462,0.2932692308,0,0.07666666667,0.05972435748,0.0776295591,0.04273008178,0.04453516355,0.04853979401,0.2836925818,0.07523502489,0.2409625,0,0.3666666667
https://www.kasb.or.kr,0,Holdout2_User_Normal,2026-04-26T21:27:19+00:00,https://www.kasb.or.kr,200,,urlopen,35,193,0.1,0.175,0,0.3,0,0,0.6495679389,1,0,0.1666666667,0,0,1,0,0,0,0,0.1944444444,0.7423076923,0.9342105263,0.06578947368,0.2,0.25,0,0,0,0.0875,0,0,0,0.05813953488,0.05813953488,0,0.7216117216,0.04411714286,0.05132236017,0.04027678571,0.03962857143,0.08846928571,0.2812392857,0.05406517007,0.2416107143,0,0.2333333333
https://www.postech.ac.kr,0,Holdout2_User_Normal,2026-04-26T21:27:20+00:00,https://www.postech.ac.kr/kor/index.do,200,,urlopen,28,652,0.1136363636,0.2125,0,0.3,0,0,0.6678672163,1,0,0.1666666667,0,0,1,0,0,0,0,0.1555555556,1,0.9328063241,0.06719367589,0.02816901408,0.125,0,0,0,0.04375,0,0,0,0.0524691358,0.1666666667,0,0.06296296296,0.04052098624,0.05231409684,0.03945183486,0.03797866972,0.04623951092,0.2804143349,0.05107371153,0.2424356651,0,0.3666666667
https://www.barunlaw.com,0,Holdout2_User_Normal,2026-04-26T21:27:20+00:00,https://www.barunlaw.com,200,,urlopen,23,221,0.1090909091,0.2,0,0.2,0,0,0.7124174244,1,0,0.125,0,0,1,0,0,0,0,0.1277777778,0.85,0.9473684211,0.05263157895,0.1333333333,0.25,0,0,0,0.0875,0,0,0,0.1037735849,0.179245283,0,0,0.04438672566,0.0583515734,0.04016073009,0.03939646018,0.07228906342,0.2811232301,0.05557248806,0.2417267699,0,0.2333333333
https://www.acrc.go.kr,0,Holdout2_User_Normal,2026-04-26T21:27:21+00:00,https://www.acrc.go.kr,200,,public_dns,112,818,0.1,0.175,0,0.3,0,0,0.6660968645,1,0,0.1666666667,0,0,1,0,0,0,0,0.6222222222,1,0.8474576271,0.1525423729,0.01492537313,0.25,0,0,0,0.0875,0,0,0.002762430939,0.02486187845,0.1574585635,0,0.01666666667,0.05027064978,0.0559685945,0.04137169604,0.04181839207,0.04720378559,0.432121696,0.06168629437,0.39075,0.002444987775,0.3
https://www.sogang.ac.kr,0,Holdout2_User_Normal,2026-04-26T21:27:20+00:00,https://www.sogang.ac.kr/ko/home,200,,urlopen,9,8,0.1090909091,0.2,0,0.3,0,0,0.6858282198,1,0,0.1666666667,0,0,1,0,0,0,0,0.05,0.03076923077,0,0,0.75,0,0,0,0,0,0,0,0,1,0,0,0,0.195271875,0.24644375,0,0,0.24644375,0.306684375,0.24644375,0.2409625,0,0.1333333333
https://www.kimchang.com,0,Holdout2_User_Normal,2026-04-26T21:27:20+00:00,https://www.kimchang.com/ko/main.kc,200,,urlopen,21,121,0.1090909091,0.2,0,0.2,0,0,0.7066985797,1,0,0.125,0,0,1,0,0,0,0,0.1166666667,0.4653846154,0.9230769231,0.07692307692,0.07142857143,0.375,0,0,0,0.13125,0,0,0,0.2075471698,0.05660377358,0,0.390625,0.0428175,0.04920586938,0.04002384615,0.03912269231,0.0572354533,0.2809863462,0.05262349408,0.2418636538,0,0.1333333333
https://www.kangwon.ac.kr,0,Holdout2_User_Normal,2026-04-26T21:27:20+00:00,https://www.kangwon.ac.kr/ko/index.do,200,,urlopen,24,731,0.1136363636,0.2125,0,0.3,0,0,0.6788473981,1,0,0.1666666667,0,0,1,0,0,0,0,0.1333333333,1,0.9627118644,0.03728813559,0.08571428571,0,0,0,0,0,0,0,0,0.07397260274,0.1178082192,0,0.01666666667,0.03883186475,0.05162665492,0,0.03739569672,0.05981427693,0.2801228484,0.04897765806,0.2427271516,0,0.3333333333
https://www.kostat.go.kr,0,Holdout2_User_Normal,2026-04-26T21:27:24+00:00,https://mods.go.kr/index.es?sid=a1,200,,public_dns,82,707,0.1090909091,0.2,0,0.3,0,0,0.6403736743,1,0,0.1666666667,0,0,1,0,0,1,0.2,0.4555555556,1,0.9731543624,0.02684563758,0.04761904762,0.125,0,0,0,0.04375,0,0,0.003134796238,0.02194357367,0.0407523511,0,0.006666666667,0.03636453488,0.0428755309,0.03893575581,0.03694651163,0.05645807724,0.4069045058,0.04421539571,0.3699579942,0.007072135785,0.1666666667
https://www.dongguk.edu,0,Holdout2_User_Normal,2026-04-26T21:27:21+00:00,https://www.dongguk.edu/main,200,,urlopen,29,658,0.1045454545,0.1875,0,0.2,0,0,0.6900161066,1,0,0.125,0,0,1,0,0,0,0,0.1611111111,1,0.950617284,0.04938271605,0.03571428571,0.125,0,0,0,0.04375,0,0,0.003058103976,0.03669724771,0.2171253823,0,0.19,0.03886806818,0.05258886758,0.03915909091,0.03739318182,0.05022575758,0.4182653409,0.04906990358,0.3808721591,0.004559270517,0.3666666667
https://www.klia.or.kr,0,Holdout2_User_Normal,2026-04-26T21:27:21+00:00,https://www.klia.or.kr,200,,urlopen,25,541,0.1,0.175,0,0.3,0,0,0.6660968645,1,0,0.1666666667,0,0,1,0,0,0,0,0.1388888889,1,0.7575757576,0.2424242424,0,0.125,0,0,0,0.04375,0,0,0,0.03370786517,0.2247191011,0,0.34,0.06144230769,0.07848807842,0.04302129121,0.04511758242,0.04302129121,0.2383962912,0.07741133317,0.195375,0,0.2666666667
https://www.koreainvestment.com,0,Holdout2_User_Normal,2026-04-26T21:27:20+00:00,https://www.koreainvestment.com,200,,urlopen,25,303,0.1409090909,0.2875,0,0.2,0,0,0.7276851063,1,0,0.125,0,0,1,0,0,0,0,0.1388888889,1,0.9115044248,0.08849557522,0,0.25,0,0,0,0.0875,0,0,0,0.03424657534,0.1917808219,0,0.1870503597,0.04179483871,0.05107738205,0.03972185484,0.03851870968,0.03972185484,0.2350968548,0.05227235796,0.1965781452,0,0.2333333333
https://www.amc.seoul.kr,0,Holdout2_User_Normal,2026-04-26T21:27:21+00:00,https://www.amc.seoul.kr/asan/main.do,200,,urlopen,28,554,0.1090909091,0.2,0,0.3,0,0,0.7161312501,1,0,0.1666666667,0,0,1,0,0,0,0,0.1555555556,1,0.8471615721,0.1528384279,0.1739130435,0.125,0,0,0,0.04375,0,0,0.003636363636,0.02181818182,0.1418181818,0,0.06530612245,0.05661178058,0.07397369298,0.04210840827,0.04329181655,0.07393049678,0.4212146583,0.07192694898,0.37910625,0.005415162455,0.3333333333
https://www.imbc.com,0,Holdout2_User_Normal,2026-04-26T21:27:20+00:00,https://www.imbc.com,200,,urlopen,6,44,0.09090909091,0.15,0,0.2,0,0,0.6516697672,1,0,0.125,0,0,1,0,0,0,0,0.03333333333,0.1692307692,1,0,0,0,0,0,0,0,0,0,0.09090909091,0.5,0.1363636364,0,0.25,0.0298125,0.037625,0,0,0.037625,0.037625,0.037625,0,0,0.03333333333
https://www.hongik.ac.kr,0,Holdout2_User_Normal,2026-04-26T21:27:24+00:00,https://www.hongik.ac.kr:443/kr/index.do,200,,urlopen,27,785,0.1090909091,0.2,0,0.3,0,0,0.7009797349,1,0,0.1666666667,0,0,1,0,0,0,0,0.15,1,0.993220339,0.006779661017,0.01136363636,0.125,0,0,0,0.04375,0,0,0,0.07049608355,0.1592689295,0,0.01666666667,0.03166973192,0.03939445178,0.03799869077,0.03507238155,0.040736901,0.2789611908,0.03944997567,0.2438888092,0,0.1
https://www.bnpparibas.co.kr,0,Holdout2_User_Normal,2026-04-26T21:27:22+00:00,https://www.bnpparibas.co.kr/en/,200,,urlopen,37,260,0.1272727273,0.25,0,0.3,0,0,0.7035147747,1,0,0.1666666667,0,0,1,0,0,0,0,0.2055555556,1,0.6428571429,0.3571428571,0.0625,0,0,0,0,0,0,0,0.007692307692,0.06923076923,0.3384615385,0,0.1009174312,0.08131932692,0.1084847328,0,0,0.06122808293,0.4371214423,0.1026294231,0.39075,0.007692307692,0.5666666667
https://www.sbs.co.kr,0,Holdout2_User_Normal,2026-04-26T21:27:20+00:00,https://www.sbs.co.kr,200,,urlopen,6,930,0.09545454545,0.1625,0,0.3,0,0,0.6404675617,1,0,0.1666666667,0,0,1,0,0,0,0,0.03333333333,1,1,0,0,0,0,0,0,0,0,0,0.006451612903,0.04301075269,0.8903225806,0,0.2333333333,0.0298125,0.037625,0,0,0.037625,0.037625,0.037625,0,0,0.03333333333
https://www.samil.com,0,Holdout2_User_Normal,2026-04-26T21:27:20+00:00,https://www.pwc.com/kr/ko/,200,,urlopen,24,524,0.09545454545,0.1625,0,0.2,0,0,0.670855224,1,0,0.125,0,0,1,0,0,1,0.2,0.1333333333,1,0.9953917051,0.004608294931,0.02702702703,0.125,0,0,0.2857142857,0.3294642857,0,0,0,0.06692913386,0.07874015748,0,0.2766666667,0.03453039033,0.04540885468,0.03859233271,0.06823823686,0.04510483271,0.2795548327,0.04175731471,0.2432951673,0,0.1
https://www.bkl.co.kr,0,Holdout2_User_Normal,2026-04-26T21:27:20+00:00,https://www.bkl.co.kr,200,,urlopen,23,319,0.09545454545,0.1625,0,0.3,0,0,0.6643194015,1,0,0.1666666667,0,0,1,0,0,0,0,0.1277777778,1,0.9846153846,0.01538461538,0.01204819277,0.625,0,0,0,0.21875,0,0,0,0.1351351351,0.4256756757,0,0.3085106383,0.03298554217,0.04064379189,0.03827153614,0.03561807229,0.0411746988,0.2792340361,0.04069227391,0.2436159639,0,0.1
http://galabetgirisadresi.com/,1,Holdout2_OpenPhish,2026-04-26T21:27:22+00:00,http://galabetgirisadresi.com/,200,,urlopen,3,2,0.1363636364,0.275,0.00625,0.1,0,0,0.7284070779,0,0,0.08333333333,0,0,1,0,0,0,0,0.01666666667,0.007692307692,0,0,1,0,0,0,0,0,0,0,0,1,0,0,0,0.250425,0.31605,0,0,0.31605,0.31605,0.31605,0,0,0.03333333333
https://mhamedkbt.github.io/NetflixPrj/,1,Holdout2_OpenPhish,2026-04-26T21:27:20+00:00,https://mhamedkbt.github.io/NetflixPrj/,200,,urlopen,12,47,0.1772727273,0.2375,0.075,0.2,0,0,0.7879313336,1,0.1,0.1666666667,0,0.25,1,0,0,0,0,0.06666666667,0.1807692308,1,0,0.05555555556,0.25,1,0,0,0.0875,0,0.25,0,0.1,0.8,0,0,0.0773775,0.1948121667,0.5668465,0.050768,0.05923330556,0.5668465,0.09739258,0.5251535,0.08510638298,0.1
https://saqib216.github.io/netflix-clone/,1,Holdout2_OpenPhish,2026-04-26T21:27:21+00:00,https://saqib216.github.io/netflix-clone/,200,,urlopen,7,36,0.1863636364,0.225,0.09375,0.2,0.08333333333,0.07317073171,0.7967167725,1,0.1,0.2083333333,0,0.4,1,0,0,0,0,0.03888888889,0.1384615385,1,0,0,0,0,0,0,0,0,0,0,0,0,0,0,0.04761,0.06152136364,0,0.04202,0,0.244695,0.051262,0.21175,0.02777777778,0.03333333333
https://username3586.invoice-ads-agency.com/,1,Holdout2_OpenPhish,2026-04-26T21:27:21+00:00,https://username3586.invoice-ads-agency.com/,200,,urlopen,4,36,0.2,0.4375,0.00625,0.2,0.1666666667,0.09090909091,0.8117378252,1,0,0.2083333333,0,0,1,0,0,0,0,0.02222222222,0.1384615385,0,0,0,0,0,0,0,0,0,0,0,0.7222222222,0.2777777778,0,1,0.0298125,0.037625,0,0,0.037625,0.037625,0.037625,0,0,0.03333333333
https://us-support-ledgor-en.pages.dev/page1.html/page4.html/,1,Holdout2_OpenPhish,2026-04-26T21:27:20+00:00,https://us-support-ledgor-en.pages.dev/page1.html/page4.html/,200,,urlopen,6,19,0.2772727273,0.375,0.14375,0.4,0.25,0.03278688525,0.7586187679,1,0.2,0.4166666667,0.1,0,1,0,0,0,0,0.03333333333,0.07307692308,1,0,1,0,0,0,0,0,0,0,0,0,0.1111111111,0,0.3846153846,0.0385425,0.04221797945,0,0.037565,0.1239075,0.1239075,0.04754325,0.0863425,0,0.06666666667
https://us-support-ledgor-en.pages.dev/page1.html/page1.html/,1,Holdout2_OpenPhish,2026-04-26T21:27:20+00:00,https://us-support-ledgor-en.pages.dev/page1.html/page1.html/,200,,urlopen,6,19,0.2772727273,0.375,0.14375,0.4,0.25,0.03278688525,0.752657516,1,0.2,0.4166666667,0.1,0,1,0,0,0,0,0.03333333333,0.07307692308,1,0,1,0,0,0,0,0,0,0,0,0,0.1111111111,0,0.3846153846,0.0385425,0.04221797945,0,0.037565,0.1239075,0.1239075,0.04754325,0.0863425,0,0.06666666667
https://us-support-ledgor-en.pages.dev/page1.html/page3.html/,1,Holdout2_OpenPhish,2026-04-26T21:27:20+00:00,https://us-support-ledgor-en.pages.dev/page1.html/page3.html/,200,,urlopen,6,19,0.2772727273,0.375,0.14375,0.4,0.25,0.03278688525,0.7586187679,1,0.2,0.4166666667,0.1,0,1,0,0,0,0,0.03333333333,0.07307692308,1,0,1,0,0,0,0,0,0,0,0,0,0.1111111111,0,0.3846153846,0.0385425,0.04221797945,0,0.037565,0.1239075,0.1239075,0.04754325,0.0863425,0,0.06666666667
https://us-support-ledgor-en.pages.dev/page1.html/page2.html/,1,Holdout2_OpenPhish,2026-04-26T21:27:21+00:00,https://us-support-ledgor-en.pages.dev/page1.html/page2.html/,200,,urlopen,6,19,0.2772727273,0.375,0.14375,0.4,0.25,0.03278688525,0.7586187679,1,0.2,0.4166666667,0.1,0,1,0,0,0,0,0.03333333333,0.07307692308,1,0,1,0,0,0,0,0,0,0,0,0,0.1111111111,0,0.3846153846,0.0385425,0.04221797945,0,0.037565,0.1239075,0.1239075,0.04754325,0.0863425,0,0.06666666667
https://sohamghadai42.github.io/MOVIE-UI-CLONE/,1,Holdout2_OpenPhish,2026-04-26T21:27:21+00:00,https://sohamghadai42.github.io/MOVIE-UI-CLONE/,200,,urlopen,7,57,0.2136363636,0.2875,0.1,0.2,0.1666666667,0.04255319149,0.8309516964,1,0.1,0.25,0,0.1666666667,1,0,0,0,0,0.03888888889,0.2192307692,1,0,0,0,0,0,0,0,0,0,0,0,0.2222222222,0,0.04545454545,0.03029625,0.03610228155,0,0.03473,0.0378275,0.0378275,0.03721525,0.0121725,0,0.03333333333
https://nikhila8606.github.io/Facebook-Login-Page/,1,Holdout2_OpenPhish,2026-04-26T21:27:21+00:00,https://nikhila8606.github.io/Facebook-Login-Page/,200,,urlopen,17,20,0.2272727273,0.2625,0.13125,0.2,0.1666666667,0.08,0.8056858873,1,0.1,0.25,0.1666666667,0.3333333333,1,0,0,0,0,0.09444444444,0.07692307692,1,0,0,0.25,0,0.2,0.3,0.3875,0,0,0,0,0.3333333333,0,0.3333333333,0.10985625,0.1169710093,0.05477421875,0.1203509375,0.05477421875,0.2712984375,0.1095908203,0.2165242188,0.15,0.03333333333
https://kauongit.github.io/wannabe-E-commerce-assignment-1/,1,Holdout2_OpenPhish,2026-04-26T21:27:21+00:00,https://kauongit.github.io/wannabe-E-commerce-assignment-1/,200,,urlopen,6,8,0.2681818182,0.225,0.20625,0.2,0.3333333333,0.01694915254,0.7853223697,1,0.1,0.25,0,0.1666666667,1,0,0,0,0,0.03333333333,0.03076923077,1,0,0,0,0,0,0,0,0,0,0,0,0.6666666667,0,0.9782608696,0.0307575,0.03302,0,0.03554,0.0382325,0.0382325,0.0353405,0.0117675,0,0.03333333333
https://spotify-login.vercel.app/,1,Holdout2_OpenPhish,2026-04-26T21:27:21+00:00,https://spotify-login.vercel.app/,200,,urlopen,8,7,0.15,0.3,0.00625,0.2,0.08333333333,0,0.7545742751,1,0,0.1666666667,0.25,0,1,0,0,0,0,0.04444444444,0.02692307692,0,0,1,0.125,0,0.3333333333,0.3333333333,0.3770833333,0,0,0,1,0,0,1,0.1461375,0.1413086881,0.0605075,0.1476483333,0.30147,0.30147,0.1609845,0.2409625,0.1428571429,0.06666666667
http://digitalskillshouse.github.io/hsbc/,1,Holdout2_OpenPhish,2026-04-26T21:27:21+00:00,https://digitalskillshouse.github.io/hsbc/,200,,urlopen,8,64,0.1863636364,0.35,0.0375,0.2,0,0,0.715277624,0,0.1,0.1666666667,0,0.25,1,0,0,0,0,0.04444444444,0.2461538462,0,1,1,0.125,0,0,0,0.04375,0,0,0,0.03225806452,0.03225806452,0,0.2162162162,0.1967045455,0.2314623533,0,0.09096363636,0.2581136932,0.3069068182,0.2500212466,0.2250181818,0,0.06666666667
http://vbmdmwww.sampleco.ccrs.biz/tmp/jsn_ext_uniform_free_j3.6_install/admin/assets/index.html,1,Holdout2_OpenPhish,2026-04-26T21:27:21+00:00,http://vbmdmwww.sampleco.ccrs.biz/tmp/jsn_ext_uniform_free_j3.6_install/admin/assets/index.html,200,,urlopen,3,2,0.4318181818,0.325,0.3875,0.5,0,0.02105263158,0.8264259724,0,0.5,0.625,0,0,1,0,0,0,0,0.01666666667,0.007692307692,0,0,1,0,0,0,0,0,0,0,0,1,0,0,0,0.250425,0.31605,0,0,0.31605,0.31605,0.31605,0,0,0.03333333333
https://advise-trezoior-en.framer.media/,1,Holdout2_OpenPhish,2026-04-26T21:27:21+00:00,https://advise-trezoior-en.framer.media/,200,,urlopen,7,8,0.1818181818,0.3875,0.00625,0.2,0.1666666667,0,0.737490606,1,0,0.2083333333,0,0,1,0,0,0,0,0.03888888889,0.03076923077,0,1,1,0,0,0,0,0,0,0,0,0.5,0.25,0,0,0.2120625,0.2889100216,0,0,0.274721875,0.304659375,0.2769125,0.08120625,0,0.06666666667
https://googlemeeettinvitee.click/meet/567/Windows/microsoft-store.php,1,Holdout2_OpenPhish,2026-04-26T21:27:21+00:00,https://googlemeeettinvitee.click/meet/567/Windows/microsoft-store.php,200,,urlopen,5,20,0.3181818182,0.3125,0.23125,0.2,0.08333333333,0.04285714286,0.7782509953,1,0.4,0.3333333333,0,0.125,1,0,0,0,0,0.02777777778,0.07692307692,0,0,0,0,0,0,0,0,0,0,0,0,1,1,1,0.06174204545,0.1008357022,0,0.04776363636,0.04434431818,0.2504386364,0.0633910124,0.2060943182,0.05,0.03333333333
https://raman-2r.github.io/Amazon-Clone-/,1,Holdout2_OpenPhish,2026-04-26T21:27:21+00:00,https://raman-2r.github.io/Amazon-Clone-/,200,,urlopen,7,18,0.1863636364,0.225,0.09375,0.2,0.25,0.0243902439,0.78884787,1,0.1,0.25,0,0.1666666667,1,0,0,0,0,0.03888888889,0.06923076923,1,0,0,0,0,0,0,0,0,0,0,0.125,0.5,0,0,0.030285,0.03438875,0,0.0349325,0.03792875,0.03792875,0.036422,0.01207125,0,0.03333333333
https://username3756.invoice-ads-agency.com/,1,Holdout2_OpenPhish,2026-04-26T21:27:21+00:00,https://username3756.invoice-ads-agency.com/,200,,urlopen,4,36,0.2,0.4375,0.00625,0.2,0.1666666667,0.09090909091,0.8117378252,1,0,0.2083333333,0,0,1,0,0,0,0,0.02222222222,0.1384615385,0,0,0,0,0,0,0,0,0,0,0,0.7222222222,0.2777777778,0,1,0.0298125,0.037625,0,0,0.037625,0.037625,0.037625,0,0,0.03333333333
https://supersafed.standard.us-east-1.oortstorages.com/fitsal.tt?eta=mirushub@880c55db9c16beb61cd53af22fc5c0a1c985.org,1,Holdout2_OpenPhish,2026-04-26T21:27:22+00:00,https://supersafed.standard.us-east-1.oortstorages.com/fitsal.tt?eta=mirushub@880c55db9c16beb61cd53af22fc5c0a1c985.org,200,,urlopen,10,11,0.5363636364,0.575,0.0625,0.6,0.1666666667,0.1779661017,0.8546448182,1,0.1,0.4583333333,0,0,1,0,0,0,0,0.05555555556,0.04230769231,0,0,1,0.125,0,0.3333333333,0.3333333333,0.3770833333,0,0,0.3333333333,0.6666666667,0.3333333333,0,0,0.1554910714,0.1565557801,0.06120178571,0.1490369048,0.2500642857,0.3021642857,0.1797864796,0.2409625,0.09090909091,0.1
https://appstarted-trzo.framer.media/io-start,1,Holdout2_OpenPhish,2026-04-26T21:27:21+00:00,https://appstarted-trzo.framer.media/io-start,200,,urlopen,7,8,0.2045454545,0.35,0.05625,0.2,0.1666666667,0,0.6999720159,1,0.1,0.25,0,0,1,0,0,0,0,0.03888888889,0.03076923077,0,1,1,0,0,0,0,0,0,0,0,0.5,0.25,0,0,0.2120625,0.2889100216,0,0,0.274721875,0.304659375,0.2769125,0.08120625,0,0.06666666667
http://f-case-feedback-appeal.github.io/uji/,1,Holdout2_OpenPhish,2026-04-26T21:27:21+00:00,https://f-case-feedback-appeal.github.io/uji/,200,,urlopen,6,5,0.2,0.4,0.03125,0.2,0.25,0,0.7652704182,0,0.1,0.25,0,0.1666666667,1,0,0,0,0,0.03333333333,0.01923076923,1,0,1,0,0,0,0,0,0,0,0,0,0.5,0,0,0.0539625,0.04609444444,0,0,0.126675,0.126675,0.06757083333,0.09265,0,0.06666666667
http://eu.jotform.com/app/253083739890367,1,Holdout2_OpenPhish,2026-04-26T21:27:22+00:00,https://www.jotform.com/app/253083739890367/,200,,urlopen,13,24,0.1863636364,0.175,0.125,0.2,0,0.3658536585,0.7866739232,0,0.2,0.2083333333,0,0,1,0,0,0,0,0.07222222222,0.09230769231,0,1,0,0,0,0,0,0,0,0,0,0,0.5833333333,0,0.1666666667,0.10434375,0.1652077206,0,0,0.05028125,0.24565625,0.1316875,0.195375,0,0.2
http://member28.agency-ad-dashboard.com/,1,Holdout2_OpenPhish,2026-04-26T21:27:23+00:00,https://member28.agency-ad-dashboard.com/,200,,urlopen,6,22,0.1818181818,0.4,0.00625,0.2,0.1666666667,0.05,0.7720798808,0,0,0.2083333333,0,0,1,0,0,0,0,0.03333333333,0.08461538462,0,0,0.09090909091,0,0,0,0,0,0,0,0,0.9090909091,0.09090909091,0,0,0.04986818182,0.06442509929,0,0,0.06293636364,0.2819931818,0.06293636364,0.2409625,0,0.06666666667
http://datcareefdiving.com/lsd/xinfini/index.html,1,Holdout2_OpenPhish,2026-04-26T21:27:23+00:00,https://www.datcareefdiving.com/lsd/xinfini/index.html,200,,urlopen,12,21,0.2227272727,0.2375,0.14375,0.2,0,0,0.7541613335,0,0.3,0.25,0,0,1,0,0,0,0,0.06666666667,0.08076923077,0,0,0,0,0,0.1111111111,0.2222222222,0.2222222222,0,0,0,0,1,0,1,0.070005,0.08359071759,0,0.08696555556,0.0464675,0.254685,0.07076633333,0.2082175,0.04761904762,0.03333333333
http://www.dpdlocagt.top/com,1,Holdout2_OpenPhish,2026-04-26T21:27:22+00:00,https://www.dpdlocagt.top/com,200,,urlopen,3,2,0.1272727273,0.2125,0.025,0.2,0,0,0.6596518689,0,0.1,0.1666666667,0,0,1,0,0,0,0,0.01666666667,0.007692307692,0,0,0,0,0,0,0,0,0,0,0,1,0,0,0,0.0298125,0.037625,0,0,0.037625,0.037625,0.037625,0,0,0.03333333333
https://m.galabett1075.com/tr/,1,Holdout2_OpenPhish,2026-04-26T21:27:22+00:00,https://m.galabett1075.com/tr/,200,,urlopen,5,10,0.1363636364,0.225,0.025,0.2,0,0.1333333333,0.7369519842,1,0.1,0.125,0,0,1,0,0,0,0,0.02777777778,0.03846153846,0,0,0.2,0,0,0,0,0,0,0,0,1,0,0,0,0.073935,0.09331,0,0,0.09331,0.28608,0.09331,0.2409625,0,0.06666666667
http://hbmeeng.com/,1,Holdout2_OpenPhish,2026-04-26T21:27:23+00:00,https://hbmeeng.com/,200,,urlopen,3,2,0.08636363636,0.1375,0.00625,0.1,0,0,0.6502941173,0,0,0.08333333333,0,0,1,0,0,0,0,0.01666666667,0.007692307692,1,0,0,0,0,0,0,0,0,0,0,0,0,0,0.9583333333,0.0298125,0.037625,0,0,0,0.037625,0.037625,0,0,0.03333333333
http://pub-ea66fe1b3c8e4757bafadfb9728b159c.r2.dev/index.html,1,Holdout2_OpenPhish,2026-04-26T21:27:22+00:00,https://pub-ea66fe1b3c8e4757bafadfb9728b159c.r2.dev/index.html,200,,urlopen,101,294,0.2772727273,0.5375,0.06875,0.3,0.08333333333,0.2786885246,0.856248835,0,0.1,0.25,0,0,1,0,0,0,0,0.5611111111,1,0,0,1,0.625,0,1,1,1,0,0,0,0.05882352941,0.9411764706,0,1,0.2355117188,0.2997047539,0,0.3189492188,0.172456227,0.3195621094,0.2411248169,0.1563,0.306122449,0.1666666667
http://pub-8ba6f3d0f12540a28a23829b162b6d0a.r2.dev/index.html,1,Holdout2_OpenPhish,2026-04-26T21:27:23+00:00,https://pub-8ba6f3d0f12540a28a23829b162b6d0a.r2.dev/index.html,200,,urlopen,101,294,0.2772727273,0.5375,0.06875,0.3,0.08333333333,0.3606557377,0.8397492625,0,0.1,0.25,0,0,1,0,0,0,0,0.5611111111,1,0,0,1,0.625,0,1,1,1,0,0,0,0.05882352941,0.9411764706,0,1,0.2355117188,0.2997047539,0,0.3189492188,0.172456227,0.3195621094,0.2411248169,0.1563,0.306122449,0.1666666667
https://qdfbjiqih.top/rqkqjfyq/,1,Holdout2_OpenPhish,2026-04-26T21:27:22+00:00,https://qdfbjiqih.top/rqkqjfyq/,200,,urlopen,3,2,0.1409090909,0.1625,0.0625,0.1,0,0,0.6992114818,1,0.1,0.125,0,0,1,0,0,0,0,0.01666666667,0.007692307692,0,0,0,0,0,0,0,0,0,0,0,1,0,0,0,0.0298125,0.037625,0,0,0.037625,0.037625,0.037625,0,0,0.03333333333
https://se9tp8unlt.onrocket.site/njd7/yy7hhhb/index.php,1,Holdout2_OpenPhish,2026-04-26T21:27:24+00:00,https://se9tp8unlt.onrocket.site/njd7/yy7hhhb/index.php,200,,urlopen,6,5,0.25,0.3,0.14375,0.3,0,0.07272727273,0.7792924076,1,0.3,0.2916666667,0,0,1,0,0,0,0,0.03333333333,0.01923076923,0,0,0,0.125,0,0.3333333333,0.3333333333,0.3770833333,0,0,0,0,0,0,1,0.120065625,0.1174199176,0.0568625,0.1403583333,0,0.275475,0.119484375,0.2186125,0.2,0.03333333333
https://maryamr25.github.io/fb-signup/,1,Holdout2_OpenPhish,2026-04-26T21:27:22+00:00,https://maryamr25.github.io/fb-signup/,200,,urlopen,18,32,0.1727272727,0.2375,0.06875,0.2,0.08333333333,0.05263157895,0.7746960311,1,0.1,0.2083333333,0,0.2,1,0,0,0,0,0.1,0.1230769231,0,1,0,0.25,0,0.1818181818,0.1818181818,0.2693181818,0,0,0,0,0.375,0,0,0.1052795455,0.1025030102,0.05221420455,0.1003534091,0.05221420455,0.2661784091,0.1207878616,0.2139642045,0.0625,0.06666666667
http://did.li/leumi-he,1,Holdout2_OpenPhish,2026-04-26T21:27:24+00:00,https://did.li/secure,200,,urlopen,7,34,0.1,0.075,0.05625,0.1,0.08333333333,0,0.6495679389,0,0.1,0.1666666667,0,0,1,0,0,0,0,0.03888888889,0.1307692308,0,0,0.1764705882,0,0,0,0,0,0,0,0,1,0,0,0,0.06874411765,0.08675882353,0,0,0.08675882353,0.2851985294,0.08675882353,0.2409625,0,0.1
https://www.sprots8-milem6.com/,1,Holdout2_OpenPhish,2026-04-26T21:27:22+00:00,https://www.sprots8-milem6.com/,200,,urlopen,3,4,0.1409090909,0.275,0.00625,0.2,0.08333333333,0.06451612903,0.7261328335,1,0,0.1666666667,0,0,1,0,0,0,0,0.01666666667,0.01538461538,0,0,0,0,0,0,0,0,0,0,0,1,0,0,0,0.0298125,0.037625,0,0,0.037625,0.037625,0.037625,0,0,0.03333333333
https://flyjj11.icu/rqkqjfyq/,1,Holdout2_OpenPhish,2026-04-26T21:27:23+00:00,https://flyjj11.icu/rqkqjfyq/,200,,urlopen,3,2,0.1318181818,0.1375,0.0625,0.1,0,0.06896551724,0.7233333784,1,0.1,0.125,0,0,1,0,0,0,0,0.01666666667,0.007692307692,0,0,0,0,0,0,0,0,0,0,0,1,0,0,0,0.0298125,0.037625,0,0,0.037625,0.037625,0.037625,0,0,0.03333333333
https://www.dpdlocagr.top/com/,1,Holdout2_OpenPhish,2026-04-26T21:27:22+00:00,https://www.dpdlocagr.top/com/,200,,urlopen,3,2,0.1363636364,0.2125,0.03125,0.2,0,0,0.6920434416,1,0.1,0.1666666667,0,0,1,0,0,0,0,0.01666666667,0.007692307692,0,0,0,0,0,0,0,0,0,0,0,1,0,0,0,0.0298125,0.037625,0,0,0.037625,0.037625,0.037625,0,0,0.03333333333
http://www.dpdlocafm.shop/com,1,Holdout2_OpenPhish,2026-04-26T21:27:22+00:00,https://www.dpdlocafm.shop/com,200,,urlopen,3,2,0.1318181818,0.225,0.025,0.2,0,0,0.6887893345,0,0.1,0.1666666667,0,0,1,0,0,0,0,0.01666666667,0.007692307692,0,0,0,0,0,0,0,0,0,0,0,1,0,0,0,0.0298125,0.037625,0,0,0.037625,0.037625,0.037625,0,0,0.03333333333
http://pfpchdfbngkdyvit6s2nqwqv556xvnlwvfflgktdudux4qmfhzpa.exnihilio.dnshome.de/eV4jjKFplDxVE_S02FoV7316tXapSrMqY6DpfkGFPl4,1,Holdout2_OpenPhish,2026-04-26T21:27:25+00:00,https://pfpchdfbngkdyvit6s2nqwqv556xvnlwvfflgktdudux4qmfhzpa.exnihilio.dnshome.de/eV4jjKFplDxVE_S02FoV7316tXapSrMqY6DpfkGFPl4,200,,urlopen,10,11,0.5636363636,0.9125,0.275,0.3,0,0.1209677419,0.9705667648,0,0.1,0.2083333333,0,0,1,0,0,0,0,0.05555555556,0.04230769231,0,0,1,0.125,0,0.3333333333,0.3333333333,0.3770833333,0,0,0.3333333333,0.6666666667,0.3333333333,0,0,0.1554910714,0.1565557801,0.06120178571,0.1490369048,0.2500642857,0.3021642857,0.1797864796,0.2409625,0.09090909091,0.1
https://confirm-address-check.vercel.app/landing,1,Holdout2_OpenPhish,2026-04-26T21:27:23+00:00,https://confirm-address-check.vercel.app/landing,200,,urlopen,19,31,0.2181818182,0.4,0.05,0.2,0.1666666667,0,0.7833105588,1,0.1,0.25,0.1666666667,0,1,0,0,0,0,0.1055555556,0.1192307692,0,1,0.125,0,0,0,0,0,0,0,0.09090909091,0.2727272727,0.3636363636,0,0.5,0.078935625,0.08504278159,0,0.05224625,0.095429375,0.437335625,0.09797665625,0.39075,0.06451612903,0.1333333333
http://www.dpdlocagy.top/com,1,Holdout2_OpenPhish,2026-04-26T21:27:23+00:00,https://www.dpdlocagy.top/com,200,,urlopen,3,2,0.1272727273,0.2125,0.025,0.2,0,0,0.680724028,0,0.1,0.1666666667,0,0,1,0,0,0,0,0.01666666667,0.007692307692,0,0,0,0,0,0,0,0,0,0,0,1,0,0,0,0.0298125,0.037625,0,0,0.037625,0.037625,0.037625,0,0,0.03333333333
http://m.galabett1075.com/,1,Holdout2_OpenPhish,2026-04-26T21:27:25+00:00,https://m.galabett1075.com/tr/,200,,urlopen,5,10,0.1181818182,0.225,0.00625,0.2,0,0.1538461538,0.7234723438,0,0,0.08333333333,0,0,1,0,0,0,0,0.02777777778,0.03846153846,0,0,0.2,0,0,0,0,0,0,0,0,1,0,0,0,0.073935,0.09331,0,0,0.09331,0.28608,0.09331,0.2409625,0,0.06666666667
https://flyjj12.icu/rqkqjfyq/,1,Holdout2_OpenPhish,2026-04-26T21:27:23+00:00,https://flyjj12.icu/rqkqjfyq/,200,,urlopen,3,2,0.1318181818,0.1375,0.0625,0.1,0,0.06896551724,0.7358725634,1,0.1,0.125,0,0,1,0,0,0,0,0.01666666667,0.007692307692,0,0,0,0,0,0,0,0,0,0,0,1,0,0,0,0.0298125,0.037625,0,0,0.037625,0.037625,0.037625,0,0,0.03333333333
http://opensea-nfts-ivory.vercel.app/,1,Holdout2_OpenPhish,2026-04-26T21:27:23+00:00,http://opensea-nfts-ivory.vercel.app/,200,,urlopen,3,2,0.1681818182,0.3625,0.00625,0.2,0.1666666667,0,0.7431941009,0,0,0.2083333333,0,0,1,0,0,0,0,0.01666666667,0.007692307692,0,0,1,0,0,0,0,0,0,0,0,1,0,0,0,0.250425,0.31605,0,0,0.31605,0.31605,0.31605,0,0,0.03333333333
https://flyjj10.icu/rqkqjfyq/,1,Holdout2_OpenPhish,2026-04-26T21:27:23+00:00,https://flyjj10.icu/rqkqjfyq/,200,,urlopen,3,2,0.1318181818,0.1375,0.0625,0.1,0,0.06896551724,0.7358725634,1,0.1,0.125,0,0,1,0,0,0,0,0.01666666667,0.007692307692,0,0,0,0,0,0,0,0,0,0,0,1,0,0,0,0.0298125,0.037625,0,0,0.037625,0.037625,0.037625,0,0,0.03333333333
https://username8958.invoice-ads-agency.com/,1,Holdout2_OpenPhish,2026-04-26T21:27:23+00:00,https://username8958.invoice-ads-agency.com/,200,,urlopen,4,36,0.2,0.4375,0.00625,0.2,0.1666666667,0.09090909091,0.8034733624,1,0,0.2083333333,0,0,1,0,0,0,0,0.02222222222,0.1384615385,0,0,0,0,0,0,0,0,0,0,0,0.7222222222,0.2777777778,0,1,0.0298125,0.037625,0,0,0.037625,0.037625,0.037625,0,0,0.03333333333
http://bahisguven.com/,1,Holdout2_OpenPhish,2026-04-26T21:27:25+00:00,https://bahisguven.com/,200,,urlopen,15,114,0.1,0.175,0.00625,0.1,0,0,0.7384513067,0,0,0.08333333333,0,0,1,0,0,0,0,0.08333333333,0.4384615385,0.8787878788,0.1212121212,0.04166666667,0,0,0,0,0,0,0,0,0.1754385965,0.2456140351,0,0.02941176471,0.04623552632,0.06129212461,0,0,0.05045391996,0.2813763158,0.05835175439,0.2409625,0,0.2
https://username8246.invoice-ads-agency.com/,1,Holdout2_OpenPhish,2026-04-26T21:27:23+00:00,https://username8246.invoice-ads-agency.com/,200,,urlopen,4,36,0.2,0.4375,0.00625,0.2,0.1666666667,0.09090909091,0.8117378252,1,0,0.2083333333,0,0,1,0,0,0,0,0.02222222222,0.1384615385,0,0,0,0,0,0,0,0,0,0,0,0.7222222222,0.2777777778,0,1,0.0298125,0.037625,0,0,0.037625,0.037625,0.037625,0,0,0.03333333333
http://bahismerkez.com/,1,Holdout2_OpenPhish,2026-04-26T21:27:26+00:00,https://bahismerkez.com/,200,,urlopen,19,503,0.1045454545,0.1875,0.00625,0.1,0,0,0.72163666,0,0,0.08333333333,0,0,1,0,0,0,0,0.1055555556,1,0.9792746114,0.0207253886,0.0350877193,0.125,0,0,0,0.04375,0,0,0,0.02,0.208,0,0.02525252525,0.03444151786,0.04511606668,0.03841651786,0.03590803571,0.04687134242,0.2793790179,0.04342015483,0.2434709821,0,0.2333333333
https://www.bing.com,0,Holdout3_User_Normal,2026-04-26T21:59:27+00:00,https://www.bing.com,200,,urlopen,21,62,0.09090909091,0.15,0,0.2,0,0,0.6880334036,1,0,0.125,0,0,1,0,0,0,0,0.1166666667,0.2384615385,0.5384615385,0.4615384615,0,0.125,0,0,0,0.04375,0,0,0,0.1034482759,0.06896551724,0,0.2121212121,0.09750234375,0.1057989614,0.04920546875,0.0574859375,0.04920546875,0.2445804688,0.122988623,0.195375,0,0.2666666667
https://kubernetes.io,0,Holdout3_User_Normal,2026-04-26T21:59:27+00:00,https://kubernetes.io,200,,urlopen,35,160,0.09545454545,0.1625,0,0.1,0,0,0.6816354188,1,0,0.08333333333,0,0,1,0,0,0,0,0.1944444444,0.6153846154,0.7619047619,0.2380952381,0.125,0,0,0,0,0,0,0,0,0.08860759494,0.1139240506,0,0.03076923077,0.06862638889,0.08769759152,0,0.047575,0.0743703125,0.2852125,0.08646234568,0.2409625,0,0.5
https://www.mozilla.org,0,Holdout3_User_Normal,2026-04-26T21:59:28+00:00,https://www.mozilla.org,200,,urlopen,23,332,0.1045454545,0.1875,0,0.2,0,0,0.7058263833,1,0,0.125,0,0,1,0,0,0,0,0.1277777778,1,0.904109589,0.09589041096,0.05,0,0,0,0,0,0,0,0,0.06024096386,0.06024096386,0,0,0.04622733434,0.05912129647,0,0,0.0524605497,0.2813749247,0.05834141566,0.2409625,0,0.3333333333
https://www.amd.com,0,Holdout3_User_Normal,2026-04-26T21:59:27+00:00,https://www.amd.com/ko.html,200,,urlopen,21,650,0.08636363636,0.1375,0,0.2,0,0,0.6502941173,1,0,0.125,0,0,1,0,0,0,0,0.1166666667,1,0.9388489209,0.06115107914,0.04255319149,0,0,0,0,0,0,0,0,0.02769230769,0.1169230769,0,0.07333333333,0.04052665385,0.05266420299,0,0,0.04969810802,0.2804068846,0.05114684615,0.2409625,0,0.3
https://www.djangoproject.com,0,Holdout3_User_Normal,2026-04-26T21:59:27+00:00,https://www.djangoproject.com,200,,urlopen,26,148,0.1318181818,0.2625,0,0.2,0,0,0.7311397263,1,0,0.125,0,0,1,0,0,0,0,0.1444444444,0.5692307692,0.8529411765,0.1470588235,0,0.125,0,0,0,0.04375,0,0,0,0.04166666667,0.01388888889,0,0.02857142857,0.0539235,0.06481298824,0.041756,0.042587,0.041756,0.237131,0.06782816,0.195375,0,0.3333333333
https://www.zoom.com,0,Holdout3_User_Normal,2026-04-26T21:59:28+00:00,https://www.zoom.com,200,,urlopen,37,736,0.09090909091,0.15,0,0.2,0,0,0.6266253354,1,0,0.125,0,0,1,0,0,0,0,0.2055555556,1,0.7299270073,0.2700729927,1,0,0,0,0.6,0.6,0,0,0.002754820937,0.01377410468,0.2286501377,0,0.03180212014,0.09633408177,0.1220919577,0,0.122088311,0.2070735043,0.4386791555,0.1280780605,0.39075,0.002717391304,0.4
https://www.apple.com/kr,0,Holdout3_User_Normal,2026-04-26T21:59:28+00:00,https://www.apple.com/kr/,200,,urlopen,15,226,0.1090909091,0.1625,0.01875,0.2,0,0,0.6952608902,1,0.1,0.1666666667,0,0.25,1,0,0,0,0,0.08333333333,0.8692307692,0.9797979798,0.0202020202,0,0.125,0,0,0,0.04375,0,0,0,0.09174311927,0,0,0.01,0.03327478448,0.04045500919,0.03827963362,0.03563426724,0.03827963362,0.2336546336,0.04143310605,0.2070953664,0,0.1
https://support.apple.com/ko-kr,0,Holdout3_User_Normal,2026-04-26T21:59:28+00:00,https://support.apple.com/ko-kr,200,,urlopen,21,179,0.1409090909,0.2125,0.0375,0.2,0.08333333333,0,0.7020867017,1,0.1,0.2083333333,0.2,0.2,1,0,0,0,0,0.1166666667,0.6884615385,1,0,0,0.25,0,0,0,0.0875,0,0,0,0.075,0.15,0,0.1142857143,0.03117293814,0.03676455025,0.03806340206,0.03520180412,0.03806340206,0.03806340206,0.03752733022,0.01193659794,0,0.03333333333
https://support.microsoft.com/ko-kr,0,Holdout3_User_Normal,2026-04-26T21:59:28+00:00,https://support.microsoft.com/ko-kr,200,,urlopen,24,453,0.1590909091,0.2625,0.0375,0.2,0.08333333333,0,0.6903673512,1,0.1,0.2083333333,0.2,0.2,1,0,0,0,0,0.1333333333,1,0.9320987654,0.06790123457,0.01666666667,0.25,0,0,0,0.0875,0,0,0.004504504505,0.05855855856,0.2072072072,0,0.02409638554,0.03951697598,0.04990939155,0.03930070961,0.03767641921,0.04331675127,0.2802632096,0.04966267925,0.2516617904,0,0.2333333333
https://www.cloudflarestatus.com,0,Holdout3_User_Normal,2026-04-26T21:59:28+00:00,https://www.cloudflarestatus.com,200,,urlopen,7,294,0.1454545455,0.3,0,0.2,0,0,0.7300580966,1,0,0.125,0,0,1,0,0,0,0,0.03888888889,1,0.6095890411,0.3904109589,1,0,0,0,0,0,0,0,0,0.006802721088,0,0,0.02666666667,0.1006729592,0.1277932073,0,0,0.2906204082,0.2906204082,0.1270547619,0.2409625,0,0.1
https://www.apache.org,0,Holdout3_User_Normal,2026-04-26T21:59:27+00:00,https://www.apache.org,200,,urlopen,25,374,0.1,0.175,0,0.2,0,0,0.6723356042,1,0,0.125,0,0,1,0,0,0,0,0.1388888889,1,0.9179104478,0.08208955224,0.01886792453,0,0,0,0,0,0,0,0,0.02673796791,0.256684492,0,0.1976047904,0.04151430481,0.05494714402,0,0,0.04415856119,0.2805745989,0.05239331551,0.2409625,0,0.3666666667
https://www.salesforce.com,0,Holdout3_User_Normal,2026-04-26T21:59:29+00:00,https://www.salesforce.com/kr/?ir=1&bc=OTH,200,,urlopen,21,1108,0.1181818182,0.225,0,0.2,0,0,0.7042073963,1,0,0.125,0,0,1,0,0,0,0,0.1166666667,1,0.953307393,0.046692607,0.9797979798,0,0,0,0,0,0,0,0,0.02707581227,0.5090252708,0,0.1433333333,0.08216581679,0.09604374892,0,0,0.158080094,0.2638984448,0.1101287455,0.2183068609,0,0.3
https://debian.org,0,Holdout3_User_Normal,2026-04-26T21:59:28+00:00,https://www.debian.org/,200,,urlopen,16,115,0.08181818182,0.125,0,0.1,0,0,0.7177641417,1,0,0.08333333333,0,0,1,0,0,0,0,0.08888888889,0.4423076923,0.9722222222,0.02777777778,0,0.125,0,0,0,0.04375,0,0,0,0,0.3076923077,0,0.02702702703,0.03411834677,0.03999970234,0.03855584677,0.03618669355,0.03855584677,0.2339308468,0.04136314711,0.1977441532,0,0.06666666667
https://cloud.google.com,0,Holdout3_User_Normal,2026-04-26T21:59:28+00:00,https://cloud.google.com,200,,urlopen,2,1,0.1090909091,0.2,0,0.2,0,0,0.6821143941,1,0,0.125,0,0.3333333333,1,0,0,0,0,0.01111111111,0.003846153846,0,0,0,0,0,0,0,0,0,0,0,0,0,0,0,0.02475,0.02525,0,0,0,0.02525,0.02525,0,0,0
https://firebase.google.com,0,Holdout3_User_Normal,2026-04-26T21:59:28+00:00,https://firebase.google.com,200,,urlopen,21,423,0.1227272727,0.2375,0,0.2,0,0,0.7331460441,1,0,0.125,0,0.3333333333,1,0,0,0,0,0.1166666667,1,0.8963414634,0.1036585366,0.08888888889,0.125,0,0,0,0.04375,0,0,0.004784688995,0,0.2105263158,0,0.006060606061,0.04561267606,0.05735591133,0.040325,0.039725,0.04785055556,0.2357,0.05745715962,0.20505,0,0.2333333333
https://www.edx.org,0,Holdout3_User_Normal,2026-04-26T21:59:28+00:00,https://www.edx.org,200,,urlopen,19,266,0.08636363636,0.1375,0,0.2,0,0,0.6694328732,1,0,0.125,0,0,1,0,0,0,0,0.1055555556,1,0.9210526316,0.07894736842,0.01754385965,0,0,0,0,0,0,0,0.007518796992,0.3684210526,0.05263157895,0,0,0.0405718985,0.05258317765,0,0,0.04630733083,0.4302020677,0.05120394737,0.39075,0.007518796992,0.2666666667
https://www.khanacademy.org,0,Holdout3_User_Normal,2026-04-26T21:59:28+00:00,https://www.khanacademy.org,200,,urlopen,3,2,0.1227272727,0.2375,0,0.2,0,0,0.7466140576,1,0,0.125,0,0,1,0,0,0,0,0.01666666667,0.007692307692,0,0,0,0,0,0,0,0,0,0,0,0,1,0,0,0.0298125,0.037625,0,0,0.037625,0.037625,0.037625,0,0,0.03333333333
https://status.openai.com,0,Holdout3_User_Normal,2026-04-26T21:59:28+00:00,https://status.openai.com,200,,urlopen,7,46,0.1136363636,0.2125,0,0.2,0,0,0.6788473981,1,0,0.125,0,0,1,0,0,0,0,0.03888888889,0.1769230769,0.6666666667,0.3333333333,0,0,0,0,0,0,0,0,0,0.8260869565,0.04347826087,0,0,0.03758967391,0.04450133938,0,0,0.03894565217,0.2343206522,0.04744021739,0.195375,0,0.06666666667
https://www.w3.org,0,Holdout3_User_Normal,2026-04-26T21:59:27+00:00,https://www.w3.org,200,,urlopen,9,208,0.08181818182,0.125,0,0.2,0,0.05555555556,0.6167540407,1,0,0.125,0,0,1,0,0,0,0,0.05,0.8,0.9789473684,0.02105263158,0,0,0,0,0,0,0,0,0,0.009615384615,0.07692307692,0,0.01041666667,0.03325240385,0.04209075713,0,0,0.03820913462,0.2335841346,0.04196634615,0.195375,0,0.1
https://www.coursera.org,0,Holdout3_User_Normal,2026-04-26T21:59:28+00:00,https://www.coursera.org,200,,urlopen,8,139,0.1090909091,0.2,0,0.2,0,0,0.6858282198,1,0,0.125,0,0,1,0,0,0,0,0.04444444444,0.5346153846,1,0,1,0.125,0,0,0,0.04375,0,0,0,0.02941176471,0.2941176471,0,0,0.06534482143,0.07522493696,0.04249946429,0.04407392857,0.1953710552,0.2613710552,0.09056731378,0.2188715909,0,0.06666666667
https://www.postgresql.org,0,Holdout3_User_Normal,2026-04-26T21:59:29+00:00,https://www.postgresql.org,200,,urlopen,10,198,0.1181818182,0.225,0,0.2,0,0,0.6709564347,1,0,0.125,0,0,1,0,0,0,0,0.05555555556,0.7615384615,0.8953488372,0.1046511628,0,0.25,0,0,0,0.0875,0,0,0,0.02083333333,0.08333333333,0,0,0.046107,0.05651737156,0.0404195,0.039914,0.0404195,0.2357945,0.05799314,0.1958805,0,0.06666666667
https://www.mongodb.com,0,Holdout3_User_Normal,2026-04-26T21:59:30+00:00,https://www.mongodb.com,200,,urlopen,16,498,0.1045454545,0.1875,0,0.2,0,0,0.6840486165,1,0,0.125,0,0,1,0,0,0,0,0.08888888889,1,0.9870967742,0.01290322581,0.597826087,0.125,0,0,0,0.04375,0,0,0,0.05263157895,0.3198380567,0,0.0127388535,0.04894695,0.05440479685,0.04088525,0.0408455,0.09319761413,0.28184775,0.061698882,0.24100225,0,0.1666666667
https://www.ieee.org,0,Holdout3_User_Normal,2026-04-26T21:59:29+00:00,https://www.ieee.org,200,,urlopen,3,2,0.09090909091,0.15,0,0.2,0,0,0.6448071536,1,0,0.125,0,0,1,0,0,0,0,0.01666666667,0.007692307692,0,0,0,0,0,0,0,0,0,0,0,1,0,0,0,0.0298125,0.037625,0,0,0.037625,0.037625,0.037625,0,0,0.03333333333
https://www.who.int,0,Holdout3_User_Normal,2026-04-26T21:59:28+00:00,https://www.who.int,200,,urlopen,45,592,0.08636363636,0.1375,0,0.2,0,0,0.5928778493,1,0,0.125,0,0,1,0,0,0,0,0.25,1,0.9625,0.0375,0.1276595745,0,0,0,0,0,0,0,0.003484320557,0.09407665505,0.06620209059,0,0.01639344262,0.04045795082,0.05232419041,0,0.03810278689,0.07346203174,0.4302638934,0.05042713142,0.3921611066,0.003378378378,0.4
https://www.worldbank.org,0,Holdout3_User_Normal,2026-04-26T21:59:28+00:00,https://www.worldbank.org/ext/en/home,200,,urlopen,9,134,0.1136363636,0.2125,0,0.2,0,0,0.7134283981,1,0,0.125,0,0,1,0,0,0,0,0.05,0.5153846154,0.880952381,0.119047619,0,0,0,0,0,0,0,0,0,0.0447761194,0.328358209,0,0,0.0431613806,0.05673446346,0,0,0.03989179104,0.235266791,0.05447201493,0.195375,0,0.1
https://www.iso.org,0,Holdout3_User_Normal,2026-04-26T21:59:28+00:00,https://www.iso.org/home.html,200,,urlopen,25,305,0.08636363636,0.1375,0,0.2,0,0,0.6311553613,1,0,0.125,0,0,1,0,0,0,0,0.1388888889,1,0.947761194,0.05223880597,0.1176470588,0.125,0,0,0,0.04375,0,0,0,0.03973509934,0.07284768212,0,0.03597122302,0.04094411765,0.05328928994,0.03952426471,0.03812352941,0.06787279412,0.2804867647,0.05160367166,0.2423632353,0,0.3333333333
https://www.nasa.gov,0,Holdout3_User_Normal,2026-04-26T21:59:28+00:00,https://www.nasa.gov,200,,urlopen,41,765,0.09090909091,0.15,0,0.2,0,0,0.6516697672,1,0,0.125,0,0,1,0,0,0,0,0.2277777778,1,0.982078853,0.01792114695,0.03296703297,0.375,0,0,0,0.13125,0,0,0.005405405405,0.04054054054,0.2027027027,0,0.007117437722,0.03460666454,0.0445794958,0.03850577168,0.03608654337,0.04809560685,0.4292557717,0.04310675296,0.3931692283,0.002614379085,0.3
https://www.docker.com,0,Holdout3_User_Normal,2026-04-26T21:59:28+00:00,https://www.docker.com,200,,urlopen,33,411,0.1,0.175,0,0.2,0,0,0.6888645298,1,0,0.125,0,0,1,0,0,0,0,0.1833333333,1,0.9022556391,0.0977443609,0.05633802817,0.125,0,0,0,0.04375,0,0,0.004901960784,0.2450980392,0.09803921569,0,0,0.04609769417,0.06033917254,0.04039708738,0.03986917476,0.05608212259,0.4311470874,0.05813002227,0.3912779126,0.004866180049,0.4666666667
https://www.un.org,0,Holdout3_User_Normal,2026-04-26T21:59:30+00:00,https://www.un.org,200,,urlopen,9,40,0.08181818182,0.125,0,0.2,0,0,0.6495329548,1,0,0.125,0,0,1,0,0,0,0,0.05,0.1538461538,1,0,0.25,0,0,0,0,0,0,0,0,0.15,0.25,0,0,0.05187375,0.08256142094,0,0,0.101611875,0.28233375,0.0654675,0.2409625,0,0.1
https://www.noaa.gov,0,Holdout3_User_Normal,2026-04-26T21:59:29+00:00,https://www.noaa.gov,200,,urlopen,38,270,0.09090909091,0.15,0,0.2,0,0,0.6516697672,1,0,0.125,0,0,1,0,0,0,0,0.2111111111,1,0.8656716418,0.1343283582,0.0625,0.25,1,0,0,0.0875,0,0.25,0.007633587786,0.4122137405,0.06870229008,0,0.04285714286,0.05311548913,0.07401901245,0.5372671196,0.04223423913,0.0589802055,0.5372671196,0.06709186752,0.4956875,0.01851851852,0.4666666667
https://ubuntu.com,0,Holdout3_User_Normal,2026-04-26T21:59:31+00:00,https://ubuntu.com,200,,urlopen,92,690,0.08181818182,0.125,0,0.1,0,0,0.6419078285,1,0,0.08333333333,0,0,1,0,0,0,0,0.5111111111,1,0.7818930041,0.2181069959,0.8591549296,0.25,0,0,0.01724137931,0.1047413793,0,0,0.003184713376,0.02229299363,0.2006369427,0,0.03187250996,0.07056036096,0.0744034127,0.04477476604,0.05055427346,0.1218240618,0.435524766,0.08798489019,0.39075,0.002898550725,0.5
https://www.yahoo.com,0,Holdout3_User_Normal,2026-04-26T21:59:31+00:00,https://www.yahoo.com,200,,urlopen,22,261,0.09545454545,0.1625,0,0.2,0,0,0.6470033842,1,0,0.125,0,0,1,0,0,0,0,0.1222222222,1,0.6981132075,0.3018867925,0.2105263158,0.125,0,0,0,0.04375,0,0,0,0.4651162791,0.1240310078,0,0.0701754386,0.06120171756,0.06553701414,0.04296574427,0.04500648855,0.06078942849,0.2383407443,0.07718437591,0.195375,0,0.3
https://www.stackoverflow.com,0,Holdout3_User_Normal,2026-04-26T21:59:30+00:00,https://stackoverflow.com/questions,200,,requests,47,786,0.1318181818,0.2625,0,0.2,0,0,0.7233333784,1,0,0.125,0,0,1,0,0,0,0,0.2611111111,1,0.9493243243,0.05067567568,0.6585365854,0.625,0,0,0,0.21875,0,0,0,0.08465608466,0.1322751323,0,0.01333333333,0.04876274814,0.05511100255,0.04091122829,0.04089745658,0.1042889722,0.2818737283,0.06107828676,0.2409762717,0,0.4
https://www.nature.com,0,Holdout3_User_Normal,2026-04-26T21:59:30+00:00,https://www.nature.com/?error=cookies_not_supported&code=36d4a974-fc57-4a91-8289-c413fb057f30,200,,urlopen,40,368,0.1,0.175,0,0.2,0,0,0.6991547157,1,0,0.125,0,0,1,0,0,0,0,0.2222222222,1,0.7941176471,0.2058823529,0.756097561,0.25,0,0,0,0.0875,0,0,0,0.005649717514,0.2259887006,0,0.03546099291,0.07200297619,0.08091583133,0.04444464286,0.04796428571,0.1404749782,0.2398196429,0.09347246788,0.195375,0,0.4
https://www.slack.com,0,Holdout3_User_Normal,2026-04-26T21:59:30+00:00,https://slack.com/,200,,urlopen,41,642,0.09545454545,0.1625,0,0.2,0,0,0.670855224,1,0,0.125,0,0,1,0,0,0,0,0.2277777778,1,0.9061371841,0.09386281588,0.8863636364,0,0,0,0,0,0,0,0,0.04672897196,0.09034267913,0,0.01423487544,0.06222196262,0.08260987566,0,0,0.2035458289,0.2837824766,0.08067570093,0.2409625,0,0.6333333333
https://www.loc.gov,0,Holdout3_User_Normal,2026-04-26T21:59:28+00:00,https://www.loc.gov,200,,urlopen,34,340,0.08636363636,0.1375,0,0.2,0,0,0.6502941173,1,0,0.125,0,0,1,0,0,0,0,0.1888888889,1,0.874015748,0.125984252,0.0243902439,0.125,0,0,0,0.04375,0,0,0,0.01785714286,0.2261904762,0,0.01550387597,0.04795394737,0.06242086977,0.04072171053,0.04051842105,0.04659884467,0.2816842105,0.06040917205,0.2411657895,0,0.4666666667
https://www.britannica.com,0,Holdout3_User_Normal,2026-04-26T21:59:29+00:00,https://www.britannica.com,200,,urlopen,50,651,0.1181818182,0.225,0,0.2,0,0,0.7042073963,1,0,0.125,0,0,1,0,0,0,0,0.2777777778,1,0.8793774319,0.1206225681,0.078125,0.375,0,0,0,0.13125,0,0,0.006230529595,0.01246105919,0.1806853583,0,0,0.05121433486,0.07048200124,0.04124770642,0.04157041284,0.06653266736,0.4203539564,0.06472119455,0.37910625,0.009216589862,0.7
https://www.crunchbase.com,0,Holdout3_User_Normal,2026-04-26T21:59:30+00:00,https://www.crunchbase.com,200,,urlopen,10,570,0.1181818182,0.225,0,0.2,0,0,0.7181934103,1,0,0.125,0,0,1,0,0,0,0,0.05555555556,1,1,0,0.01069518717,0.125,0,0,0,0.04375,0,0,0.003521126761,0.007042253521,0.6478873239,0,0,0.03184184211,0.04489663625,0.03796960526,0,0.04134774697,0.4287196053,0.04018614035,0.39075,0.00350877193,0.1
https://www.wired.com,0,Holdout3_User_Normal,2026-04-26T21:59:29+00:00,https://www.wired.com,200,,urlopen,15,248,0.09545454545,0.1625,0,0.2,0,0,0.6773910466,1,0,0.125,0,0,1,0,0,0,0,0.08333333333,0.9538461538,1,0,0.3684210526,0,0,0,0,0,0,0,0.008064516129,0.07258064516,0.07258064516,0,0.009433962264,0.04337237903,0.0665929753,0,0,0.1365868315,0.430677621,0.05473830645,0.39075,0.008064516129,0.2
https://www.theverge.com,0,Holdout3_User_Normal,2026-04-26T21:59:29+00:00,https://www.theverge.com,200,,urlopen,75,591,0.1090909091,0.2,0,0.2,0,0,0.6801093751,1,0,0.125,0,0,1,0,0,0,0,0.4166666667,1,0.7891891892,0.2108108108,0.1009174312,0.125,0,0,0,0.04375,0,0,0,0.08503401361,0.2857142857,0,0.005376344086,0.0611285473,0.08520935998,0.04294746622,0.04496993243,0.06583083778,0.2839099662,0.07712292218,0.2409625,0,1
https://apnews.com,0,Holdout3_User_Normal,2026-04-26T21:59:29+00:00,https://apnews.com,200,,urlopen,36,654,0.08181818182,0.125,0,0.1,0,0,0.6773601013,1,0,0.08333333333,0,0,1,0,0,0,0,0.2,1,1,0,0.619047619,0.5,0,0,0,0.175,0,0,0.003115264798,0.04672897196,0.01557632399,0,0,0.03906553951,0.05518443925,0.03921299392,0.03750098784,0.1955129939,0.4299629939,0.049168775,0.3924620061,0.003058103976,0.4666666667
https://www.grammarly.com,0,Holdout3_User_Normal,2026-04-26T21:59:29+00:00,https://www.grammarly.com,200,,urlopen,22,589,0.1136363636,0.2125,0,0.2,0,0,0.7024482163,1,0,0.125,0,0,1,0,0,0,0,0.1222222222,1,0.9514563107,0.04854368932,0.03409090909,0,0,0,0,0,0,0,0.003401360544,0.09863945578,0.1972789116,0,0,0.03861762712,0.05199959781,0,0.03732474576,0.04904163424,0.4298748729,0.04869987245,0.3925501271,0.003395585739,0.3
https://news.ycombinator.com,0,Holdout3_User_Normal,2026-04-26T21:59:29+00:00,https://news.ycombinator.com,200,,urlopen,64,465,0.1272727273,0.25,0,0.2,0,0,0.7343906676,1,0,0.125,0,0,1,0,0,0,0,0.3555555556,1,0.8684210526,0.1315789474,0,0.125,1,0,0,0.04375,0,0.125,0,0.004329004329,0.008658008658,0,0.004366812227,0.05493283262,0.07558905598,0.5628966202,0.04286824034,0.04189662017,0.5628966202,0.06929242112,0.521,0.004301075269,1
https://www.deepl.com,0,Holdout3_User_Normal,2026-04-26T21:59:29+00:00,https://www.deepl.com/en,200,,urlopen,27,622,0.09545454545,0.1625,0,0.2,0,0,0.670855224,1,0,0.125,0,0,1,0,0,0,0,0.15,1,0.9558232932,0.04417670683,0,0.125,0,0,0,0.04375,0,0,0.003236245955,0.071197411,0.1229773463,0,0,0.03618173077,0.04541917033,0.03871538462,0.03650576923,0.03871538462,0.2340903846,0.04558944157,0.1975846154,0,0.3333333333
https://www.duolingo.com,0,Holdout3_User_Normal,2026-04-26T21:59:30+00:00,https://www.duolingo.com,200,,urlopen,9,22,0.1090909091,0.2,0,0.2,0,0,0.7161312501,1,0,0.125,0,0,1,0,0,0,0,0.05,0.08461538462,0,0,1,0,0,0,0,0,0,0,0.09090909091,0.9090909091,0,0,0,0.2628920455,0.3377045455,0,0,0.3317840909,0.4679545455,0.3317840909,0.1497875,0.09090909091,0.1333333333
https://techcrunch.com,0,Holdout3_User_Normal,2026-04-26T21:59:39+00:00,https://techcrunch.com,200,,public_dns,40,774,0.1,0.175,0,0.1,0,0,0.6495679389,1,0,0.08333333333,0,0,1,0,0,0,0,0.2222222222,1,0.9632107023,0.03678929766,0.05882352941,0.25,0,0,0,0.0875,0,0,0,0.04166666667,0.1796875,0,0.003333333333,0.03777709407,0.05000784812,0.0389845683,0.0370441366,0.053158833,0.2799470683,0.04761873489,0.2429029317,0,0.5666666667
https://www.npr.org,0,Holdout3_User_Normal,2026-04-26T21:59:29+00:00,https://www.npr.org,200,,urlopen,34,777,0.08636363636,0.1375,0,0.2,0,0,0.6311553613,1,0,0.125,0,0,1,0,0,0,0,0.1888888889,1,0.9523809524,0.04761904762,0.8320610687,0,0,0,0,0,0,0,0.002610966057,0.02088772846,0.318537859,0,0.00395256917,0.05950479061,0.0691470081,0,0.04448597716,0.1214520535,0.4334554886,0.07488793877,0.39075,0.002574002574,0.3333333333
https://www.merriam-webster.com,0,Holdout3_User_Normal,2026-04-26T21:59:29+00:00,https://www.merriam-webster.com,200,,urlopen,41,471,0.1409090909,0.2875,0,0.2,0.08333333333,0,0.7070999156,1,0,0.1666666667,0,0,1,0,0,0,0,0.2277777778,1,0.8761904762,0.1238095238,0.1666666667,0.5,0,0,0,0.175,0,0,0.008771929825,0.01315789474,0.1096491228,0,0.004739336493,0.0534751569,0.06941281553,0.0416834728,0.04244194561,0.09848694503,0.4324334728,0.06723795736,0.39075,0.008492569002,0.5
https://vimeo.com,0,Holdout3_User_Normal,2026-04-26T21:59:29+00:00,https://vimeo.com,200,,urlopen,9,330,0.07727272727,0.1125,0,0.1,0,0,0.6576135647,1,0,0.08333333333,0,0,1,0,0,0,0,0.05,1,1,0,0.9615384615,0,0,0,0,0,0,0,0.01212121212,0.1212121212,0.1818181818,0,0,0.0749175,0.1036437567,0,0,0.2192076486,0.2711399583,0.09959984848,0.2265808673,0,0.1
https://www.twitch.tv,0,Holdout3_User_Normal,2026-04-26T21:59:29+00:00,https://www.twitch.tv,200,,urlopen,3,136,0.09545454545,0.1625,0,0.2,0,0,0.5768746788,1,0,0.125,0,0,1,0,0,0,0,0.01666666667,0.5230769231,0,0,0,0,0,0,0,0,0,0,0,1,0,0,0,0.0298125,0.037625,0,0,0.037625,0.037625,0.037625,0,0,0.03333333333
http://cop1301.com/,1,Holdout3_Nurilab_Page1,2026-04-26T21:59:29+00:00,http://cop1301.com/,200,,urlopen,3,2,0.08636363636,0.1375,0.00625,0.1,0,0.2105263158,0.6311553613,0,0,0.08333333333,0,0,1,0,0,0,0,0.01666666667,0.007692307692,0,0,1,0,0,0,0,0,0,0,0,1,0,0,0,0.250425,0.31605,0,0,0.31605,0.31605,0.31605,0,0,0.03333333333
http://cit1301.com/,1,Holdout3_Nurilab_Page3,2026-04-26T21:59:53+00:00,http://cit1301.com/,200,,public_dns,1,0,0.08636363636,0.1375,0.00625,0.1,0,0.2105263158,0.6430703134,0,0,0.08333333333,0,0,0,0,0,0,0,0.005555555556,0,0,0,0,0,0,0,0,0,0,0,0,0,0,0,0,0,0,0,0,0,0,0,0,0,0
http://www.pvfz717.top/,1,Holdout3_Nurilab_Page15,2026-04-26T21:59:31+00:00,http://www.pvfz717.top/,200,,public_dns,3,2,0.1045454545,0.1875,0.00625,0.2,0,0.1304347826,0.6404930829,0,0,0.125,0,0,1,0,0,0,0,0.01666666667,0.007692307692,0,0,1,0,0,0,0,0,0,0,0,1,0,0,0,0.250425,0.31605,0,0,0.31605,0.31605,0.31605,0,0,0.03333333333
https://www.visasyst.com/,1,Holdout3_Nurilab_Page15,2026-04-26T21:59:30+00:00,https://www.visasyst.com/,200,,urlopen,21,254,0.1136363636,0.2,0.00625,0.2,0,0,0.6678672163,1,0,0.125,0,0,1,0,0,0,0,0.1166666667,0.9769230769,0.9489795918,0.05102040816,0.1428571429,0,0,0,0,0,0,0,0.01587301587,0.03174603175,0.1746031746,0,0,0.04598964844,0.06953368022,0,0.03986210938,0.08551587612,0.4311435547,0.0578875946,0.3912814453,0.0157480315,0.2666666667
https://www.telegrgam.com/,1,Holdout3_Nurilab_Page16,2026-04-26T21:59:30+00:00,https://www.telegrgam.com/,200,,urlopen,19,101,0.1181818182,0.2125,0.00625,0.2,0,0,0.6989284627,1,0,0.125,0,0,1,0,0,0,0,0.1055555556,0.3884615385,0.6785714286,0.3214285714,0.09523809524,0.125,0,0,0,0.04375,0,0,0,0.1428571429,0.2857142857,0,0.03448275862,0.07022205882,0.09175695944,0.04451397059,0.04810294118,0.06746278011,0.2854764706,0.08851179354,0.2409625,0,0.2333333333
http://smgtrvix21.com/,1,Holdout3_Nurilab_Page15,2026-04-26T21:59:52+00:00,http://smgtrvix21.com/,200,,public_dns,3,2,0.1,0.175,0.00625,0.1,0,0.09090909091,0.7156836414,0,0,0.08333333333,0,0,1,0,0,0,0,0.01666666667,0.007692307692,0,0,1,0,0,0,0,0,0,0,0,1,0,0,0,0.250425,0.31605,0,0,0.31605,0.31605,0.31605,0,0,0.03333333333
http://lovehompy.com/widgets/naver/continue.php?tokensgq=number&lagnjjh=ko_KR&checksum51t=Y&Privacy0sd=N&termsServiceysm=YSsbTiRBQ1wAHF9LUEw0UXIbD0E6SxlNcERdXlMpTWouB1cQCUxReFEJEU9WJFAaBzlESjwaXEMxeDZ3dUE4cHBhe010ZA9lMHRvcxttYlt4bGlQRwxrBThrJhs0N2YseDQ2YWoMYjx0C2lwKUxrTWISIHcrZzsDYHx5eHRsH1l5R29RJndiEgp6aX4XAmcBEm0jGD8gZytFLT9ySxhiKGATYHd4H0RPNHdAUnRZQ1cAT05QSFFsGDJZEVJpRwITLE5EWkJ3QmU2HC0fCiRgERA0JUh2eW86EBBjFhtt&lagnrjp=Yes&flin=https://help.naver.com,1,Holdout3_Nurilab_Page16,2026-04-26T21:59:29+00:00,http://lovehompy.com/widgets/naver/continue.php?tokensgq=number&lagnjjh=ko_KR&checksum51t=Y&Privacy0sd=N&termsServiceysm=YSsbTiRBQ1wAHF9LUEw0UXIbD0E6SxlNcERdXlMpTWouB1cQCUxReFEJEU9WJFAaBzlESjwaXEMxeDZ3dUE4cHBhe010ZA9lMHRvcxttYlt4bGlQRwxrBThrJhs0N2YseDQ2YWoMYjx0C2lwKUxrTWISIHcrZzsDYHx5eHRsH1l5R29RJndiEgp6aX4XAmcBEm0jGD8gZytFLT9ySxhiKGATYHd4H0RPNHdAUnRZQ1cAT05QSFFsGDJZEVJpRwITLE5EWkJ3QmU2HC0fCiRgERA0JUh2eW86EBBjFhtt&lagnrjp=Yes&flin=https://help.naver.com,200,,urlopen,2,1,1,0.1625,0.16875,0.4,0,0.09846827133,1,0,0.3,0.875,0,0.09523809524,1,0,0,0,0,0.01111111111,0.003846153846,0,0,0,0,0,0,0,0,0,0,0,0,0,1,0,0.37125,0.37875,0,0,0,0.37875,0.37875,0,1,0
https://bluper.com.ar/don/draco-china/draco-china/index.html,1,Holdout3_Nurilab_Page18,2026-04-26T21:59:32+00:00,https://bluper.com.ar/don/draco-china/draco-china/index.html,200,,urlopen,6,5,0.2727272727,0.1625,0.24375,0.3,0.1666666667,0,0.7618779311,1,0.4,0.4166666667,0,0,1,0,0,0,0,0.03333333333,0.01923076923,0,0,0,0.125,0,0.3333333333,0.3333333333,0.3770833333,0,0,0,0,0,0,0,0.120065625,0.1174199176,0.0568625,0.1403583333,0,0.275475,0.119484375,0.2186125,0.2,0.03333333333
https://www.robiox.com.ua/users/274123522/profile,1,Holdout3_Nurilab_Page16,2026-04-26T21:59:45+00:00,https://www.robiox.com.ua/users/274123522/profile,200,,requests,11,305,0.2227272727,0.2125,0.15,0.3,0,0.1836734694,0.8107294689,1,0.3,0.2916666667,0,0,1,0,0,0,0,0.06111111111,1,0.4117647059,0.5882352941,0.962962963,0,0,0,0,0,0,0,0,0.8289473684,0.05921052632,0,0.1052631579,0.2224911765,0.2878961055,0,0.09913823529,0.2955618533,0.3092987688,0.2831631968,0.2392671512,0,0.1
http://titkmarket.xyz/index.html,1,Holdout3_Nurilab_Page16,2026-04-26T21:59:52+00:00,http://titkmarket.xyz/index.html,200,,public_dns,1,0,0.1454545455,0.175,0.06875,0.2,0,0,0.7144053267,0,0.1,0.1666666667,0,0,0,0,0,0,0,0.005555555556,0,0,0,0,0,0,0,0,0,0,0,0,0,0,0,0,0,0,0,0,0,0,0,0,0,0
https://pocase24.com/,1,Holdout3_Nurilab_Page16,2026-04-26T21:59:53+00:00,https://pocase24.com/,200,,public_dns,5,4,0.09545454545,0.15,0.00625,0.1,0,0.09523809524,0.670855224,1,0,0.08333333333,0,0,1,0,0,0,0,0.02777777778,0.01538461538,0,0,1,0,0,0,0,0,0,0,0.5,0.5,0,0,0,0.31899375,0.41756625,0,0,0.4025875,0.47748125,0.4025875,0.1497875,0.5,0.06666666667
https://fot-fot-93mte6bm22.edgeone.dev/lax.html,1,Holdout3_Nurilab_Page16,2026-04-26T21:59:53+00:00,https://fot-fot-93mte6bm22.edgeone.dev/lax.html,200,,public_dns,7,6,0.2136363636,0.375,0.05625,0.3,0.1666666667,0.1063829787,0.7850162884,1,0.1,0.2916666667,0,0,1,0,0,0,0,0.03888888889,0.02307692308,0,0,1,0.125,0,0.5,0.5,0.54375,0,0,0,0,1,0,1,0.156375,0.181169125,0,0.18578125,0.147346875,0.28711875,0.1665640625,0.202675,0.1666666667,0.06666666667
https://www.roblox.com.ml/users/827931495/profile,1,Holdout3_Nurilab_Page18,2026-04-26T21:59:59+00:00,https://www.roblox.com/ko/users/827931495/profile,200,,public_dns,8,409,0.2227272727,0.2125,0.15,0.3,0,0.1836734694,0.8227707027,1,0.3,0.2916666667,0,0,1,0,0,1,0.2,0.04444444444,1,1,0,0.9897435897,0,0,0,0,0,0,0,0,0.9411764706,0.01470588235,0,0.1818181818,0.2358203049,0.3016404527,0,0.104182561,0.309554101,0.3131385603,0.2981473965,0.2405847798,0,0.06666666667
https://hmarkets.help/trading/,1,Holdout3_Nurilab_Page19,2026-04-26T21:59:30+00:00,https://hmarkets.help/trading/,200,,urlopen,25,86,0.1363636364,0.1625,0.05625,0.1,0,0,0.7057686689,1,0.1,0.125,0,0,1,0,0,0,0,0.1388888889,0.3307692308,0.8108108108,0.1891891892,1,0,0,0,0,0,0,0,0,0.07142857143,0.04761904762,0,0,0.07799318182,0.09975260573,0,0.05057102273,0.2353617614,0.2831667614,0.09907093233,0.23741875,0,0.3333333333
https://sbz.kr/1abSK,1,Holdout3_Nurilab_Page19,2026-04-26T21:59:30+00:00,https://lightyellow-lark-867246.hostingersite.com/,200,,urlopen,14,25,0.09090909091,0.075,0.0375,0.1,0,0.05,0.6880334036,1,0.1,0.125,0,0,1,0,0,1,0.2,0.07777777778,0.09615384615,0,0,0.125,0.125,0,0,0.1428571429,0.1866071429,0,0,0,0.5,0.5,0,1,0.0593296875,0.06653533212,0.04363671875,0.06233772321,0.07375703125,0.2845992188,0.06687856445,0.2409625,0,0.06666666667
https://7star-live.com/user,1,Holdout3_Nurilab_Page19,2026-04-26T21:59:31+00:00,https://7star-live.com/user,200,,urlopen,9,46,0.1227272727,0.175,0.03125,0.1,0.08333333333,0.03703703704,0.7415306401,1,0.1,0.1666666667,0,0,1,0,0,0,0,0.05,0.1769230769,0,0,0.5652173913,0,0,0,0,0,0,0,0,1,0,0,0,0.1545065217,0.1949956522,0,0,0.1949956522,0.2997619565,0.1949956522,0.2409625,0,0.1333333333
https://fleamarket.naverpaymente.com/,1,Holdout3_Nurilab_Page19,2026-04-26T21:59:31+00:00,https://fleamarket.naverpaymente.com/,200,,urlopen,3,2,0.1681818182,0.35,0.00625,0.2,0,0,0.7254563098,1,0,0.125,0,0,1,0,0,0,0,0.01666666667,0.007692307692,0,0,1,0,0,0,0,0,0,0,0,1,0,0,0,0.250425,0.31605,0,0,0.31605,0.31605,0.31605,0,0,0.03333333333
https://tossbank-free-krw.blogspot.com/?s1=Kian_tok,1,Holdout3_Nurilab_Page20,2026-04-26T21:59:30+00:00,https://tossbank-free-krw.blogspot.com/?s1=Kian_tok,200,,urlopen,7,6,0.2318181818,0.375,0.00625,0.2,0.1666666667,0.01960784314,0.816238845,1,0,0.3333333333,0,0,1,0,0,0,0,0.03888888889,0.02307692308,1,0,1,0,0,0,0,0,0,0,0,0.3333333333,0.3333333333,0,0,0.1291875,0.1946901316,0,0,0.2173125,0.2954625,0.1630416667,0.2409625,0,0.1
http://pay.naver.cafe-824571824.com/1127/?sp=471102476,1,Holdout3_Nurilab_Page19,2026-04-26T21:59:31+00:00,http://pay.naver.cafe-824571824.com/1127/?sp=471102476,200,,urlopen,2,1,0.2454545455,0.35,0.0375,0.3,0.08333333333,0.4074074074,0.8245441823,0,0.1,0.3333333333,0.125,0.125,1,0,0,0,0,0.01111111111,0.003846153846,0,0,0,0,0,0,0,0,0,0,0,0,0,1,0,0.37125,0.37875,0,0,0,0.37875,0.37875,0,1,0
https://dyenergenipo.com/,1,Holdout3_Nurilab_Page20,2026-04-26T21:59:31+00:00,https://dyenergenipo.com/,200,,urlopen,17,19,0.1136363636,0.2,0.00625,0.1,0,0,0.7169936708,1,0,0.08333333333,0,0,1,0,0,0,0,0.09444444444,0.07307692308,0,0,0.5,0.125,0,0,0,0.04375,0,0,0,0.5,0.5,0,0,0.06762053571,0.06746815476,0.04492946429,0.04893392857,0.1654107143,0.2858919643,0.08192697704,0.2409625,0,0.1
https://leetalk.golgol.eu.org/,1,Holdout3_Nurilab_Page21,2026-04-26T21:59:31+00:00,https://leetalk.golgol.eu.org/,200,,urlopen,7,44,0.1363636364,0.2625,0.00625,0.3,0,0,0.6707720779,1,0,0.1666666667,0,0,1,0,0,0,0,0.03888888889,0.1692307692,0.2222222222,0.7777777778,0,0,0,0,0,0,0,0,0,0.1363636364,0.04545454545,0,0,0.1436420455,0.1733481625,0,0,0.05695454545,0.2523295455,0.1812840909,0.195375,0,0.06666666667
https://loan2-withus.co.kr/smepftd06/?kmckid=2d9aeb32-044b-4021-9e76-25be9fef72bf&kmctc=1755148168599400001,1,Holdout3_Nurilab_Page21,2026-04-26T21:59:31+00:00,https://loan2-withus.co.kr/smepftd06/?kmckid=2d9aeb32-044b-4021-9e76-25be9fef72bf&kmctc=1755148168599400001,200,,urlopen,23,57,0.4863636364,0.225,0.06875,0.2,0.4166666667,0.3831775701,0.8984595204,1,0.1,0.5416666667,0,0,1,0,0,0,0,0.1277777778,0.2192307692,0,0,0.9545454545,0.125,0,0,0,0.04375,0,0,0,0.2272727273,0.7727272727,0,0,0.09768970588,0.09322335558,0.04959632353,0.05826764706,0.1588287099,0.2905588235,0.1230815311,0.2409625,0,0.1666666667
https://84ubxz.com/,1,Holdout3_Nurilab_Page20,2026-04-26T21:59:32+00:00,https://84ubxz.com/,200,,urlopen,60,284,0.08636363636,0.125,0.00625,0.1,0,0.1052631579,0.7077103852,1,0,0.08333333333,0,0,1,0,0,0,0,0.3333333333,1,0.3333333333,0.6666666667,0.1018518519,0.5,0,0.2222222222,0.3055555556,0.4805555556,0,0,0,0.175,0.725,0,0.625,0.06898710938,0.09068091191,0.04528203125,0.1040050347,0.05824673032,0.2862445313,0.07701462891,0.2409625,0.02816901408,0.3333333333
https://www.robiox.com.py/games/17625359962/RIVALS?privateServerLinkCode=093544478681832168021839573374,1,Holdout3_Nurilab_Page20,2026-04-26T21:59:32+00:00,https://www.robiox.com.py/games/17625359962/RIVALS?privateServerLinkCode=093544478681832168021839573374,200,,urlopen,12,283,0.4681818182,0.2125,0.15625,0.3,0,0.3980582524,0.9330916511,1,0.3,0.375,0,0,1,0,0,0,0,0.06666666667,1,0,1,0.992481203,0,0,0,0,0,0,0,0,0.9361702128,0.007092198582,0,0.2727272727,0.2445979754,0.3086387472,0,0.1070966549,0.3123856395,0.3149733275,0.3095378403,0.2409625,0,0.1333333333
https://www.robiox.com.ua/communities/8556358984/Gpo-lovers,1,Holdout3_Nurilab_Page19,2026-04-26T21:59:42+00:00,https://www.robiox.com.ua/communities/8556358984/Gpo-lovers,200,,requests,11,248,0.2681818182,0.2125,0.2125,0.3,0.08333333333,0.1694915254,0.8379581646,1,0.3,0.3333333333,0,0,1,0,0,0,0,0.06111111111,0.9538461538,1,0,0.9736842105,0,0,0,0,0,0,0,0,0.918699187,0.008130081301,0,0.1,0.2249226,0.2873458216,0,0.1005668,0.3045172816,0.3117084,0.2844225344,0.2409625,0,0.1
https://free-tossbank.blogspot.com/?s1=JANG-ENYO,1,Holdout3_Nurilab_Page23,2026-04-26T21:59:31+00:00,https://free-tossbank.blogspot.com/?s1=JANG-ENYO,200,,urlopen,5,4,0.2181818182,0.325,0.00625,0.2,0.1666666667,0.02083333333,0.8474002729,1,0,0.2916666667,0,0,1,0,0,0,0,0.02777777778,0.01538461538,1,0,1,0,0,0,0,0,0,0,0,0.5,0,0,0,0.14011875,0.2069578125,0,0,0.29731875,0.29731875,0.1768375,0.2409625,0,0.06666666667
https://rafmoh.net/,1,Holdout3_Nurilab_Page23,2026-04-26T21:59:31+00:00,https://rafmoh.net/,200,,urlopen,4,4,0.08636363636,0.125,0.00625,0.1,0,0,0.6622090694,1,0,0.08333333333,0,0,1,0,0,0,0,0.02222222222,0.01538461538,1,0,0,0,0,0,0,0,0,0,0,0.5,0,0,0,0.0298125,0.037625,0,0,0.037625,0.037625,0.037625,0,0,0.03333333333
http://kudream.com/login.php,1,Holdout3_Nurilab_Page23,2026-04-26T21:59:32+00:00,http://kudream.com/login.php,200,,urlopen,14,146,0.1272727273,0.1375,0.0625,0.2,0,0,0.7473776806,0,0.1,0.1666666667,0.25,0,1,0,0,0,0,0.07777777778,0.5615384615,1,0,0.2786885246,0.25,0,0.25,0.25,0.3375,0,0,0,0.04347826087,0.8405797101,0,0.9585492228,0.052326,0.06434842949,0.041675,0.09309375,0.06526946721,0.2451,0.0636075,0.203425,0.006849315068,0.1
http://pay.naver.cafe-1096499.com/1140/?sp=575720137,1,Holdout3_Nurilab_Page24,2026-04-26T21:59:31+00:00,http://pay.naver.cafe-1096499.com/1140/?sp=575720137,200,,urlopen,2,1,0.2363636364,0.325,0.0375,0.3,0.08333333333,0.3846153846,0.8457816095,0,0.1,0.3333333333,0.125,0.125,1,0,0,0,0,0.01111111111,0.003846153846,0,0,0,0,0,0,0,0,0,0,0,0,0,1,0,0.37125,0.37875,0,0,0,0.37875,0.37875,0,1,0
https://free-tossbank.blogspot.com,1,Holdout3_Nurilab_Page24,2026-04-26T21:59:32+00:00,https://free-tossbank.blogspot.com,200,,urlopen,5,4,0.1545454545,0.325,0,0.2,0.08333333333,0,0.743175062,1,0,0.1666666667,0,0,1,0,0,0,0,0.02777777778,0.01538461538,1,0,1,0,0,0,0,0,0,0,0,0.5,0,0,0,0.14011875,0.2069578125,0,0,0.29731875,0.29731875,0.1768375,0.2409625,0,0.06666666667
https://esta.visasyst.com/application,1,Holdout3_Nurilab_Page25,2026-04-26T21:59:34+00:00,https://esta.visasyst.com/application,200,,urlopen,65,149,0.1681818182,0.2125,0.075,0.2,0,0,0.6941809881,1,0.1,0.1666666667,0,0,1,0,0,0,0,0.3611111111,0.5730769231,0.9130434783,0.08695652174,0.1923076923,0.125,0,0,0.02040816327,0.06415816327,0,0,0.04081632653,0.306122449,0.1836734694,0,0.08,0.05403295455,0.06005042692,0.04248295455,0.04632509276,0.1003440122,0.4332329545,0.06352742195,0.39075,0.02684563758,0.2
https://www.kkinstagram.com/reel/DS1UjDsjSJ6/?igsh=NTc4MTIwNjQ2YQ%3D%3D,1,Holdout3_Nurilab_Page23,2026-04-26T21:59:55+00:00,https://kkclip.com/open/ig/3798032230837461626/DS1UjDsjSJ6,200,,public_dns,5,4,0.3227272727,0.2375,0.1125,0.2,0,0.08450704225,0.9206469398,1,0.2,0.375,0,0,1,0,0,1,0.2,0.02777777778,0.01538461538,0,0,1,0,0,0,0,0,0,0,0,0.5,0.5,0,0,0.178875,0.2678307692,0,0,0.22575,0.3039,0.22575,0.1563,0,0.06666666667
https://www.kkinstagram.com/reels/DSvRVHmD1nD/,1,Holdout3_Nurilab_Page24,2026-04-26T21:59:55+00:00,https://kkclip.com/open/ig/3796329228951050691/DSvRVHmD1nD,200,,public_dns,5,4,0.2090909091,0.2375,0.11875,0.2,0,0.02173913043,0.8169951462,1,0.2,0.2083333333,0,0,1,0,0,1,0.2,0.02777777778,0.01538461538,0,0,1,0,0,0,0,0,0,0,0,0.5,0.5,0,0,0.178875,0.2678307692,0,0,0.22575,0.3039,0.22575,0.1563,0,0.06666666667
https://www.kkinstagram.com/p/DSYJ2pbAS_f,1,Holdout3_Nurilab_Page24,2026-04-26T21:59:55+00:00,https://kkclip.com/open/ig/3789822424179093471/DSYJ2pbAS_f,200,,public_dns,5,4,0.1863636364,0.2375,0.0875,0.2,0,0.0243902439,0.8221506416,1,0.2,0.1666666667,0,0,1,0,0,1,0.2,0.02777777778,0.01538461538,0,0,1,0,0,0,0,0,0,0,0,0.5,0.5,0,0,0.178875,0.2678307692,0,0,0.22575,0.3039,0.22575,0.1563,0,0.06666666667
https://logi-maitamusk.godaddysites.com/,1,Holdout3_Nurilab_Page26,2026-04-26T21:59:32+00:00,https://logi-maitamusk.godaddysites.com/,200,,urlopen,4,8,0.1818181818,0.3875,0.00625,0.2,0.08333333333,0,0.747035449,1,0,0.1666666667,0,0,1,0,0,0,0,0.02222222222,0.03076923077,0,0,1,0,0,0,0,0,0,0,0,0.75,0.25,0,0,0.220725,0.2973,0,0,0.28575,0.3039,0.28575,0.0726,0,0.03333333333
https://give.smarturls.site/,1,Holdout3_Nurilab_Page26,2026-04-26T21:59:34+00:00,https://give.smarturls.site/,200,,urlopen,4,10,0.1272727273,0.2375,0.00625,0.2,0,0,0.6873444826,1,0,0.125,0,0,1,0,0,0,0,0.02222222222,0.03846153846,1,0,0,0,0,0,0,0,0,0,0,0.4,0,0,0,0.0298125,0.037625,0,0,0.037625,0.037625,0.037625,0,0,0.03333333333
https://tossbank-free-krw.blogspot.com/?s1=ROSE,1,Holdout3_Nurilab_Page26,2026-04-26T21:59:32+00:00,https://tossbank-free-krw.blogspot.com/?s1=ROSE,200,,urlopen,7,6,0.2136363636,0.375,0.00625,0.2,0.1666666667,0.02127659574,0.8305653696,1,0,0.2916666667,0,0,1,0,0,0,0,0.03888888889,0.02307692308,1,0,1,0,0,0,0,0,0,0,0,0.3333333333,0.3333333333,0,0,0.1291875,0.1946901316,0,0,0.2173125,0.2954625,0.1630416667,0.2409625,0,0.1
http://47.107.245.63:5000/,1,Holdout3_Nurilab_Page26,2026-04-26T21:59:32+00:00,http://47.107.245.63:5000/,200,,urlopen,3,2,0.1181818182,0.1625,0.00625,0.3,0,0.5384615385,0.6622493543,0,0,0.1666666667,0,0,1,0,0,0,0,0.01666666667,0.007692307692,0,0,1,0,0,0,0,0,0,0,0,1,0,0,0,0.250425,0.31605,0,0,0.31605,0.31605,0.31605,0,0,0.03333333333
https://is-gold.com/auth,1,Holdout3_Nurilab_Page27,2026-04-26T21:59:32+00:00,https://is-gold.com/auth,200,,urlopen,5,4,0.1090909091,0.1375,0.03125,0.1,0.08333333333,0,0.7161312501,1,0.1,0.1666666667,0.25,0,1,0,0,0,0,0.02777777778,0.01538461538,0,0,0.5,0,0,0,0,0,0,0,0,1,0,0,0,0.14011875,0.1768375,0,0,0.1768375,0.29731875,0.1768375,0.2409625,0,0.06666666667
https://711elevens.cc/index/index/home2,1,Holdout3_Nurilab_Page27,2026-04-26T21:59:33+00:00,https://711elevens.cc/index/index/home2,200,,urlopen,7,20,0.1772727273,0.1625,0.1125,0.1,0,0.1025641026,0.7377919979,1,0.3,0.2083333333,0,0,1,0,0,0,0,0.03888888889,0.07692307692,1,0,0.1666666667,0,0,0,0,0,0,0,0,0.3,0.3,0,0,0.05187375,0.07961926587,0,0,0.08153166667,0.28233375,0.0654675,0.2409625,0,0.06666666667
https://wj.byteoversea.com/q/76955/U3hts814/eb3c/,1,Holdout3_Nurilab_Page29,2026-04-26T21:59:34+00:00,https://wj.byteoversea.com/q/76955/U3hts814/eb3c/,200,,urlopen,3,8,0.2227272727,0.225,0.14375,0.2,0,0.2040816327,0.8189774041,1,0.4,0.25,0,0,1,0,0,0,0,0.01666666667,0.03076923077,0,0,1,0,0,0,0,0,0,0,0,1,0,0,0,0.250425,0.31605,0,0,0.31605,0.31605,0.31605,0,0,0.03333333333
https://www.kkinstagram.com/p/DKKdgTkAQOU/,1,Holdout3_Nurilab_Page30,2026-04-26T21:59:55+00:00,https://kkclip.com/open/ig/3641853012059685780/DKKdgTkAQOU,200,,public_dns,5,4,0.1909090909,0.2375,0.09375,0.2,0,0,0.8078053194,1,0.2,0.1666666667,0,0,1,0,0,1,0.2,0.02777777778,0.01538461538,0,0,1,0,0,0,0,0,0,0,0,0.5,0.5,0,0,0.178875,0.2678307692,0,0,0.22575,0.3039,0.22575,0.1563,0,0.06666666667
https://www.kkinstagram.com/p/DPgtD0kDDFa,1,Holdout3_Nurilab_Page28,2026-04-26T21:59:55+00:00,https://kkclip.com/open/ig/3738185865408295258/DPgtD0kDDFa,200,,public_dns,5,4,0.1863636364,0.2375,0.0875,0.2,0,0.0243902439,0.7600663844,1,0.2,0.1666666667,0,0,1,0,0,1,0.2,0.02777777778,0.01538461538,0,0,1,0,0,0,0,0,0,0,0,0.5,0.5,0,0,0.178875,0.2678307692,0,0,0.22575,0.3039,0.22575,0.1563,0,0.06666666667
http://www.zoyue.com.cn/,1,Holdout3_OpenPhish_Fill,2026-04-26T21:59:32+00:00,http://www.zoyue.com.cn/,200,,urlopen,3,2,0.1090909091,0.2,0.00625,0.3,0,0,0.6801093751,0,0,0.1666666667,0,0,1,0,0,0,0,0.01666666667,0.007692307692,0,0,1,0,0,0,0,0,0,0,0,1,0,0,0,0.250425,0.31605,0,0,0.31605,0.31605,0.31605,0,0,0.03333333333
http://www.1qre64dqdpek06f6ih710vuh9p-4310f933-01ac-4df2-9220-3bfd7579a9c0.proof-proxy.ziflow.net/,1,Holdout3_OpenPhish_Fill,2026-04-26T21:59:35+00:00,http://www.1qre64dqdpek06f6ih710vuh9p-4310f933-01ac-4df2-9220-3bfd7579a9c0.proof-proxy.ziflow.net/,200,,public_dns,3,2,0.4454545455,1,0.00625,0.4,0.5,0.3265306122,0.8899795385,0,0,0.4583333333,0,0,1,0,0,0,0,0.01666666667,0.007692307692,0,0,1,0,0,0,0,0,0,0,0,1,0,0,0,0.250425,0.31605,0,0,0.31605,0.31605,0.31605,0,0,0.03333333333
http://www.tr.jetbahisadresii.com/,1,Holdout3_OpenPhish_Fill,2026-04-26T21:59:33+00:00,http://www.tr.jetbahisadresii.com/,200,,urlopen,3,2,0.1545454545,0.325,0.00625,0.3,0,0,0.7270277358,0,0,0.1666666667,0,0,1,0,0,0,0,0.01666666667,0.007692307692,0,0,1,0,0,0,0,0,0,0,0,1,0,0,0,0.250425,0.31605,0,0,0.31605,0.31605,0.31605,0,0,0.03333333333
https://www.robiox.com.py/games/7239319209/Ohio?privateServerLinkCode=309523125136518418445129374622,1,Holdout3_OpenPhish_Fill,2026-04-26T21:59:35+00:00,https://www.robiox.com.py/games/7239319209/Ohio?privateServerLinkCode=309523125136518418445129374622,200,,urlopen,12,283,0.4545454545,0.2125,0.1375,0.3,0,0.4,0.9059208593,1,0.3,0.375,0,0,1,0,0,0,0,0.06666666667,1,0,1,0.992481203,0,0,0,0,0,0,0,0,0.9361702128,0.007092198582,0,0.2727272727,0.2445979754,0.3086387472,0,0.1070966549,0.3123856395,0.3149733275,0.3095378403,0.2409625,0,0.1333333333
https://www.borderclick.com/BC/media/Borderclick/Files/xmlrobuxa2026.html,1,Holdout3_OpenPhish_Fill,2026-04-26T21:59:34+00:00,https://www.borderclick.com/BC/media/Borderclick/Files/xmlrobuxa2026.html,200,,urlopen,15,35,0.3318181818,0.2375,0.2875,0.3,0,0.05479452055,0.8228075639,1,0.5,0.375,0,0,1,0,0,0,0,0.08333333333,0.1346153846,1,0,1,0,0,0,0,0,0,0,0,0.4117647059,0.5294117647,0,0,0.16570625,0.22456867,0,0.0769625,0.2416875,0.29990625,0.2223836806,0.2409625,0,0.2
https://username4068.invoice-ads-agency.com/,1,Holdout3_OpenPhish_Fill,2026-04-26T21:59:34+00:00,https://username4068.invoice-ads-agency.com/,200,,urlopen,4,36,0.2,0.4375,0.00625,0.2,0.1666666667,0.09090909091,0.8117378252,1,0,0.2083333333,0,0,1,0,0,0,0,0.02222222222,0.1384615385,0,0,0,0,0,0,0,0,0,0,0,0.7222222222,0.2777777778,0,1,0.0298125,0.037625,0,0,0.037625,0.037625,0.037625,0,0,0.03333333333
https://account-signup.credit-agency-meta.com/,1,Holdout3_OpenPhish_Fill,2026-04-26T21:59:34+00:00,https://account-signup.credit-agency-meta.com/,200,,urlopen,4,36,0.2090909091,0.4625,0.00625,0.2,0.25,0,0.7552969625,1,0,0.25,0.1666666667,0,1,0,0,0,0,0.02222222222,0.1384615385,0,0,0,0,0,0,0,0,0,0,0,0.7222222222,0.2777777778,0,1,0.0298125,0.037625,0,0,0.037625,0.037625,0.037625,0,0,0.03333333333
https://www.qualcomm.com,0,Holdout4_User_Normal,2026-04-26T22:14:58+00:00,https://www.qualcomm.com,200,,urlopen,9,10,0.1090909091,0.2,0,0.2,0,0,0.6858282198,1,0,0.125,0,0,1,0,0,0,0,0.05,0.03846153846,0,0,0.6,0,0,0,0,0,0,0,0,1,0,0,0,0.16218,0.20468,0,0,0.20468,0.301065,0.20468,0.2409625,0,0.1333333333
https://www.broadcom.com,0,Holdout4_User_Normal,2026-04-26T22:14:58+00:00,https://www.broadcom.com,200,,urlopen,7,10,0.1090909091,0.2,0,0.2,0,0,0.6858282198,1,0,0.125,0,0,1,0,0,0,0,0.03888888889,0.03846153846,0,0,0.4,0,0,0,0,0,0,0,0.2,0.8,0,0,0,0.145485,0.2076470455,0,0,0.18361,0.4480175,0.18361,0.39075,0.2,0.1
https://www.atlassian.com,0,Holdout4_User_Normal,2026-04-26T22:14:58+00:00,https://www.atlassian.com,200,,urlopen,8,148,0.1136363636,0.2125,0,0.2,0,0,0.6769225799,1,0,0.125,0,0,1,0,0,0,0,0.04444444444,0.5692307692,0.9850746269,0.01492537313,0.8571428571,0,0,0,0,0,0,0,0,0.09459459459,0,0,0.06944444444,0.05011722973,0.07418737975,0,0,0.2476122587,0.282035473,0.06325067568,0.2409625,0,0.1
https://code.visualstudio.com,0,Holdout4_User_Normal,2026-04-26T22:14:58+00:00,https://code.visualstudio.com,200,,urlopen,33,229,0.1318181818,0.2625,0,0.2,0,0,0.7186005414,1,0,0.125,0,0,1,0,0,0,0,0.1833333333,0.8807692308,0.6885245902,0.3114754098,0.03846153846,0.125,0,0,0,0.04375,0,0,0,0.02654867257,0.4336283186,0,0,0.0632876087,0.08932941489,0.04332141304,0.04571782609,0.05258920151,0.284283913,0.07981225142,0.2409625,0,0.4666666667
https://www.jetbrains.com,0,Holdout4_User_Normal,2026-04-26T22:14:58+00:00,https://www.jetbrains.com,200,,urlopen,5,12,0.1136363636,0.2125,0,0.2,0,0,0.7315391254,1,0,0.125,0,0,1,0,0,0,0,0.02777777778,0.04615384615,0,0,0.1666666667,0,0,0,0,0,0,0,0.1666666667,0.8333333333,0,0,0,0.0894375,0.1379230769,0,0,0.112875,0.4385,0.112875,0.39075,0.1666666667,0.06666666667
https://www.splunk.com,0,Holdout4_User_Normal,2026-04-26T22:14:59+00:00,https://www.splunk.com,200,,urlopen,25,437,0.1,0.175,0,0.2,0,0,0.6888645298,1,0,0.125,0,0,1,0,0,0,0,0.1388888889,1,0.9642857143,0.03571428571,0.02040816327,0.375,0,0,0.1818181818,0.3130681818,0,0,0.004761904762,0.07142857143,0.3904761905,0,0.01754385965,0.03770457589,0.05154692761,0.03908950893,0.05760401786,0.04553555485,0.4298395089,0.04630768794,0.3925854911,0.004576659039,0.1666666667
https://www.fastly.com,0,Holdout4_User_Normal,2026-04-26T22:14:59+00:00,https://www.fastly.com,200,,urlopen,4,50,0.1,0.175,0,0.2,0,0,0.6826257901,1,0,0.125,0,0,1,0,0,0,0,0.02222222222,0.1923076923,1,0,0,0,0,0,0,0,0,0,0,0,0.24,0,0.05,0.0298125,0.037625,0,0,0.037625,0.037625,0.037625,0,0,0.03333333333
https://www.databricks.com,0,Holdout4_User_Normal,2026-04-26T22:14:58+00:00,https://www.databricks.com,200,,urlopen,3,2,0.1181818182,0.225,0,0.2,0,0,0.7181934103,1,0,0.125,0,0,1,0,0,0,0,0.01666666667,0.007692307692,0,0,1,0,0,0,0,0,0,0,0,1,0,0,0,0.250425,0.31605,0,0,0.31605,0.31605,0.31605,0,0,0.03333333333
https://www.suse.com,0,Holdout4_User_Normal,2026-04-26T22:14:58+00:00,https://www.suse.com,200,,urlopen,35,631,0.09090909091,0.15,0,0.2,0,0,0.6448071536,1,0,0.125,0,0,1,0,0,0,0,0.1944444444,1,0.9372384937,0.06276150628,0.05333333333,0.125,0,0,0,0.04375,0,0,0.003184713376,0.01592356688,0.2197452229,0,0.008298755187,0.04156091772,0.05710597637,0.03962436709,0.03832373418,0.05447286709,0.4303743671,0.05241855021,0.3920506329,0.003169572108,0.5
https://www.digitalocean.com,0,Holdout4_User_Normal,2026-04-26T22:14:58+00:00,https://www.digitalocean.com,200,,urlopen,27,484,0.1272727273,0.25,0,0.2,0,0,0.7343906676,1,0,0.125,0,0,1,0,0,0,0,0.15,1,0.9417989418,0.0582010582,0.01886792453,0,0,0,0,0,0,0,0,0.04132231405,0.1776859504,0,0,0.03885480372,0.05038893381,0,0,0.0437069478,0.2801229855,0.04903688017,0.2409625,0,0.4
https://www.netlify.com,0,Holdout4_User_Normal,2026-04-26T22:14:58+00:00,https://www.netlify.com,200,,urlopen,35,327,0.1045454545,0.1875,0,0.2,0,0,0.7156691698,1,0,0.125,0,0,1,0,0,0,0,0.1944444444,1,0.9206349206,0.07936507937,0.15625,0.125,0,0,0,0.04375,0,0,0.006329113924,0.03797468354,0.1582278481,0,0.015625,0.04836629464,0.06494788431,0.04084933036,0.04077366071,0.08318058036,0.4315993304,0.06053783615,0.3908256696,0.006116207951,0.3666666667
https://www.redhat.com,0,Holdout4_User_Normal,2026-04-26T22:14:58+00:00,https://www.redhat.com/en,200,,urlopen,9,373,0.1,0.175,0,0.2,0,0,0.6826257901,1,0,0.125,0,0,1,0,0,0,0,0.05,1,0.9926470588,0.007352941176,0,0.125,0,0,0,0.04375,0,0,0,0.03783783784,0.227027027,0,0.007299270073,0.03082139037,0.03884577362,0.03780367647,0.03468235294,0.03780367647,0.2331786765,0.038831771,0.1984963235,0,0.06666666667
https://www.cloudflare.com/ko-kr,0,Holdout4_User_Normal,2026-04-26T22:14:59+00:00,https://www.cloudflare.com/ko-kr/,200,,urlopen,24,382,0.1454545455,0.225,0.0375,0.2,0.08333333333,0,0.7598598721,1,0.1,0.2083333333,0,0,1,0,0,0,0,0.1333333333,1,0.9575757576,0.04242424242,0,0.125,0,0,0,0.04375,0,0,0,0.04301075269,0.06989247312,0,0,0.03663519231,0.04482380916,0.03884,0.036755,0.03884,0.234215,0.04576792308,0.19746,0,0.2
https://www.snowflake.com,0,Holdout4_User_Normal,2026-04-26T22:14:58+00:00,https://www.snowflake.com/ko/,200,,urlopen,9,288,0.1136363636,0.2125,0,0.2,0,0,0.7134283981,1,0,0.125,0,0,1,0,0,0,0,0.05,1,1,0,0.0350877193,0,0,0,0,0,0,0,0.006944444444,0.01388888889,0.375,0,0.01136363636,0.03382890625,0.04981033445,0,0,0.04938970669,0.4290570313,0.04269392361,0.39075,0.006944444444,0.1
https://www.heroku.com,0,Holdout4_User_Normal,2026-04-26T22:14:58+00:00,https://www.heroku.com,200,,urlopen,27,487,0.1,0.175,0,0.2,0,0,0.6888645298,1,0,0.125,0,0,1,0,0,0,0,0.15,1,0.9034090909,0.09659090909,0.09090909091,0.125,0,0,0,0.04375,0,0,0.004132231405,0.1239669421,0.1446280992,0,0.01123595506,0.04830215164,0.06561229582,0.04077038934,0.04061577869,0.06494557874,0.4315203893,0.06092113889,0.3909046107,0.004106776181,0.3666666667
https://www.vercel.com,0,Holdout4_User_Normal,2026-04-26T22:14:59+00:00,https://vercel.com/,200,,urlopen,41,514,0.1,0.175,0,0.2,0,0,0.6888645298,1,0,0.125,0,0,1,0,0,0,0,0.2277777778,1,0.8882352941,0.1117647059,0.09523809524,0,0,0,0,0,0,0,0,0.2480314961,0.08267716535,0,0.005847953216,0.045495,0.05344976141,0,0.03971461538,0.04838290293,0.2356948077,0.05718824556,0.1959801923,0,0.5333333333
https://www.asml.com,0,Holdout4_User_Normal,2026-04-26T22:14:58+00:00,https://www.asml.com/en,200,,urlopen,25,350,0.09090909091,0.15,0,0.2,0,0,0.6516697672,1,0,0.125,0,0,1,0,0,0,0,0.1388888889,1,0.9527027027,0.0472972973,0.4782608696,0.25,0,0,0,0.0875,0,0,0,0.0701754386,0.06432748538,0,0.006711409396,0.041925,0.04895206689,0.03971292373,0.03850084746,0.0802036846,0.2350879237,0.05267373839,0.1965870763,0,0.3
https://www.ietf.org,0,Holdout4_User_Normal,2026-04-26T22:14:58+00:00,https://www.ietf.org,200,,urlopen,30,362,0.09090909091,0.15,0,0.2,0,0,0.6629889718,1,0,0.125,0,0,1,0,0,0,0,0.1666666667,1,0.9156626506,0.0843373494,0,0.375,0,0,0,0.13125,0,0,0,0.005714285714,0.04571428571,0,0.005988023952,0.04374171196,0.05320741747,0.04003519022,0.03914538043,0.04003519022,0.2354101902,0.05487166381,0.1962648098,0,0.3333333333
https://www.elastic.co,0,Holdout4_User_Normal,2026-04-26T22:14:59+00:00,https://www.elastic.co,200,,urlopen,25,432,0.1,0.175,0,0.2,0,0,0.6660968645,1,0,0.125,0,0,1,0,0,0,0,0.1388888889,1,0.9640718563,0.03592814371,0.2448979592,0,0,0,0,0,0,0,0,0.09722222222,0.1296296296,0,0.005952380952,0.03975,0.04875461998,0,0,0.06323596939,0.280275,0.05016666667,0.2409625,0,0.3666666667
https://www.sap.com,0,Holdout4_User_Normal,2026-04-26T22:15:00+00:00,https://www.sap.com/index.html,200,,public_dns,15,202,0.08636363636,0.1375,0,0.2,0,0,0.6311553613,1,0,0.125,0,0,1,0,0,0,0,0.08333333333,0.7769230769,0.9152542373,0.08474576271,0,0,0,0,0,0,0,0,0,0.396039604,0.05940594059,0,0.04838709677,0.03866769802,0.04684088392,0,0,0.03912871287,0.2345037129,0.04880074257,0.195375,0,0.2
https://posit.co,0,Holdout4_User_Normal,2026-04-26T22:14:59+00:00,https://posit.co,200,,urlopen,34,548,0.07272727273,0.1,0,0.1,0,0,0.5823308238,1,0,0.08333333333,0,0,1,0,0,0,0,0.1888888889,1,0.904040404,0.09595959596,0.06578947368,0,0,0,0,0,0,0,0.007299270073,0.08394160584,0.1861313869,0,0.01,0.04674251825,0.06409297559,0,0,0.05832359297,0.4312499088,0.05899160584,0.39075,0.003649635036,0.5
https://www.linuxfoundation.org,0,Holdout4_User_Normal,2026-04-26T22:14:58+00:00,https://www.linuxfoundation.org,200,,urlopen,104,436,0.1409090909,0.2875,0,0.2,0,0,0.7422905315,1,0,0.125,0,0,1,0,0,0,0,0.5777777778,1,0.7039473684,0.2960526316,0.1090909091,0.125,0,0,0,0.04375,0,0,0.009661835749,0.09178743961,0.1642512077,0,0.006535947712,0.07298388158,0.08977292118,0.04507664474,0.04922828947,0.0768102811,0.4358266447,0.09165672322,0.39075,0.009174311927,1
https://www.rstudio.com,0,Holdout4_User_Normal,2026-04-26T22:15:00+00:00,https://posit.co/,200,,urlopen,34,548,0.1045454545,0.1875,0,0.2,0,0,0.6840486165,1,0,0.125,0,0,1,0,0,1,0.2,0.1888888889,1,0.904040404,0.09595959596,0.06578947368,0,0,0,0,0,0,0,0.007299270073,0.08394160584,0.1861313869,0,0.01,0.04674251825,0.06409297559,0,0,0.05832359297,0.4312499088,0.05899160584,0.39075,0.003649635036,0.5
https://www.iana.org,0,Holdout4_User_Normal,2026-04-26T22:14:59+00:00,https://www.iana.org,200,,urlopen,6,72,0.09090909091,0.15,0,0.2,0,0,0.6698515854,1,0,0.125,0,0,1,0,0,0,0,0.03333333333,0.2769230769,0.8823529412,0.1176470588,0,0,0,0,0,0,0,0,0,0.05555555556,0,0,0,0.0496875,0.06193303571,0,0,0.041,0.236375,0.06270833333,0.195375,0,0.06666666667
https://www.cncf.io,0,Holdout4_User_Normal,2026-04-26T22:14:59+00:00,https://www.cncf.io,200,,urlopen,33,764,0.08636363636,0.1375,0,0.2,0,0,0.6502941173,1,0,0.125,0,0,1,0,0,0,0,0.1833333333,1,0.8927203065,0.1072796935,0.02521008403,0.125,0,0,0,0.04375,0,0,0.002631578947,0.02894736842,0.2842105263,0,0.02247191011,0.04483815274,0.06049230876,0.0401522846,0.03937956919,0.04611809819,0.4309022846,0.05675432002,0.3915227154,0.002617801047,0.4333333333
https://www.vultr.com,0,Holdout4_User_Normal,2026-04-26T22:14:59+00:00,https://www.vultr.com,200,,urlopen,35,731,0.09545454545,0.1625,0,0.2,0,0,0.6816354188,1,0,0.125,0,0,1,0,0,0,0,0.1944444444,1,0.9763513514,0.02364864865,0.03636363636,0.375,0,0.04347826087,0.04347826087,0.1747282609,0,0,0.002849002849,0.005698005698,0.1481481481,0,0.01333333333,0.03614472812,0.04661212154,0.03881475464,0.04551646581,0.05030043646,0.4295647546,0.04452689485,0.3928602454,0.004103967168,0.1333333333
https://www.overleaf.com,0,Holdout4_User_Normal,2026-04-26T22:14:59+00:00,https://www.overleaf.com,200,,urlopen,29,289,0.1090909091,0.2,0,0.2,0,0,0.7218500948,1,0,0.125,0,0,1,0,0,0,0,0.1611111111,1,0.9325842697,0.06741573034,0.02040816327,0.25,0,0.1111111111,0.1111111111,0.1986111111,0,0,0,0.1739130435,0.1811594203,0,0.01111111111,0.04131317114,0.05219687685,0.03973833893,0.0610711223,0.04465594097,0.2807008389,0.05051154396,0.2421491611,0.003460207612,0.2666666667
https://www.cloudflare.com/products/registrar,0,Holdout4_User_Normal,2026-04-26T22:14:59+00:00,https://www.cloudflare.com/products/registrar/,200,,urlopen,31,581,0.2045454545,0.225,0.11875,0.2,0,0,0.7535523186,1,0.2,0.2083333333,0,0,1,0,0,0,0,0.1722222222,1,0.9349593496,0.06504065041,0.02325581395,0.125,0,0,0,0.04375,0,0,0,0.03114186851,0.1176470588,0,0.02380952381,0.04043930412,0.05175662769,0.03943427835,0.0379435567,0.04503805742,0.2803967784,0.05099947347,0.2424532216,0,0.4333333333
https://www.qt.io,0,Holdout4_User_Normal,2026-04-26T22:15:00+00:00,https://www.qt.io,200,,urlopen,25,419,0.07727272727,0.1125,0,0.2,0,0,0.5986854898,1,0,0.125,0,0,1,0,0,0,0,0.1388888889,1,0.9722222222,0.02777777778,0.078125,0.125,0,0,0,0.04375,0,0,0.004807692308,0.08653846154,0.2163461538,0,0.04635761589,0.03917196429,0.0554588136,0.03922089286,0.03751678571,0.06038651786,0.4299708929,0.04938468282,0.3924541071,0.00477326969,0.3333333333
https://www.eclipse.org,0,Holdout4_User_Normal,2026-04-26T22:15:01+00:00,https://www.eclipse.org,200,,urlopen,40,344,0.1045454545,0.1875,0,0.2,0,0,0.6900161066,1,0,0.125,0,0,1,0,0,0,0,0.2222222222,1,0.8679245283,0.1320754717,0.1,0.25,0.5,0,0,0.0875,0,0.125,0.005917159763,0.005917159763,0.04733727811,0,0.167539267,0.05646394509,0.08187321031,0.3026666185,0.04340823699,0.0812416185,0.5631666185,0.07116724414,0.521,0.01162790698,0.5666666667
https://www.rfc-editor.org,0,Holdout4_User_Normal,2026-04-26T22:15:00+00:00,https://www.rfc-editor.org,200,,urlopen,18,152,0.1181818182,0.225,0,0.2,0.08333333333,0,0.7129144767,1,0,0.1666666667,0,0,1,0,0,0,0,0.1,0.5846153846,0.8208955224,0.1791044776,0,0.25,0,0,1,1,0,0,0,0.05479452055,0.02739726027,0,0,0.06270048701,0.07865254349,0.04341071429,0.1578214286,0.04341071429,0.2387857143,0.0768304731,0.195375,0,0.2
https://www.gimp.org,0,Holdout4_User_Normal,2026-04-26T22:14:59+00:00,https://www.gimp.org,200,,urlopen,33,152,0.09090909091,0.15,0,0.2,0,0,0.6516697672,1,0,0.125,0,0,1,0,0,0,0,0.1833333333,0.5846153846,0.65,0.35,0,0.25,1,0,0,0.0875,0,0.25,0,0.02777777778,0.1388888889,0,0.03225806452,0.09070384615,0.1416359068,0.5690355769,0.05514615385,0.04803557692,0.5690355769,0.1143601578,0.521,0.02631578947,0.4333333333
https://www.arm.com,0,Holdout4_User_Normal,2026-04-26T22:14:59+00:00,https://www.arm.com,200,,urlopen,15,814,0.08636363636,0.1375,0,0.2,0,0,0.6502941173,1,0,0.125,0,0,1,0,0,0,0,0.08333333333,1,0.9965986395,0.003401360544,0.02678571429,0,0,0,0,0,0,0,0,0.01477832512,0.2610837438,0,0.02,0.03192104779,0.04177386737,0,0.03505459559,0.04444415047,0.2789522978,0.04022605293,0.2438977022,0,0.1666666667
https://www.mendeley.com,0,Holdout4_User_Normal,2026-04-26T22:14:59+00:00,https://www.mendeley.com,200,,urlopen,19,102,0.1090909091,0.2,0,0.2,0,0,0.7009797349,1,0,0.125,0,0,1,0,0,0,0,0.1055555556,0.3923076923,0.6956521739,0.3043478261,0.07142857143,0,0,0,0,0,0,0,0,0.1960784314,0.3529411765,0,0,0.06301544118,0.08786939968,0,0,0.06047484244,0.2842257353,0.07952892157,0.2409625,0,0.2666666667
https://orcid.org,0,Holdout4_User_Normal,2026-04-26T22:14:59+00:00,https://orcid.org,200,,urlopen,5,12,0.07727272727,0.1125,0,0.1,0,0,0.6576135647,1,0,0.08333333333,0,0,1,0,0,0,0,0.02777777778,0.04615384615,0,0,0.1666666667,0,0,0,0,0,0,0,0,1,0,0,0,0.06658125,0.08402916667,0,0,0.08402916667,0.28483125,0.08402916667,0.2409625,0,0.06666666667
https://www.gnu.org,0,Holdout4_User_Normal,2026-04-26T22:15:00+00:00,https://www.gnu.org,200,,urlopen,29,238,0.08636363636,0.1375,0,0.2,0,0,0.6502941173,1,0,0.125,0,0,1,0,0,0,0,0.1611111111,0.9153846154,0.7450980392,0.2549019608,0,0.125,1,0,0.1666666667,0.2104166667,0,0.1666666667,0,0,0.1130434783,0,0.09734513274,0.08129508197,0.1182216894,0.5182582237,0.06816666667,0.04521875,0.5182582237,0.1105133197,0.4730394737,0.08403361345,0.3333333333
https://www.zotero.org,0,Holdout4_User_Normal,2026-04-26T22:15:00+00:00,https://www.zotero.org,200,,urlopen,17,88,0.1,0.175,0,0.2,0,0,0.6433291992,1,0,0.125,0,0,1,0,0,0,0,0.09444444444,0.3384615385,0.7941176471,0.2058823529,0,0,0,0,0,0,0,0,0,0.02272727273,0.2045454545,0,0,0.05826988636,0.07650614155,0,0,0.04245738636,0.2378323864,0.07353977273,0.195375,0,0.2333333333
https://www.libreoffice.org,0,Holdout4_User_Normal,2026-04-26T22:15:00+00:00,https://www.libreoffice.org,200,,urlopen,33,220,0.1227272727,0.2375,0,0.2,0,0,0.7247614482,1,0,0.125,0,0,1,0,0,0,0,0.1833333333,0.8461538462,0.5068493151,0.4931506849,0,0,0,0,0,0,0,0,0,0.07476635514,0.2429906542,0,0.01351351351,0.08731891593,0.1066171922,0,0.05400154867,0.04746327434,0.2428382743,0.1100538022,0.195375,0,0.4
https://www.blender.org,0,Holdout4_User_Normal,2026-04-26T22:15:01+00:00,https://www.blender.org,200,,urlopen,31,316,0.1045454545,0.1875,0,0.2,0,0,0.7058263833,1,0,0.125,0,0,1,0,0,0,0,0.1722222222,1,0.828125,0.171875,0.03333333333,0,0,0,0,0,0,0,0,0.0253164557,0.164556962,0,0,0.05611542722,0.07391898966,0,0,0.05012361814,0.2830540348,0.07082072785,0.2409625,0,0.4666666667
https://inkscape.org,0,Holdout4_User_Normal,2026-04-26T22:15:02+00:00,https://inkscape.org/,200,,requests,17,247,0.09090909091,0.15,0,0.1,0,0,0.7130778354,1,0,0.08333333333,0,0,1,0,0,0,0,0.09444444444,0.95,0.953271028,0.04672897196,0,0.125,0,0,0,0.04375,0,0,0,0.02459016393,0.09836065574,0,0,0.03710413306,0.04657778373,0.03887429435,0.03682358871,0.03887429435,0.2342492944,0.0467357806,0.1974257056,0,0.2
https://www.ovhcloud.com,0,Holdout4_User_Normal,2026-04-26T22:15:00+00:00,https://www.ovhcloud.com/en/,200,,urlopen,15,672,0.1090909091,0.2,0,0.2,0,0,0.6858282198,1,0,0.125,0,0,1,0,0,0,0,0.08333333333,1,0.98,0.02,0.0303030303,0.25,0,0,0,0.0875,0,0,0,0.0960960961,0.003003003003,0,0,0.03377303412,0.04263328404,0.03829499258,0.03566498516,0.04543580698,0.2739418676,0.04262712162,0.2382768824,0,0.1333333333
https://arxiv.org,0,Holdout4_User_Normal,2026-04-26T22:14:59+00:00,https://arxiv.org,200,,urlopen,16,544,0.07727272727,0.1125,0,0.1,0,0,0.6790039391,1,0,0.08333333333,0,0,1,0,0,0,0,0.08888888889,1,0.988372093,0.01162790698,0,0.375,0,0,0,0.13125,0,0,0,0.01132075472,0.01509433962,0,0.003861003861,0.03204048913,0.03967794544,0.03804320652,0.03516141304,0.03804320652,0.2334182065,0.04008331758,0.1982567935,0,0.06666666667
https://pytorch.org,0,Holdout4_User_Normal,2026-04-26T22:15:00+00:00,https://pytorch.org,200,,urlopen,38,295,0.08636363636,0.1375,0,0.1,0,0,0.6311553613,1,0,0.08333333333,0,0,1,0,0,0,0,0.2111111111,1,0.7966101695,0.2033898305,0.1428571429,0.125,0,0,0,0.04375,0,0,0.006849315068,0.1780821918,0.006849315068,0,0.1510791367,0.06610971284,0.08438859985,0.0437410473,0.04655709459,0.08329233078,0.4344910473,0.08378651045,0.39075,0.006779661017,0.5333333333
https://keras.io,0,Holdout4_User_Normal,2026-04-26T22:14:59+00:00,https://keras.io,200,,urlopen,20,152,0.07272727273,0.1,0,0.1,0,0,0.6590909091,1,0,0.08333333333,0,0,1,0,0,0,0,0.1111111111,0.5846153846,0.7222222222,0.2777777778,0.05263157895,0.25,0,0,0,0.0875,0,0,0.01369863014,0.05479452055,0.1917808219,0,0,0.0695586039,0.0902320899,0.04441006494,0.04789512987,0.06497585441,0.4351600649,0.08763532636,0.39075,0.01315789474,0.2333333333
https://scikit-learn.org,0,Holdout4_User_Normal,2026-04-26T22:14:59+00:00,https://scikit-learn.org,200,,urlopen,3,10,0.1090909091,0.2,0,0.1,0.08333333333,0,0.73700161,1,0,0.125,0,0,1,0,0,0,0,0.01666666667,0.03846153846,0,0,0,0,0,0,0,0,0,0,0,1,0,0,0,0.0298125,0.037625,0,0,0.037625,0.037625,0.037625,0,0,0.03333333333
https://plotly.com,0,Holdout4_User_Normal,2026-04-26T22:15:00+00:00,https://plotly.com,200,,urlopen,26,274,0.08181818182,0.125,0,0.1,0,0,0.6293309346,1,0,0.08333333333,0,0,1,0,0,0,0,0.1444444444,1,0.8545454545,0.1454545455,0.5308641975,0.125,0,0,0,0.04375,0,0,0.007352941176,0.2573529412,0.4779411765,0,0,0.06663202555,0.07417763542,0.04387737226,0,0.09260052041,0.4346273723,0.08409324818,0.39075,0.007299270073,0.3666666667
https://jupyter.org,0,Holdout4_User_Normal,2026-04-26T22:15:00+00:00,https://jupyter.org,200,,urlopen,81,248,0.08636363636,0.1375,0,0.1,0,0,0.6694328732,1,0,0.08333333333,0,0,1,0,0,0,0,0.45,0.9538461538,0.4714285714,0.5285714286,0.05555555556,0,0,0,0,0,0,0,0,0.03225806452,0.4032258065,0,0,0.08852389113,0.1305491621,0,0,0.06098166443,0.2885573589,0.1117219758,0.2409625,0,1
https://www.kaggle.com,0,Holdout4_User_Normal,2026-04-26T22:15:00+00:00,https://www.kaggle.com,200,,urlopen,5,4,0.1,0.175,0,0.2,0,0,0.7053934554,1,0,0.125,0,0,1,0,0,0,0,0.02777777778,0.01538461538,0,0,1,0,0,0,0,0,0,0,0,1,0,0,1,0.250425,0.31605,0,0,0.31605,0.31605,0.31605,0,0,0.06666666667
https://www.kaggle.com/datasets,0,Holdout4_User_Normal,2026-04-26T22:15:00+00:00,https://www.kaggle.com/datasets,200,,urlopen,5,4,0.1409090909,0.175,0.05625,0.2,0,0,0.7070999156,1,0.1,0.1666666667,0,0,1,0,0,0,0,0.02777777778,0.01538461538,0,0,1,0,0,0,0,0,0,0,0,1,0,0,1,0.250425,0.31605,0,0,0.31605,0.31605,0.31605,0,0,0.06666666667
https://www.w3schools.com,0,Holdout4_User_Normal,2026-04-26T22:15:00+00:00,https://www.w3schools.com,200,,urlopen,34,669,0.1136363636,0.2125,0,0.2,0,0.04,0.6442663981,1,0,0.125,0,0,1,0,0,0,0,0.1888888889,1,0.9829931973,0.01700680272,0.08823529412,0.125,0,0,0,0.04375,0,0,0.006097560976,0.03353658537,0.06402439024,0,0.02,0.03510959559,0.04571833581,0.03856900735,0.03621301471,0.06423591912,0.4293190074,0.043932637,0.3931059926,0.002989536622,0.3
https://ssjj-stcb.com/,1,Holdout4_Nurilab_Page56,2026-04-26T22:15:00+00:00,https://ssjj-stcb.com/,200,,urlopen,4,6,0.1,0.1625,0.00625,0.1,0.08333333333,0,0.6330390133,1,0,0.125,0,0,1,0,0,0,0,0.02222222222,0.02307692308,0,0,1,0,0,0,0,0,0,0,0.6666666667,0.3333333333,0,0,0,0.3496125,0.45620625,0,0,0.4504083333,0.4736,0.4504083333,0.069575,0.8333333333,0.03333333333
https://di-eng.co.kr/c/,1,Holdout4_Nurilab_Page54,2026-04-26T22:15:00+00:00,http://html.hompynara.com/404.html,200,,urlopen,3,2,0.1045454545,0.15,0.01875,0.2,0.08333333333,0,0.7117938734,1,0.1,0.1666666667,0,0,1,0,0,1,0.2,0.01666666667,0.007692307692,0,0,0,0,0,0,0,0,0,0,0,0,1,0,0,0.0298125,0.037625,0,0,0.037625,0.037625,0.037625,0,0,0.03333333333
https://sam-sung-ele.com/,1,Holdout4_Nurilab_Page53,2026-04-26T22:15:23+00:00,https://sam-sung-ele.com/,200,,public_dns,8,15,0.1136363636,0.2,0.00625,0.1,0.1666666667,0,0.7169936708,1,0,0.1666666667,0,0,1,0,0,0,0,0.04444444444,0.05769230769,0,1,0.5,0,0,0,0,0,0,0,0,0.1428571429,0.1428571429,0,0.1666666667,0.170409375,0.195938125,0,0.08241875,0.182153125,0.302634375,0.2164949219,0.2409625,0,0.1
http://cafe.naver.151612.shop/order.php?iframe_url_utf8=1751882791,1,Holdout4_Nurilab_Page51,2026-04-26T22:15:01+00:00,http://cafe.naver.151612.shop/order.php?iframe_url_utf8=1751882791,200,,urlopen,55,73,0.3,0.275,0.0625,0.4,0,0.2575757576,0.8465048799,0,0.1,0.4166666667,0,0.1,1,0,0,0,0,0.3055555556,0.2807692308,0.1111111111,0.8888888889,0.25,0.25,0,0.02380952381,0.09523809524,0.1827380952,0.1827380952,0,0,0.2307692308,0.07692307692,1,0.1818181818,0.08645431034,0.08131416362,0.04898943966,0.06987411741,0.1092300647,0.2899519397,0.09884906733,0.2409625,0.02739726027,0.1333333333
https://booly.kr/NkIAOt,1,Holdout4_Nurilab_Page49,2026-04-26T22:15:00+00:00,https://booly.kr/NkIAOt,200,,urlopen,4,6,0.1045454545,0.1,0.04375,0.1,0,0,0.7156691698,1,0.1,0.125,0,0,1,0,0,0,0,0.02222222222,0.02307692308,1,0,0,0,0,0,0,0,0,0,0,0,0.3333333333,0,0,0.0298125,0.037625,0,0,0.037625,0.037625,0.037625,0,0,0.03333333333
https://stone.mn//mm/WEBMAIL1.html?email=,1,Holdout4_Nurilab_Page49,2026-04-26T22:15:00+00:00,https://stone.mn//mm/WEBMAIL1.html?email=,200,,urlopen,3,2,0.1863636364,0.1,0.1125,0.2,0,0.0243902439,0.782440582,1,0.2,0.25,0,0,1,0,0,0,0,0.01666666667,0.007692307692,0,0,0,0,0,0,0,0,0,0,0,1,0,0,0,0.0298125,0.037625,0,0,0.037625,0.037625,0.037625,0,0,0.03333333333
http://cafe.naver.cafe-2871923.art/1132/?sp=591713595,1,Holdout4_Nurilab_Page47,2026-04-26T22:15:00+00:00,http://cafe.naver.cafe-2871923.art/1132/?sp=591713595,200,,urlopen,2,1,0.2409090909,0.3375,0.0375,0.3,0.08333333333,0.3773584906,0.7982364703,0,0.1,0.3333333333,0,0.125,1,0,0,0,0,0.01111111111,0.003846153846,0,0,0,0,0,0,0,0,0,0,0,0,0,1,0,0.37125,0.37875,0,0,0,0.37875,0.37875,0,1,0
https://soop88.vip/,1,Holdout4_Nurilab_Page46,2026-04-26T22:15:00+00:00,https://soop88.vip/,200,,urlopen,5,30,0.08636363636,0.125,0.00625,0.1,0,0.1052631579,0.6047928014,1,0,0.08333333333,0,0,1,0,0,0,0,0.02777777778,0.1153846154,0,0,0.7333333333,0,0,0,0,0,0,0,0,1,0,0,0,0.191595,0.2418033333,0,0,0.2418033333,0.30606,0.2418033333,0.2409625,0,0.06666666667
https://www.pitvipre.com/,1,Holdout4_Nurilab_Page46,2026-04-26T22:15:02+00:00,https://www.pitvipre.com/,200,,urlopen,21,481,0.1136363636,0.2,0.00625,0.2,0,0,0.6769225799,1,0,0.125,0,0,1,0,0,0,0,0.1166666667,1,1,0,0,0.625,0,0.1333333333,0.2,0.41875,0,0,0,0.09210526316,0.2324561404,0,0.12,0.03381759073,0.04456066611,0.03850685484,0.07057370968,0.03850685484,0.2387637097,0.04044638235,0.202675,0.004158004158,0.03333333333
https://ko.fm/kGX,1,Holdout4_Nurilab_Page46,2026-04-26T22:15:01+00:00,https://ko.fm/kGX,200,,urlopen,7,6,0.07727272727,0.0625,0.025,0.1,0,0,0.6495399016,1,0.1,0.125,0,0,1,0,0,0,0,0.03888888889,0.02307692308,0.5,0.5,1,0,0,0,0,0,0,0,0,0.3333333333,0,0,0,0.162975,0.22305,0,0,0.3012,0.3012,0.2056833333,0.2409625,0,0.1
http://dangnnpay.com/,1,Holdout4_Nurilab_Page45,2026-04-26T22:15:00+00:00,http://dangnnpay.com/,200,,urlopen,3,2,0.09545454545,0.1625,0.00625,0.1,0,0,0.6643194015,0,0,0.08333333333,0,0,1,0,0,0,0,0.01666666667,0.007692307692,0,0,1,0,0,0,0,0,0,0,0,1,0,0,0,0.250425,0.31605,0,0,0.31605,0.31605,0.31605,0,0,0.03333333333
https://sbz.kr/Mao17,1,Holdout4_Nurilab_Page46,2026-04-26T22:15:24+00:00,https://s-sung-best.com/,200,,public_dns,8,15,0.09090909091,0.075,0.0375,0.1,0,0.1,0.7062152218,1,0.1,0.125,0,0,1,0,0,1,0.2,0.04444444444,0.05769230769,0,1,0.5,0,0,0,0,0,0,0,0,0.1428571429,0.1428571429,0,0.1666666667,0.170409375,0.195938125,0,0.08241875,0.182153125,0.302634375,0.2164949219,0.2409625,0,0.1
https://mimimark.co.kr/a/,1,Holdout4_Nurilab_Page45,2026-04-26T22:15:00+00:00,http://error.inohosting.co.kr/404.htm,200,,urlopen,3,2,0.1136363636,0.175,0.01875,0.2,0,0,0.6643019436,1,0.1,0.125,0,0,1,0,0,1,0.2,0.01666666667,0.007692307692,0,1,0,0,0,0,0,0,0,0,0,0,0,0,0,0.2086875,0.263375,0,0,0,0.263375,0.263375,0,0,0.03333333333
http://cafe.naver.cafe-1096499.com/1140/?sp=152996822,1,Holdout4_Nurilab_Page45,2026-04-26T22:15:00+00:00,http://cafe.naver.cafe-1096499.com/1140/?sp=152996822,200,,urlopen,2,1,0.2409090909,0.3375,0.0375,0.3,0.08333333333,0.3773584906,0.8239989918,0,0.1,0.3333333333,0,0.125,1,0,0,0,0,0.01111111111,0.003846153846,0,0,0,0,0,0,0,0,0,0,0,0,0,1,0,0.37125,0.37875,0,0,0,0.37875,0.37875,0,1,0
http://cafe.naver.151645.com/order.php?od_id=2025090716551224,1,Holdout4_Nurilab_Page44,2026-04-26T22:15:00+00:00,http://cafe.naver.151645.com/order.php?od_id=2025090716551224,200,,urlopen,4,13,0.2772727273,0.2625,0.0625,0.4,0,0.3606557377,0.8372015636,0,0.1,0.375,0,0.1111111111,1,0,0,0,0,0.02222222222,0.05,0,0,0,0,0,0,0,0,0,0,0,1,0,1,0,0.07858928571,0.09609615385,0,0,0.04775,0.25725,0.07767857143,0.2095,0.07692307692,0.03333333333
http://pay.naver.cafe-129.info/?pd=2025090785132,1,Holdout4_Nurilab_Page44,2026-04-26T22:15:00+00:00,http://pay.naver.cafe-129.info/?pd=2025090785132,200,,urlopen,2,1,0.2181818182,0.2875,0.00625,0.3,0.08333333333,0.3333333333,0.8420597065,0,0,0.2916666667,0.1428571429,0.1428571429,1,0,0,0,0,0.01111111111,0.003846153846,0,0,0,0,0,0,0,0,0,0,0,0,0,1,0,0.37125,0.37875,0,0,0,0.37875,0.37875,0,1,0
https://cafe.naverpayapp.com/joonggonara/202508278417330,1,Holdout4_Nurilab_Page44,2026-04-26T22:15:01+00:00,https://cafe.naverpayapp.com/joonggonara/202508278417330,200,,urlopen,3,2,0.2545454545,0.25,0.175,0.2,0,0.2678571429,0.8228488251,1,0.2,0.2083333333,0,0,1,0,0,0,0,0.01666666667,0.007692307692,0,0,1,0,0,0,0,0,0,0,0,1,0,0,0,0.250425,0.31605,0,0,0.31605,0.31605,0.31605,0,0,0.03333333333
https://shorten.ee/verify-community-standards/?38097,1,Holdout4_Nurilab_Page43,2026-04-26T22:15:01+00:00,https://azcaycanh.com/smart-money-habits-daily-actions/?utm_source=shorten.ee.verify-community-standards&utm_medium=referral&utm_campaign=lnnf,200,,urlopen,23,87,0.2363636364,0.125,0.175,0.1,0.1666666667,0.09615384615,0.8227393352,1,0.1,0.25,0.1666666667,0,1,0,0,1,0.2,0.1277777778,0.3346153846,1,0,0.5,0.125,0,0,0,0.04375,0,0,0,0.1621621622,0.05405405405,0,0.03333333333,0.05001887755,0.06058594322,0.04136505102,0.04180510204,0.161846301,0.282327551,0.06113424615,0.2409625,0,0.1333333333
https://airbnb-clone-final.vercel.app/,1,Holdout4_Nurilab_Page43,2026-04-26T22:15:00+00:00,https://airbnb-clone-final.vercel.app/,200,,urlopen,5,49,0.1727272727,0.3625,0.00625,0.2,0.1666666667,0,0.7506790454,1,0,0.2083333333,0,0,1,0,0,0,0,0.02777777778,0.1884615385,0,0,0,0,0,0,0,0,0,0,0,0.375,0.625,0,0,0.030204,0.0373011051,0,0.034568,0.0377465,0.0377465,0.03761936,0.0031785,0,0.03333333333
https://telegram.dog/+EKLE_dNz5PthNGIy,1,Holdout4_Nurilab_Page44,2026-04-26T22:15:01+00:00,https://telegram.dog/+EKLE_dNz5PthNGIy,200,,urlopen,6,8,0.1727272727,0.15,0.1125,0.1,0,0.02631578947,0.835724201,1,0.1,0.1666666667,0,0,1,0,0,0,0,0.03333333333,0.03076923077,0.6666666667,0.3333333333,0,0,0,0,0,0,0,0,0,0.25,0,0,0,0.07453125,0.08708482143,0,0,0.04521875,0.24059375,0.0940625,0.195375,0,0.06666666667
https://cafe.naverpayapp.com/order/397819238,1,Holdout4_Nurilab_Page43,2026-04-26T22:15:02+00:00,https://cafe.naverpayapp.com/order/397819238,200,,urlopen,3,2,0.2,0.25,0.1,0.2,0,0.2045454545,0.7963025463,1,0.2,0.2083333333,0,0,1,0,0,0,0,0.01666666667,0.007692307692,0,0,1,0,0,0,0,0,0,0,0,1,0,0,0,0.250425,0.31605,0,0,0.31605,0.31605,0.31605,0,0,0.03333333333
https://gaoei.cyou/cucwXggj/00414213694105858214e87e63?_t1757683514778,1,Holdout4_Nurilab_Page43,2026-04-26T22:15:02+00:00,https://gaoei.cyou/cucwXggj/00414213694105858214e87e63?_t1757683514778,200,,requests,3,2,0.3181818182,0.125,0.225,0.1,0,0.5285714286,0.840069876,1,0.2,0.2083333333,0,0,1,0,0,0,0,0.01666666667,0.007692307692,0,0,0,0,0,0,0,0,0,0,0,1,0,0,0,0.0298125,0.037625,0,0,0.037625,0.037625,0.037625,0,0,0.03333333333
https://huekh.cyou/cucw4gdj/275707016822787146890da5ea?_t1757424951958,1,Holdout4_Nurilab_Page43,2026-04-26T22:15:03+00:00,https://huekh.cyou/cucw4gdj/275707016822787146890da5ea?_t1757424951958,200,,requests,3,2,0.3181818182,0.125,0.225,0.1,0,0.5142857143,0.8344398993,1,0.2,0.2083333333,0,0,1,0,0,0,0,0.01666666667,0.007692307692,0,0,0,0,0,0,0,0,0,0,0,1,0,0,0,0.0298125,0.037625,0,0,0.037625,0.037625,0.037625,0,0,0.03333333333
https://samsam25.com/,1,Holdout4_Nurilab_Page43,2026-04-26T22:15:24+00:00,https://samsam25.com/,200,,public_dns,8,15,0.09545454545,0.15,0.00625,0.1,0,0.09523809524,0.6404675617,1,0,0.08333333333,0,0,1,0,0,0,0,0.04444444444,0.05769230769,0,1,0.5,0,0,0,0,0,0,0,0,0.1428571429,0.1428571429,0,0.1666666667,0.170409375,0.195938125,0,0.08241875,0.182153125,0.302634375,0.2164949219,0.2409625,0,0.1
https://www-intagfixads2025.info/check?61502,1,Holdout4_Nurilab_Page42,2026-04-26T22:15:01+00:00,https://www-intagfixads2025.info/check?61502,200,,urlopen,9,32,0.2,0.3,0.0375,0.1,0.08333333333,0.2045454545,0.8282667509,1,0.1,0.2083333333,0,0,1,0,0,0,0,0.05,0.1230769231,1,0,0.4,0,0,0,0,0,0,0,0,0.875,0.0625,0,0,0.1125421875,0.1487053167,0,0,0.1480584375,0.2926359375,0.142034375,0.2409625,0,0.1
https://bithupluskr.com/,1,Holdout4_Nurilab_Page42,2026-04-26T22:15:01+00:00,https://bithupluskr.com/,200,,urlopen,4,6,0.1090909091,0.1875,0.00625,0.1,0,0,0.7009797349,1,0,0.08333333333,0,0,1,0,0,0,0,0.02222222222,0.02307692308,0,0,1,0,0,0,0,0,0,0,0.6666666667,0.3333333333,0,0,0,0.3496125,0.45620625,0,0,0.4504083333,0.4736,0.4504083333,0.069575,0.8333333333,0.03333333333
https://telegram.dog/+UFTIbJsqUqk1MGVi,1,Holdout4_Nurilab_Page41,2026-04-26T22:15:02+00:00,https://telegram.dog/+UFTIbJsqUqk1MGVi,200,,urlopen,6,8,0.1727272727,0.15,0.1125,0.1,0,0.02631578947,0.860820433,1,0.1,0.125,0,0,1,0,0,0,0,0.03333333333,0.03076923077,0.6666666667,0.3333333333,0,0,0,0,0,0,0,0,0,0.25,0,0,0,0.07453125,0.08708482143,0,0,0.04521875,0.24059375,0.0940625,0.195375,0,0.06666666667
https://www-helpsintagram2025.info/check,1,Holdout4_Nurilab_Page41,2026-04-26T22:15:01+00:00,https://www-helpsintagram2025.info/check,200,,urlopen,9,32,0.1818181818,0.325,0.0375,0.1,0.08333333333,0.1,0.8084435172,1,0.1,0.1666666667,0,0,1,0,0,0,0,0.05,0.1230769231,1,0,0.4,0,0,0,0,0,0,0,0,0.875,0.0625,0,0,0.1125421875,0.1487053167,0,0,0.1480584375,0.2926359375,0.142034375,0.2409625,0,0.1
https://roblox.com.ge/games/109983668079237/Steal-a-Brainrot?privateServerLinkCode=84403284688183962069152865894497,1,Holdout4_Nurilab_Page41,2026-04-26T22:15:02+00:00,https://roblox.com.ge/games/109983668079237/Steal-a-Brainrot?privateServerLinkCode=84403284688183962069152865894497,200,,urlopen,11,260,0.5227272727,0.1625,0.24375,0.2,0.1666666667,0.4086956522,0.9012911416,1,0.3,0.375,0,0,1,0,0,0,0,0.06111111111,1,1,0,0.9666666667,0,0,0,0,0,0,0,0,0.9224806202,0.007751937984,0,0.3076923077,0.224406584,0.2865214648,0,0.1003925573,0.3027816953,0.3116212786,0.2837444088,0.2409625,0,0.1
https://roblox.com.ge/games/17625359962/RIVALS?privateServerLinkCode=30687091226472034798175899105696,1,Holdout4_Nurilab_Page41,2026-04-26T22:15:02+00:00,https://roblox.com.ge/games/17625359962/RIVALS?privateServerLinkCode=30687091226472034798175899105696,200,,urlopen,11,260,0.4590909091,0.1625,0.15625,0.2,0,0.4257425743,0.9193784723,1,0.3,0.3333333333,0,0,1,0,0,0,0,0.06111111111,1,1,0,0.9666666667,0,0,0,0,0,0,0,0,0.9224806202,0.007751937984,0,0.3076923077,0.224406584,0.2865214648,0,0.1003925573,0.3027816953,0.3116212786,0.2837444088,0.2409625,0,0.1
https://cafe.navarpapays.com/joonggonara/202509179761570,1,Holdout4_Nurilab_Page42,2026-04-26T22:15:24+00:00,https://cafe.navarpapays.com/joonggonara/202509179761570,200,,public_dns,3,2,0.2545454545,0.25,0.175,0.2,0,0.2678571429,0.8134442895,1,0.2,0.2083333333,0,0,1,0,0,0,0,0.01666666667,0.007692307692,0,0,1,0,0,0,0,0,0,0,0,1,0,0,0,0.250425,0.31605,0,0,0.31605,0.31605,0.31605,0,0,0.03333333333
https://unlockinffo-ageerycheck7239.my.id/enforcement?detecting-violations/checkupinfobusiness/9802,1,Holdout4_Nurilab_Page39,2026-04-26T22:15:02+00:00,https://unlockinffo-ageerycheck7239.my.id/enforcement?detecting-violations/checkupinfobusiness/9802,200,,urlopen,9,32,0.45,0.4125,0.075,0.2,0.1666666667,0.08080808081,0.8434904721,1,0.1,0.375,0,0,1,0,0,0,0,0.05,0.1230769231,1,0,0.4,0,0,0,0,0,0,0,0,0.875,0.0625,0,0,0.1125421875,0.1487053167,0,0,0.1480584375,0.2926359375,0.142034375,0.2409625,0,0.1
https://www-checksettingpage2025.info/very?2701,1,Holdout4_Nurilab_Page39,2026-04-26T22:15:01+00:00,https://www-checksettingpage2025.info/very?2701,200,,urlopen,9,32,0.2136363636,0.3625,0.03125,0.1,0.08333333333,0.170212766,0.8309516964,1,0.1,0.2083333333,0,0,1,0,0,0,0,0.05,0.1230769231,1,0,0.4,0,0,0,0,0,0,0,0,0.875,0.0625,0,0,0.1125421875,0.1487053167,0,0,0.1480584375,0.2926359375,0.142034375,0.2409625,0,0.1
https://goali25.com/,1,Holdout4_Nurilab_Page39,2026-04-26T22:15:02+00:00,https://goali25.com/,200,,urlopen,3,6,0.09090909091,0.1375,0.00625,0.1,0,0.1,0.7062152218,1,0,0.08333333333,0,0,1,0,0,0,0,0.01666666667,0.02307692308,0,0,0,0,0,0,0,0,0,0,0,0,1,0,0,0.0298125,0.037625,0,0,0.037625,0.037625,0.037625,0,0,0.03333333333
https://roblox.com.ge/users/1010632261/profile,1,Holdout4_Nurilab_Page39,2026-04-26T22:15:03+00:00,https://roblox.com.ge/users/1010632261/profile,200,,urlopen,11,277,0.2090909091,0.1625,0.15625,0.2,0,0.2173913043,0.7962634763,1,0.3,0.25,0,0,1,0,0,0,0,0.06111111111,1,0.7777777778,0.2222222222,0.9534883721,0,0,0,0,0,0,0,0,0.9130434783,0.02173913043,0,0.1818181818,0.2252128597,0.2886595818,0,0.1004944245,0.2981745378,0.3110746712,0.2851188648,0.240364959,0,0.1
https://roblox.com.ge/games/126884695634066/Grow-a-Garden?privateServerLinkCode=00567784624146136304300362301157,1,Holdout4_Nurilab_Page39,2026-04-26T22:15:03+00:00,https://roblox.com.ge/games/126884695634066/Grow-a-Garden?privateServerLinkCode=00567784624146136304300362301157,200,,urlopen,11,260,0.5090909091,0.1625,0.225,0.2,0.1666666667,0.4196428571,0.9005987297,1,0.3,0.375,0,0,1,0,0,0,0,0.06111111111,1,1,0,0.9666666667,0,0,0,0,0,0,0,0,0.9224806202,0.007751937984,0,0.3076923077,0.224406584,0.2865214648,0,0.1003925573,0.3027816953,0.3116212786,0.2837444088,0.2409625,0,0.1
https://amluz2ppbmcgaxmgysbsb3zlew91.bvmarketing.net/,1,Holdout4_Nurilab_Page38,2026-04-26T22:15:02+00:00,https://amluz2ppbmcgaxmgysbsb3zlew91.bvmarketing.net/,200,,urlopen,5,8,0.2409090909,0.55,0.00625,0.2,0,0.07547169811,0.8337923124,1,0,0.125,0,0,1,0,0,0,0,0.02777777778,0.03076923077,0,0,0.25,0,0,0,0,0,0,0,0,1,0,0,0,0.084965625,0.10723125,0,0,0.10723125,0.287953125,0.10723125,0.2409625,0,0.06666666667
https://www-krseccurichekup9926.info/very?checkupinfobusiness/3281,1,Holdout4_Nurilab_Page38,2026-04-26T22:15:02+00:00,https://www-krseccurichekup9926.info/very?checkupinfobusiness/3281,200,,urlopen,9,32,0.3,0.35,0.03125,0.1,0.08333333333,0.1212121212,0.8307762133,1,0.1,0.25,0,0,1,0,0,0,0,0.05,0.1230769231,1,0,0.4,0,0,0,0,0,0,0,0,0.875,0.0625,0,0,0.1125421875,0.1487053167,0,0,0.1480584375,0.2926359375,0.142034375,0.2409625,0,0.1
https://istinye368.com/,1,Holdout4_Nurilab_Page38,2026-04-26T22:15:02+00:00,https://istinye368.com/,200,,urlopen,7,86,0.1045454545,0.175,0.00625,0.1,0,0.1304347826,0.7156691698,1,0,0.08333333333,0,0,1,0,0,0,0,0.03888888889,0.3307692308,0,0,0.04651162791,0,0,0,0,0,0,0,0,1,0,0,0,0.04007354651,0.050575,0,0,0.050575,0.2803299419,0.050575,0.2409625,0,0.1
https://tinyurl.com/bookyem-event,1,Holdout4_Nurilab_Page38,2026-04-26T22:15:04+00:00,https://accounts.google.com/v3/signin/identifier?continue=https%3A%2F%2Fsites.google.com%2Fview%2Fbokyeeem123123%2Fhalaman-muka&dsh=S338841311%3A1777241703437980&followup=https%3A%2F%2Fsites.google.com%2Fview%2Fbokyeeem123123%2Fhalaman-muka&osid=1&passive=1209600&flowName=GlifWebSignIn&flowEntry=ServiceLogin&ifkv=AWa2PauPQ_kMLE1LQUsiQMu0yt7py8iGs8zDFVUZnVhie2LriCcV8_TgGyTRH0x9-ZXUQXh9INtCPg,200,,urlopen,2,1,0.15,0.1375,0.0875,0.1,0.08333333333,0,0.7614343991,1,0.1,0.1666666667,0,0,1,0,0,1,0.2,0.01111111111,0.003846153846,0,0,0,0,0,0,0,0,0,0,0,0,0,0,0,0.02475,0.02525,0,0,0,0.02525,0.02525,0,0,0
https://we-teiraerm.com/?r=ltr,1,Holdout4_Nurilab_Page38,2026-04-26T22:15:02+00:00,https://we-teiraerm.com/?r=ltr,200,,urlopen,7,12,0.1363636364,0.1875,0.00625,0.1,0.08333333333,0,0.7254360174,1,0,0.1666666667,0,0,1,0,0,0,0,0.03888888889,0.04615384615,0,1,1,0,0,0,0,0,0,0,0.3333333333,0.1666666667,0.1666666667,0,0,0.265125,0.3912381818,0,0,0.3808375,0.459425,0.3425833333,0.244775,0.4166666667,0.06666666667
https://www.kkinstagram.com/reel/DPCSHm3jubN/?igsh=emswb3Y5OXI3NWd6,1,Holdout4_Nurilab_Page38,2026-04-26T22:15:26+00:00,https://kkclip.com/open/ig/3729623129024030413/DPCSHm3jubN,200,,public_dns,5,4,0.3045454545,0.2375,0.1125,0.2,0,0.07462686567,0.9187345259,1,0.2,0.2916666667,0,0,1,0,0,1,0.2,0.02777777778,0.01538461538,0,0,1,0,0,0,0,0,0,0,0,0.5,0.5,0,0,0.178875,0.2678307692,0,0,0.22575,0.3039,0.22575,0.1563,0,0.06666666667
http://pay.naver.cafe-1096499.com/1140/order.php?sp=337509818,1,Holdout4_Nurilab_Page36,2026-04-26T22:15:02+00:00,http://pay.naver.cafe-1096499.com/1140/order.php?sp=337509818,200,,urlopen,2,1,0.2772727273,0.325,0.09375,0.4,0.08333333333,0.3278688525,0.8499129273,0,0.2,0.4166666667,0.1,0.1,1,0,0,0,0,0.01111111111,0.003846153846,0,0,0,0,0,0,0,0,0,0,0,0,0,1,0,0.37125,0.37875,0,0,0,0.37875,0.37875,0,1,0
https://cafe.navarspayup.com/joonggonara/202509273633095,1,Holdout4_Nurilab_Page37,2026-04-26T22:15:03+00:00,https://cafe.navarspayup.com/joonggonara/202509273633095,200,,urlopen,3,2,0.2545454545,0.25,0.175,0.2,0,0.2678571429,0.8244404647,1,0.2,0.2083333333,0,0,1,0,0,0,0,0.01666666667,0.007692307692,0,0,1,0,0,0,0,0,0,0,0,1,0,0,0,0.250425,0.31605,0,0,0.31605,0.31605,0.31605,0,0,0.03333333333
https://ko.fm/ltE,1,Holdout4_Nurilab_Page37,2026-04-26T22:15:03+00:00,https://ko.fm/ltE,200,,urlopen,5,6,0.07727272727,0.0625,0.025,0.1,0,0,0.6414662385,1,0.1,0.125,0,0,1,0,0,0,0,0.02777777778,0.02307692308,1,0,1,0,0,0,0,0,0,0,0,0.3333333333,0,0,0,0.10335,0.1596409091,0,0,0.291075,0.291075,0.1304333333,0.2409625,0,0.06666666667
https://cafe.navarmpay.com/joonggonara/202510275618865,1,Holdout4_Nurilab_Page36,2026-04-26T22:15:03+00:00,https://cafe.navarmpay.com/joonggonara/202510275618865,200,,urlopen,3,2,0.2454545455,0.225,0.175,0.2,0,0.2777777778,0.8181464229,1,0.2,0.2083333333,0,0,1,0,0,0,0,0.01666666667,0.007692307692,0,0,1,0,0,0,0,0,0,0,0,1,0,0,0,0.250425,0.31605,0,0,0.31605,0.31605,0.31605,0,0,0.03333333333
https://cafe.navarpepays.com/joonggonara/202508289115623,1,Holdout4_Nurilab_Page37,2026-04-26T22:15:03+00:00,https://cafe.navarpepays.com/joonggonara/202508289115623,200,,urlopen,3,2,0.2545454545,0.25,0.175,0.2,0,0.2678571429,0.8252997585,1,0.2,0.2083333333,0,0,1,0,0,0,0,0.01666666667,0.007692307692,0,0,1,0,0,0,0,0,0,0,0,1,0,0,0,0.250425,0.31605,0,0,0.31605,0.31605,0.31605,0,0,0.03333333333
http://pay.naver.cafe-129.info/?pd=20251019585756,1,Holdout4_Nurilab_Page36,2026-04-26T22:15:02+00:00,http://pay.naver.cafe-129.info/?pd=20251019585756,200,,urlopen,2,1,0.2227272727,0.2875,0.00625,0.3,0.08333333333,0.3469387755,0.8407846284,0,0,0.2916666667,0.1428571429,0.1428571429,1,0,0,0,0,0.01111111111,0.003846153846,0,0,0,0,0,0,0,0,0,0,0,0,0,1,0,0.37125,0.37875,0,0,0,0.37875,0.37875,0,1,0
https://cafe.navarspayup.com/joonggonara/202509099649187,1,Holdout4_Nurilab_Page36,2026-04-26T22:15:04+00:00,https://cafe.navarspayup.com/joonggonara/202509099649187,200,,urlopen,3,2,0.2545454545,0.25,0.175,0.2,0,0.2678571429,0.8358358381,1,0.2,0.2083333333,0,0,1,0,0,0,0,0.01666666667,0.007692307692,0,0,1,0,0,0,0,0,0,0,0,1,0,0,0,0.250425,0.31605,0,0,0.31605,0.31605,0.31605,0,0,0.03333333333
https://kangwonland.store/,1,Holdout4_Nurilab_Page36,2026-04-26T22:15:10+00:00,https://kangwonland.store/,200,,requests,3,36,0.1181818182,0.2125,0.00625,0.1,0,0,0.7129144767,1,0,0.08333333333,0,0,1,0,0,0,0,0.01666666667,0.1384615385,0,0,0,0,0,0,0,0,0,0,0,1,0,0,0,0.0298125,0.037625,0,0,0.037625,0.037625,0.037625,0,0,0.03333333333
https://www.microsoft.com/ko-kr,0,Holdout5_User_Normal,2026-04-26T22:32:52+00:00,https://www.microsoft.com/ko-kr,200,,urlopen,25,236,0.1409090909,0.2125,0.0375,0.2,0.08333333333,0,0.699797203,1,0.1,0.2083333333,0,0.2,1,0,0,0,0,0.1388888889,0.9076923077,0.9279279279,0.07207207207,0.8,0.125,0,0,0,0.04375,0,0,0,0.03448275862,0.008620689655,0,0,0.04809044118,0.06231142882,0.04074758403,0.04057016807,0.202257584,0.281710084,0.06058892998,0.250214916,0,0.3333333333
https://signal.org,0,Holdout5_User_Normal,2026-04-26T22:32:53+00:00,https://signal.org,200,,urlopen,17,220,0.08181818182,0.125,0,0.1,0,0,0.6773601013,1,0,0.08333333333,0,0,1,0,0,0,0,0.09444444444,0.8461538462,0.9381443299,0.0618556701,0,0,0,0,0,0,0,0,0,0.02727272727,0.09090909091,0,0.01020408163,0.03956931818,0.05023742566,0,0,0.03928181818,0.2346568182,0.04993863636,0.195375,0,0.2333333333
https://music.youtube.com,0,Holdout5_User_Normal,2026-04-26T22:32:53+00:00,https://music.youtube.com,200,,urlopen,6,14,0.1136363636,0.2125,0,0.2,0,0,0.6879027617,1,0,0.125,0,0,1,0,0,0,0,0.03333333333,0.05384615385,0,0,0.2857142857,0,0,0,0,0,0,0,0.1428571429,0.8571428571,0,0,0,0.1157625,0.1687474405,0,0,0.1500321429,0.4307616071,0.1500321429,0.37910625,0.2142857143,0.06666666667
https://teams.microsoft.com,0,Holdout5_User_Normal,2026-04-26T22:32:54+00:00,https://teams.microsoft.com/v2/unsupported-browser#env=work,200,,urlopen,4,11,0.1227272727,0.2375,0,0.2,0,0,0.6741905727,1,0,0.125,0,0.3333333333,1,0,0,0,0,0.02222222222,0.04230769231,1,0,0,0,0,0,0,0,0,0,0,0,0,0,0,0.02896875,0.032984375,0,0,0,0.037625,0.0355625,0.012375,0,0.03333333333
https://www.skype.com,0,Holdout5_User_Normal,2026-04-26T22:32:53+00:00,https://teams.live.com/free?source=skype,200,,urlopen,15,108,0.09545454545,0.1625,0,0.2,0,0,0.670855224,1,0,0.125,0,0,1,0,0,1,0.2,0.08333333333,0.4153846154,0,1,1,0.125,0,0,0,0.04375,0,0,0,0.07692307692,0.75,0,0.1,0.1484509091,0.1896871583,0.05476386364,0.06860272727,0.2076990381,0.2896513636,0.2088055041,0.2348875,0,0.1666666667
https://www.discord.com,0,Holdout5_User_Normal,2026-04-26T22:32:53+00:00,https://discord.com/,200,,urlopen,32,625,0.1045454545,0.1875,0,0.2,0,0,0.6742058299,1,0,0.125,0,0.3333333333,1,0,0,0,0,0.1777777778,1,0.9032258065,0.09677419355,0.9521276596,0,0,0,0,0,0,0,0,0.05769230769,0.5448717949,0,0.04615384615,0.09829516773,0.1216338647,0,0,0.1888204156,0.2879781949,0.1396700182,0.2439468051,0,0.4666666667
https://translate.google.com,0,Holdout5_User_Normal,2026-04-26T22:32:53+00:00,https://translate.google.com,200,,urlopen,2,1,0.1272727273,0.25,0,0.2,0,0,0.7003314956,1,0,0.125,0,0.3333333333,1,0,0,0,0,0.01111111111,0.003846153846,0,0,0,0,0,0,0,0,0,0,0,0,0,0,0,0.02475,0.02525,0,0,0,0.02525,0.02525,0,0,0
https://onedrive.live.com,0,Holdout5_User_Normal,2026-04-26T22:32:53+00:00,https://www.microsoft.com/ko-kr/microsoft-365/onedrive/online-cloud-storage,200,,urlopen,25,236,0.1136363636,0.2125,0,0.2,0,0,0.7224837618,1,0,0.125,0,0,1,0,0,1,0.2,0.1388888889,0.9076923077,0.9279279279,0.07207207207,0.8,0.125,0,0,0,0.04375,0,0,0,0.03448275862,0.008620689655,0,0,0.04809044118,0.06231142882,0.04074758403,0.04057016807,0.202257584,0.281710084,0.06058892998,0.250214916,0,0.3333333333
https://photos.google.com,0,Holdout5_User_Normal,2026-04-26T22:32:53+00:00,https://www.google.com/photos/about/,200,,urlopen,23,163,0.1136363636,0.2125,0,0.2,0,0,0.6380500129,1,0,0.125,0,0.3333333333,1,0,0,0,0,0.1277777778,0.6269230769,0.8333333333,0.1666666667,0.5384615385,0,0,0,0,0,0,0,0,0.2345679012,0.2469135802,0,0.3,0.06661646341,0.07385648042,0,0,0.09348040572,0.2848477134,0.08407695382,0.2470772866,0,0.3333333333
https://www.tiktok.com,0,Holdout5_User_Normal,2026-04-26T22:32:53+00:00,https://www.tiktok.com,200,,urlopen,3,4,0.1,0.175,0,0.2,0,0,0.639277753,1,0,0.125,0,0,1,0,0,0,0,0.01666666667,0.01538461538,0,0,1,0,0,0,0,0,0,0,0,1,0,0,0,0.250425,0.31605,0,0,0.31605,0.31605,0.31605,0,0,0.03333333333
https://www.linkedin.com/learning,0,Holdout5_User_Normal,2026-04-26T22:32:53+00:00,https://www.linkedin.com/learning,200,,urlopen,17,464,0.15,0.2,0.05625,0.2,0,0,0.7504151153,1,0.1,0.1666666667,0,0,1,0,0,0,0,0.09444444444,1,1,0,1,0.375,0,0,0,0.13125,0,0,0,0.008928571429,0.03125,0,0.00462962963,0.0350943038,0.04278601416,0.03845806962,0.03599113924,0.204053903,0.2605205696,0.0446424291,0.2245294304,0,0.06666666667
https://www.google.com/drive,0,Holdout5_User_Normal,2026-04-26T22:32:54+00:00,https://workspace.google.com/products/drive/,200,,urlopen,47,958,0.1272727273,0.175,0.0375,0.2,0,0,0.7294888007,1,0.1,0.1666666667,0,0.25,1,0,0,0,0,0.2611111111,1,0.9697986577,0.03020134228,0.8795180723,0.125,1,0,0,0.04375,0,0.125,0,0.04525862069,0.3125,0,0.006666666667,0.06254840264,0.06868759167,0.5634574797,0.04398995943,0.152213052,0.5634574797,0.08410582542,0.5285425203,0.002087682672,0.2666666667
https://www.youtube.com/feed/explore,0,Holdout5_User_Normal,2026-04-26T22:32:54+00:00,https://www.youtube.com/feed/explore,200,,urlopen,3,8,0.1636363636,0.1875,0.08125,0.2,0,0,0.7386009953,1,0.2,0.2083333333,0,0,1,0,0,0,0,0.01666666667,0.03076923077,0,0,0,0,0,0,0,0,0,0,0,1,0,0,0,0.0298125,0.037625,0,0,0.037625,0.037625,0.037625,0,0,0.03333333333
https://www.telegram.org,0,Holdout5_User_Normal,2026-04-26T22:32:55+00:00,https://www.telegram.org,200,,urlopen,7,146,0.1090909091,0.2,0,0.2,0,0,0.6858282198,1,0,0.125,0,0,1,0,0,0,0,0.03888888889,0.5615384615,0.9833333333,0.01666666667,0,0,0,0,0,0,0,0,0,0.02739726027,0.1506849315,0,0.01639344262,0.03226284247,0.04087947361,0,0,0.03804109589,0.2334160959,0.04071746575,0.195375,0,0.06666666667
https://meet.google.com,0,Holdout5_User_Normal,2026-04-26T22:32:54+00:00,https://workspace.google.com/products/meet/,200,,urlopen,47,956,0.1045454545,0.1875,0,0.2,0,0,0.646460573,1,0,0.125,0,0.3333333333,1,0,0,0,0,0.2611111111,1,0.9697986577,0.03020134228,0.8780487805,0.125,1,0,0,0.04375,0,0.125,0,0.04545454545,0.3095238095,0,0.006666666667,0.06227365619,0.06817539841,0.5634164047,0.04390780933,0.15247799,0.5634164047,0.08372500941,0.5285835953,0.002092050209,0.2333333333
https://www.wix.com,0,Holdout5_User_Normal,2026-04-26T22:32:53+00:00,https://www.wix.com,200,,urlopen,5,10,0.08636363636,0.1375,0,0.2,0,0,0.6383791651,1,0,0.125,0,0,1,0,0,0,0,0.02777777778,0.03846153846,0,0,1,0,0,0,0,0,0,0,0,1,0,0,0,0.250425,0.31605,0,0,0.31605,0.31605,0.31605,0,0,0.06666666667
https://www.pinterest.com,0,Holdout5_User_Normal,2026-04-26T22:32:54+00:00,https://www.pinterest.com,200,,urlopen,5,100,0.1136363636,0.2125,0,0.2,0,0,0.6788473981,1,0,0.125,0,0,1,0,0,0,0,0.02777777778,0.3846153846,0,1,1,0,0,0,0,0,0,0,0,0.98,0,0,0,0.24959025,0.3153567883,0,0,0.31590825,0.31590825,0.3149965,0.0455875,0,0.06666666667
https://www.tumblr.com,0,Holdout5_User_Normal,2026-04-26T22:32:53+00:00,https://www.tumblr.com,200,,urlopen,7,27,0.1,0.175,0,0.2,0,0,0.6826257901,1,0,0.125,0,0,1,0,0,0,0,0.03888888889,0.1038461538,1,0,1,0.125,0,0,0,0.04375,0,0,0,0.08333333333,0,0,0,0.04626964286,0.060035482,0.04051785714,0.04011071429,0.2814803571,0.2814803571,0.05770038265,0.2413696429,0,0.06666666667
https://web.whatsapp.com,0,Holdout5_User_Normal,2026-04-26T22:32:54+00:00,https://web.whatsapp.com/,200,,requests,15,50,0.1090909091,0.2,0,0.2,0,0,0.6706767046,1,0,0.125,0,0,1,0,0,0,0,0.08333333333,0.1923076923,0,1,0.6,0,0,0,0,0,0,0,0,0.64,0.24,0,0,0.180783,0.2621253393,0,0,0.207839,0.304224,0.228158,0.2409625,0,0.2333333333
https://www.whatsapp.com,0,Holdout5_User_Normal,2026-04-26T22:32:56+00:00,https://www.whatsapp.com/,200,,requests,16,206,0.1090909091,0.2,0,0.2,0,0,0.6252221592,1,0,0.125,0,0,1,0,0,0,0,0.08888888889,0.7923076923,0.7662337662,0.2337662338,1,0,0,0,0,0,0,0,0,0.009708737864,0.2427184466,0,0.01282051282,0.08792584951,0.1089254858,0,0,0.1942811706,0.264088863,0.1179410194,0.2175971154,0,0.2333333333
https://calendar.google.com,0,Holdout5_User_Normal,2026-04-26T22:32:55+00:00,https://accounts.google.com/v3/signin/identifier?continue=https%3A%2F%2Fcalendar.google.com%2Fcalendar%2Fu%2F0%2Fr&dsh=S186757416%3A1777242774162874&emr=1&followup=https%3A%2F%2Fcalendar.google.com%2Fcalendar%2Fu%2F0%2Fr&osid=1&passive=1209600&service=cl&flowName=GlifWebSignIn&flowEntry=ServiceLogin&ifkv=AWa2Pau3MiDMzJeTKyuxUKFHpjBcSK8Ht-5dJhYUiiZ2XR944o4sBV0X19YoXhdUa6V4OZ1hpAcXOA,200,,urlopen,2,1,0.1227272727,0.2375,0,0.2,0,0,0.7247614482,1,0,0.125,0,0.3333333333,1,0,0,0,0,0.01111111111,0.003846153846,0,0,0,0,0,0,0,0,0,0,0,0,0,0,0,0.02475,0.02525,0,0,0,0.02525,0.02525,0,0,0
https://www.weebly.com,0,Holdout5_User_Normal,2026-04-26T22:32:53+00:00,https://www.weebly.com,200,,urlopen,22,194,0.1,0.175,0,0.2,0,0,0.6785743439,1,0,0.125,0,0,1,0,0,0,0,0.1222222222,0.7461538462,0.8823529412,0.1176470588,0.9166666667,0,0,0,0,0,0,0,0,0.0618556701,0.0618556701,0,0,0.06599574742,0.08804869907,0,0,0.2155402169,0.2844641753,0.08515386598,0.2409625,0,0.3
https://developers.facebook.com,0,Holdout5_User_Normal,2026-04-26T22:32:54+00:00,https://developers.facebook.com/,200,,requests,8,99,0.1409090909,0.2875,0,0.2,0,0,0.7365400916,1,0,0.125,0,0.3333333333,1,0,0,0,0,0.04444444444,0.3807692308,1,0,0.8,0,0,0,0,0,0,0,0,0.02040816327,0.387755102,0,0,0.06466725,0.07550748938,0,0,0.162418,0.26050425,0.09020746,0.22585825,0,0.06666666667
https://www.mailchimp.com,0,Holdout5_User_Normal,2026-04-26T22:32:53+00:00,https://mailchimp.com/,200,,urlopen,36,861,0.1136363636,0.2125,0,0.2,0,0,0.6733573072,1,0,0.125,0,0,1,0,0,0,0,0.2,1,0.9455782313,0.05442176871,0.024,0.375,0,0,0.2352941176,0.3665441176,0,0,0,0.01670644391,0.2816229117,0,0.02,0.04004871868,0.05321087822,0.03944703872,0.06430437157,0.04517859327,0.2804095387,0.04957166779,0.2424404613,0,0.2333333333
https://substack.com,0,Holdout5_User_Normal,2026-04-26T22:32:54+00:00,https://substack.com,200,,urlopen,9,281,0.09090909091,0.15,0,0.1,0,0,0.6629889718,1,0,0.08333333333,0,0,1,0,0,0,0,0.05,1,0.5,0.5,1,0.125,0,0,0,0.04375,0,0,0,0.9856115108,0,0,0,0.2455045213,0.3066089957,0.07426170213,0.1075984043,0.3152242021,0.3152242021,0.3100104553,0.2409625,0,0.1
https://www.typeform.com,0,Holdout5_User_Normal,2026-04-26T22:32:53+00:00,https://www.typeform.com,200,,urlopen,32,658,0.1090909091,0.2,0,0.2,0,0,0.6858282198,1,0,0.125,0,0,1,0,0,0,0,0.1777777778,1,0.9333333333,0.06666666667,0.9793814433,0,0,0,0,0,0,0,0.003039513678,0.06990881459,0.5167173252,0,0.04255319149,0.1012281155,0.1337173892,0,0,0.1997869646,0.4383553571,0.1427036474,0.39075,0.003039513678,0.4666666667
https://about.instagram.com,0,Holdout5_User_Normal,2026-04-26T22:32:55+00:00,https://about.instagram.com/,200,,requests,4,19,0.1227272727,0.2375,0,0.2,0,0,0.7112934347,1,0,0.125,0,0.3333333333,1,0,0,0,0,0.02222222222,0.07307692308,0,0,1,0,0,0,0,0,0,0,0,4.888888889,0,0,0,0.2278575,0.2757002083,0,0,0.31230375,0.31230375,0.290341625,0.21962125,0,0.03333333333
https://outlook.live.com,0,Holdout5_User_Normal,2026-04-26T22:32:55+00:00,https://outlook.live.com/mail/,200,,requests,4,6,0.1090909091,0.2,0,0.2,0,0,0.6915470645,1,0,0.125,0,0,1,0,0,0,0,0.02222222222,0.02307692308,0,0,1,0,0,0,0,0,0,0,0,0.6666666667,0.3333333333,0,0,0.210825,0.2903804348,0,0,0.27565,0.29985,0.27565,0.0726,0,0.03333333333
https://www.facebook.com/business,0,Holdout5_User_Normal,2026-04-26T22:32:56+00:00,https://www.facebook.com/business,200,,requests,25,139,0.15,0.2,0.05625,0.2,0,0,0.7393958316,1,0.1,0.1666666667,0,0.25,1,0,0,0,0,0.1388888889,0.5346153846,0.96,0.04,0.8181818182,0.125,0,0,0.2857142857,0.3294642857,0,0,0,0.01639344262,0.1639344262,0,0.05660377358,0.05912970779,0.06931743826,0.0427663961,0.07658636364,0.1694448052,0.2621288961,0.07199312911,0.2265961039,0,0.1
https://www.snapchat.com,0,Holdout5_User_Normal,2026-04-26T22:32:54+00:00,https://www.snapchat.com,200,,urlopen,19,113,0.1090909091,0.2,0,0.2,0,0,0.6555251895,1,0,0.125,0,0,1,0,0,0,0,0.1055555556,0.4346153846,0.4772727273,0.5227272727,0.1666666667,0,0,0,0,0,0,0,0,0.2142857143,0,0,0,0.1099026316,0.1300871143,0,0.06157368421,0.09140975877,0.2922118421,0.1387208218,0.2409625,0,0.2666666667
https://www.discover.com,0,Holdout5_User_Normal,2026-04-26T22:32:54+00:00,https://www.discover.com,200,,urlopen,48,350,0.1090909091,0.2,0,0.2,0,0,0.7066985797,1,0,0.125,0,0,1,0,0,0,0,0.2666666667,1,0.8357142857,0.1642857143,0.03846153846,0.25,0,0.07142857143,0.1428571429,0.2303571429,0,0,0,0.06024096386,0.09638554217,0,0.125,0.05721119505,0.06980114717,0.04248166209,0.06650975275,0.05174945055,0.2834441621,0.07034419379,0.2409625,0.002857142857,0.5
https://wordpress.org,0,Holdout5_User_Normal,2026-04-26T22:32:55+00:00,https://wordpress.org,200,,urlopen,49,205,0.09545454545,0.1625,0,0.1,0,0,0.6470033842,1,0,0.08333333333,0,0,1,0,0,0,0,0.2722222222,0.7884615385,0.7564102564,0.2435897436,0.1304347826,0.125,0,0,0,0.04375,0,0,0.009900990099,0.0495049505,0.1683168317,0,0.01265822785,0.06927160194,0.09326561168,0.04433895631,0.04775291262,0.07548569544,0.4350889563,0.08736724715,0.39075,0.009756097561,0.7333333333
https://www.wordpress.com,0,Holdout5_User_Normal,2026-04-26T22:32:55+00:00,https://wordpress.com/,200,,urlopen,27,386,0.1136363636,0.2125,0,0.2,0,0,0.6643019436,1,0,0.125,0,0,1,0,0,0,0,0.15,1,0.9038461538,0.09615384615,0.05714285714,0.125,0,0,0,0.04375,0,0,0,0.02617801047,0.1570680628,0,0.006369426752,0.04540592784,0.05800516049,0.04026585052,0.03960670103,0.0512665648,0.2690783505,0.05735003454,0.2294716495,0,0.3333333333
https://tinyurl.com,0,Holdout5_User_Normal,2026-04-26T22:32:54+00:00,https://tinyurl.com,200,,urlopen,8,12,0.08636363636,0.1375,0,0.1,0,0,0.7077103852,1,0,0.08333333333,0,0,1,0,0,0,0,0.04444444444,0.04615384615,0,0,0.3333333333,0,0,0,0,0,0,0,0,0.8333333333,0.1666666667,0,0,0.10335,0.1410417453,0,0,0.1304333333,0.291075,0.1304333333,0.2409625,0,0.1
https://www.americanexpress.com,0,Holdout5_User_Normal,2026-04-26T22:32:54+00:00,https://www.americanexpress.com,200,,urlopen,12,118,0.1409090909,0.2875,0,0.2,0,0,0.7232576136,1,0,0.125,0,0,1,0,0,0,0,0.06666666667,0.4538461538,0.9411764706,0.05882352941,1,0,0,0,0,0,0,0,0,0.01694915254,0.1525423729,0,0.01923076923,0.05472648305,0.06748731831,0,0,0.1975411017,0.2610661017,0.07247669492,0.2197,0,0.1666666667
https://www.blogger.com,0,Holdout5_User_Normal,2026-04-26T22:32:56+00:00,https://www.blogger.com/about/?bpli=1,200,,urlopen,8,116,0.1045454545,0.1875,0,0.2,0,0,0.7058263833,1,0,0.125,0,0,1,0,0,0,0,0.04444444444,0.4461538462,1,0,0.9772727273,0,0,0,0,0,0,0,0,0.03448275862,0.724137931,0,0.125,0.08974590517,0.1046593272,0,0,0.1340929957,0.2887648707,0.1132642241,0.2409625,0,0.1
https://business.instagram.com,0,Holdout5_User_Normal,2026-04-26T22:32:56+00:00,https://business.instagram.com/,200,,requests,13,104,0.1363636364,0.275,0,0.2,0,0,0.7202556963,1,0,0.125,0,0.3333333333,1,0,0,0,0,0.07222222222,0.4,0.8611111111,0.1388888889,1,0,0,0,0,0,0,0,0,0.01960784314,0.2745098039,0,0.5662650602,0.07435613208,0.08610675408,0,0.04853820755,0.1668633895,0.2654441038,0.0972372775,0.2259808962,0,0.1333333333
https://www.paypal.com/kr,0,Holdout5_User_Normal,2026-04-26T22:32:54+00:00,https://www.paypal.com/kr/home,200,,urlopen,16,157,0.1136363636,0.175,0.01875,0.2,0,0,0.6969581254,1,0.1,0.1666666667,0,0.25,1,0,0,0,0,0.08888888889,0.6038461538,0.9705882353,0.02941176471,0.8,0,0,0,0,0,0,0,0.01282051282,0.1025641026,0.01282051282,0,0,0.05835332278,0.09007367499,0,0,0.2502311867,0.4332324367,0.07363079034,0.3982675633,0.0127388535,0.2
https://bitly.com,0,Holdout5_User_Normal,2026-04-26T22:32:55+00:00,https://bitly.com/,200,,requests,28,564,0.07727272727,0.1125,0,0.1,0,0,0.6709302759,1,0,0.08333333333,0,0,1,0,0,0,0,0.1555555556,1,0.9788359788,0.02116402116,0.02325581395,0.25,0,0,0,0.0875,0,0,0,0.06181818182,0.2509090909,0,0.04545454545,0.03418392857,0.0434439377,0.0384152439,0.0359054878,0.04401902297,0.2793777439,0.04272997366,0.2434722561,0,0.2333333333
https://www.surveymonkey.com,0,Holdout5_User_Normal,2026-04-26T22:32:54+00:00,https://www.surveymonkey.com,200,,urlopen,21,540,0.1272727273,0.25,0,0.2,0,0,0.7392925345,1,0,0.125,0,0,1,0,0,0,0,0.1166666667,1,0.9698275862,0.03017241379,0.9736842105,0,0,0,0,0,0,0,0,0.1296296296,0.01851851852,0,0,0.06336208333,0.09522407306,0,0,0.2702476316,0.2822684797,0.08028564815,0.2389922297,0,0.3
https://web.telegram.org,0,Holdout5_User_Normal,2026-04-26T22:32:55+00:00,https://web.telegram.org,200,,urlopen,3,2,0.1090909091,0.2,0,0.2,0,0,0.7009797349,1,0,0.125,0,0,1,0,0,0,0,0.01666666667,0.007692307692,0,0,0,0,0,0,0,0,0,0,0,1,0,0,0,0.0298125,0.037625,0,0,0.037625,0.037625,0.037625,0,0,0.03333333333
https://linktr.ee,0,Holdout5_User_Normal,2026-04-26T22:32:55+00:00,https://linktr.ee/,200,,requests,36,340,0.07727272727,0.1125,0,0.1,0,0,0.6495399016,1,0,0.08333333333,0,0,1,0,0,0,0,0.2,1,0.9252336449,0.07476635514,0.9152542373,0.25,0,0,0,0.0875,0,0,0.006024096386,0.09036144578,0.2590361446,0,0.06140350877,0.07871925872,0.09874316351,0.04493030523,0.04893561047,0.1973889917,0.4356803052,0.1064075362,0.39075,0.005882352941,0.4666666667
https://www.jotform.com,0,Holdout5_User_Normal,2026-04-26T22:32:55+00:00,https://www.jotform.com,200,,urlopen,24,590,0.1045454545,0.1875,0,0.2,0,0,0.6622708497,1,0,0.125,0,0,1,0,0,0,0,0.1333333333,1,0.962406015,0.03759398496,1,0,0,0,0,0,0,0,0.003389830508,0.01016949153,0.2610169492,0,0,0.0479604661,0.06084752778,0,0,0.2029501373,0.4311070339,0.06296364407,0.39075,0.003389830508,0.3666666667
https://www.squarespace.com,0,Holdout5_User_Normal,2026-04-26T22:32:57+00:00,https://www.squarespace.com,200,,urlopen,66,753,0.1227272727,0.2375,0,0.2,0,0,0.7062100172,1,0,0.125,0,0,1,0,0,0,0,0.3666666667,1,0.9023569024,0.09764309764,0.9230769231,0.125,0,0,0,0.04375,0,0,0,0.016,0.192,0,0.01,0.0584015252,0.06733689669,0.04248338859,0.04404177719,0.1206333886,0.2378583886,0.07368533392,0.195375,0,1
https://www.korbit.co.kr,0,Holdout5_User_Normal,2026-04-26T22:32:54+00:00,https://www.korbit.co.kr,200,,urlopen,17,80,0.1090909091,0.2,0,0.3,0,0,0.6649578599,1,0,0.1666666667,0,0,1,0,0,0,0,0.09444444444,0.3076923077,0,1,0,0,0,0,0,0,0,0,0,0.825,0,0,0,0.061115625,0.06499909274,0,0,0.042940625,0.238315625,0.07713125,0.195375,0,0.2666666667
https://www.upbit.com/home,0,Holdout5_User_Normal,2026-04-26T22:32:54+00:00,https://www.upbit.com/home,200,,urlopen,5,6,0.1181818182,0.1625,0.03125,0.2,0,0,0.6849424487,1,0.1,0.1666666667,0,0,1,0,0,0,0,0.02777777778,0.02307692308,0,0,0.3333333333,0,0,0,0,0,0,0,0,0.6666666667,0.3333333333,0,0,0.05565,0.05305543478,0,0,0.07023333333,0.126675,0.07023333333,0.0846625,0,0.06666666667
https://www.unionpayintl.com,0,Holdout5_User_Normal,2026-04-26T22:32:55+00:00,https://www.unionpayintl.com,200,,urlopen,19,723,0.1272727273,0.25,0,0.2,0,0,0.7165017877,1,0,0.125,0,0,1,0,0,0,0,0.1055555556,1,0.9929328622,0.007067137809,0.01388888889,0.25,0,0,0,0.0875,0,0,0,0.05915492958,0.1436619718,0,0.05666666667,0.03163340164,0.03977342278,0.03796803279,0.03501106557,0.04131473418,0.2789305328,0.03962131092,0.2439194672,0,0.1
https://www.bybit.com,0,Holdout5_User_Normal,2026-04-26T22:32:55+00:00,https://www.bybit.com,200,,urlopen,3,44,0.09545454545,0.1625,0,0.2,0,0,0.6643194015,1,0,0.125,0,0,1,0,0,0,0,0.01666666667,0.1692307692,0,0,0,0,0,0,0,0,0,0,0,1,0,0,0,0.0298125,0.037625,0,0,0.037625,0.037625,0.037625,0,0,0.03333333333
https://www.gopax.co.kr,0,Holdout5_User_Normal,2026-04-26T22:32:55+00:00,https://www.gopax.co.kr,200,,urlopen,3,100,0.1045454545,0.1875,0,0.3,0,0,0.6840486165,1,0,0.1666666667,0,0,1,0,0,0,0,0.01666666667,0.3846153846,0,0,0,0,0,0,0,0,0,0,0,1,0,0,0,0.0298125,0.037625,0,0,0.037625,0.037625,0.037625,0,0,0.03333333333
https://obank.kbstar.com,0,Holdout5_User_Normal,2026-04-26T22:32:55+00:00,https://obank.kbstar.com,200,,urlopen,4,3,0.1090909091,0.2,0,0.2,0,0,0.6915470645,1,0,0.125,0,0,1,0,0,0,0,0.02222222222,0.01153846154,0,0,0,0.125,0,0,0,0.04375,0,0,0,0,0,0,0,0.03470625,0.0383099734,0.03914375,0.0373625,0,0.03914375,0.038253125,0.00178125,0,0.03333333333
https://711elevens.top/index/index/home2,1,Holdout5_Nurilab_Page35,2026-04-26T22:32:56+00:00,https://711elevens.top/index/index/home2,200,,urlopen,7,20,0.1818181818,0.175,0.1125,0.1,0,0.1,0.7283996969,1,0.3,0.2083333333,0,0,1,0,0,0,0,0.03888888889,0.07692307692,1,0,0.1666666667,0,0,0,0,0,0,0,0,0.3,0.3,0,0,0.05187375,0.07961926587,0,0,0.08153166667,0.28233375,0.0654675,0.2409625,0,0.06666666667
https://endinei.com.mx/wp-content/xts/china/index.html,1,Holdout5_Nurilab_Page35,2026-04-26T22:32:56+00:00,https://endinei.com.mx/wp-content/xts/china/index.html,200,,urlopen,6,5,0.2454545455,0.175,0.2,0.3,0.08333333333,0,0.7288220963,1,0.4,0.375,0,0,1,0,0,0,0,0.03333333333,0.01923076923,0,0,1,0.125,0,1,1,1,0,0,0,1,0,0,0,0.2171625,0.2069015351,0.0737375,0.309225,0.3147,0.3147,0.2325541667,0.2409625,0.2,0.06666666667
https://cafe.naverpaym.com/naver/no_order?id=39,1,Holdout5_Nurilab_Page35,2026-04-26T22:32:56+00:00,https://cafe.naverpaym.com/naver/no_order?id=39,200,,urlopen,4,3,0.2136363636,0.225,0.09375,0.2,0,0.04255319149,0.795187238,1,0.2,0.3333333333,0,0.125,1,0,0,0,0,0.02222222222,0.01153846154,0,0,1,0,0,0,0,0,0,0,0,1,0,1,0,0.3108375,0.3408441964,0,0,0.33275625,0.3453375,0.339046875,0.01258125,0.3333333333,0.03333333333
https://roblox.com.ge/communities/7839507097/,1,Holdout5_Nurilab_Page36,2026-04-26T22:33:10+00:00,https://roblox.com.ge/communities/7839507097/,200,,requests,11,250,0.2045454545,0.1625,0.15,0.2,0,0.2222222222,0.8050872176,1,0.2,0.2083333333,0,0,1,0,0,0,0,0.06111111111,0.9615384615,1,0,0.9652173913,0,0,0,0,0,0,0,0,0.9193548387,0.008064516129,0,0.1,0.2233741071,0.2853282714,0,0.1000410714,0.3022216227,0.3114455357,0.2824596514,0.2409625,0,0.1
https://www.kkinstagram.com/reel/DQWH497Eygq/,1,Holdout5_Nurilab_Page35,2026-04-26T22:33:24+00:00,https://kkclip.com/open/ig/3753222040565524522/DQWH497Eygq,200,,public_dns,5,4,0.2045454545,0.2375,0.1125,0.2,0,0.06666666667,0.8485413085,1,0.2,0.2083333333,0,0,1,0,0,1,0.2,0.02777777778,0.01538461538,0,0,1,0,0,0,0,0,0,0,0,0.5,0.5,0,0,0.178875,0.2678307692,0,0,0.22575,0.3039,0.22575,0.1563,0,0.06666666667
https://roblox.cd/games/109983668079237/Steal-a-Brainrot?privateServerLinkCode=12188244932794594971949776353377,1,Holdout5_Nurilab_Page29,2026-04-26T22:32:57+00:00,https://roblox.cd/games/109983668079237/Steal-a-Brainrot?privateServerLinkCode=12188244932794594971949776353377,200,,urlopen,11,260,0.5045454545,0.1125,0.24375,0.1,0.1666666667,0.4234234234,0.8962705557,1,0.3,0.3333333333,0,0,1,0,0,0,0,0.06111111111,1,1,0,0.9666666667,0,0,0,0,0,0,0,0,0.9224806202,0.007751937984,0,0.3076923077,0.224406584,0.2865214648,0,0.1003925573,0.3027816953,0.3116212786,0.2837444088,0.2409625,0,0.1
https://cafe.navarrmpayment.com/joonggonara/202510311744137,1,Holdout5_Nurilab_Page31,2026-04-26T22:32:56+00:00,https://cafe.navarrmpayment.com/joonggonara/202510311744137,200,,urlopen,3,2,0.2681818182,0.2875,0.175,0.2,0,0.2542372881,0.8175701153,1,0.2,0.2083333333,0,0,1,0,0,0,0,0.01666666667,0.007692307692,0,0,1,0,0,0,0,0,0,0,0,1,0,0,0,0.250425,0.31605,0,0,0.31605,0.31605,0.31605,0,0,0.03333333333
https://www.kkinstagram.com/reels/DQwmWx_EbR9/,1,Holdout5_Nurilab_Page31,2026-04-26T22:33:20+00:00,https://kkclip.com/open/ig/3760674380121748605/DQwmWx_EbR9,200,,public_dns,5,4,0.2090909091,0.2375,0.11875,0.2,0,0.02173913043,0.8308677747,1,0.2,0.25,0,0,1,0,0,1,0.2,0.02777777778,0.01538461538,0,0,1,0,0,0,0,0,0,0,0,0.5,0.5,0,0,0.178875,0.2678307692,0,0,0.22575,0.3039,0.22575,0.1563,0,0.06666666667
http://m.galabett1071.com/,1,Holdout5_OpenPhish_Fill,2026-04-26T22:32:55+00:00,http://m.galabett1071.com/,200,,urlopen,3,2,0.1181818182,0.225,0.00625,0.2,0,0.1538461538,0.7094863299,0,0,0.08333333333,0,0,1,0,0,0,0,0.01666666667,0.007692307692,0,0,1,0,0,0,0,0,0,0,0,1,0,0,0,0.250425,0.31605,0,0,0.31605,0.31605,0.31605,0,0,0.03333333333
https://www.ledgerwallet.cc/,1,Holdout5_OpenPhish_Fill,2026-04-26T22:32:56+00:00,https://www.ledgerwallet.cc/,200,,urlopen,8,79,0.1272727273,0.2375,0.00625,0.2,0,0,0.6726388819,1,0,0.125,0,0,1,0,0,0,0,0.04444444444,0.3038461538,0.8,0.2,0,0,0,0,0,0,0,0,0,0.3846153846,0.358974359,0,0.1666666667,0.0390009375,0.04763933394,0,0.037514375,0.0392196875,0.2345946875,0.04894580469,0.1970803125,0,0.06666666667
http://tr.padisahbethizligiris.com/,1,Holdout5_OpenPhish_Fill,2026-04-26T22:32:56+00:00,http://tr.padisahbethizligiris.com/,200,,urlopen,11,40,0.1590909091,0.3375,0.00625,0.2,0,0,0.7293791694,0,0,0.125,0,0,1,0,0,0,0,0.06111111111,0.1538461538,0,1,0.8461538462,0,0,0,0,0,0,0,0,0.05,0.6,0,0.2222222222,0.142205625,0.2062021023,0,0,0.1403712019,0.297673125,0.17947125,0.2409625,0,0.1666666667
https://homepage-btimart-auth-ohm.webflow.io/,1,Holdout5_OpenPhish_Fill,2026-04-26T22:32:55+00:00,https://homepage-btimart-auth-ohm.webflow.io/,200,,urlopen,6,6,0.2045454545,0.45,0.00625,0.2,0.25,0,0.7505022681,1,0,0.25,0.1666666667,0,1,0,0,0,0,0.03333333333,0.02307692308,0,0,1,0,0,0,0,0,0,0,0,0.6666666667,0.3333333333,0,1,0.210825,0.2916130435,0,0,0.27565,0.30795,0.27565,0.08475,0,0.06666666667
https://member23.agency-ad-dashboard.com/,1,Holdout5_OpenPhish_Fill,2026-04-26T22:32:56+00:00,https://member23.agency-ad-dashboard.com/,200,,urlopen,6,22,0.1863636364,0.4,0.00625,0.2,0.1666666667,0.0487804878,0.7744571272,1,0,0.2083333333,0,0,1,0,0,0,0,0.03333333333,0.08461538462,0,0,0.09090909091,0,0,0,0,0,0,0,0,0.9090909091,0.09090909091,0,0,0.04986818182,0.06442509929,0,0,0.06293636364,0.2819931818,0.06293636364,0.2409625,0,0.06666666667
http://www.onedrivesms.weebly.com/,1,Holdout5_OpenPhish_Fill,2026-04-26T22:32:56+00:00,https://onedrivesms.weebly.com/,200,,urlopen,17,50,0.1545454545,0.325,0.00625,0.3,0,0,0.7457965861,0,0,0.1666666667,0,0,1,0,0,0,0,0.09444444444,0.1923076923,1,0,0.5833333333,0.125,0,0,0,0.04375,0,0,0,0.45,0.15,0,0.2,0.08166724138,0.09194022369,0.04666767241,0.05241034483,0.1791541307,0.2841587438,0.1030738407,0.2374910714,0,0.06666666667
https://member21.agency-ad-dashboard.com/,1,Holdout5_OpenPhish_Fill,2026-04-26T22:32:56+00:00,https://member21.agency-ad-dashboard.com/,200,,urlopen,6,22,0.1863636364,0.4,0.00625,0.2,0.1666666667,0.0487804878,0.7744571272,1,0,0.2083333333,0,0,1,0,0,0,0,0.03333333333,0.08461538462,0,0,0.09090909091,0,0,0,0,0,0,0,0,0.9090909091,0.09090909091,0,0,0.04986818182,0.06442509929,0,0,0.06293636364,0.2819931818,0.06293636364,0.2409625,0,0.06666666667
https://miguel-dorante72.github.io/faccebok,1,Holdout5_OpenPhish_Fill,2026-04-26T22:32:56+00:00,https://miguel-dorante72.github.io/faccebok/,200,,urlopen,8,9,0.1954545455,0.325,0.05625,0.2,0.08333333333,0.04651162791,0.8131494057,1,0.1,0.2083333333,0,0.2,1,0,0,0,0,0.04444444444,0.03461538462,0,0,0,0.125,1,0.5,0.5,0.54375,0,0.5,0,0,1,0,1,0.16700625,0.2646981855,0.58444375,0.1873,0.06344375,0.58444375,0.193803125,0.521,0.3333333333,0.06666666667
https://sso-cad-netcoins-com-auth.webflow.io/,1,Holdout5_OpenPhish_Fill,2026-04-26T22:32:56+00:00,https://sso-cad-netcoins-com-auth.webflow.io/,200,,urlopen,8,8,0.2045454545,0.45,0.00625,0.2,0.3333333333,0,0.7596524196,1,0,0.2916666667,0.1428571429,0,1,0,0,0,0,0.04444444444,0.03076923077,0,1,1,0,0,0,0,0,0,0,0,0.5,0.25,0,0,0.210290625,0.2858143319,0,0,0.275903125,0.308203125,0.27258125,0.08475,0,0.1
https://partner-registration.credit-agency-meta.com/,1,Holdout5_OpenPhish_Fill,2026-04-26T22:32:56+00:00,https://partner-registration.credit-agency-meta.com/,200,,urlopen,4,36,0.2363636364,0.5375,0.00625,0.2,0.25,0,0.7334883302,1,0,0.25,0,0,1,0,0,0,0,0.02222222222,0.1384615385,0,0,0,0,0,0,0,0,0,0,0,0.7222222222,0.2777777778,0,1,0.0298125,0.037625,0,0,0.037625,0.037625,0.037625,0,0,0.03333333333
https://username4123.invoice-ads-agency.com/,1,Holdout5_OpenPhish_Fill,2026-04-26T22:32:56+00:00,https://username4123.invoice-ads-agency.com/,200,,urlopen,4,36,0.2,0.4375,0.00625,0.2,0.1666666667,0.09090909091,0.8117378252,1,0,0.2083333333,0,0,1,0,0,0,0,0.02222222222,0.1384615385,0,0,0,0,0,0,0,0,0,0,0,0.7222222222,0.2777777778,0,1,0.0298125,0.037625,0,0,0.037625,0.037625,0.037625,0,0,0.03333333333
http://web2.pancake.run/add/0x65a4fb74ced27d141dc6a8fcdcb737d35e8f453e/0xabd45b738521bedc8624ea5b359845a667a7edef?chain=bsc&persistChain=1,1,Holdout5_OpenPhish_Fill,2026-04-26T22:32:56+00:00,https://web2.pancake.run/add/0x65a4fb74ced27d141dc6a8fcdcb737d35e8f453e/0xabd45b738521bedc8624ea5b359845a667a7edef?chain=bsc&persistChain=1,200,,urlopen,7,82,0.6272727273,0.2,0.5625,0.2,0,0.347826087,0.8603005231,0,0.3,0.2916666667,0,0,1,0,0,0,0,0.03888888889,0.3153846154,0,0,0.0487804878,0,0,0,0,0,0,0,0.0243902439,0.9512195122,0.0243902439,0,0,0.04042865854,0.05441607111,0,0,0.05102317073,0.4301777439,0.05102317073,0.39075,0.0243902439,0.1
http://web2.pancake.run/info,1,Holdout5_OpenPhish_Fill,2026-04-26T22:32:56+00:00,https://web2.pancake.run/info,200,,urlopen,7,30,0.1272727273,0.2,0.03125,0.2,0,0.03571428571,0.7473776806,0,0.1,0.1666666667,0,0,1,0,0,0,0,0.03888888889,0.1153846154,0,0,0.1333333333,0,0,0,0,0,0,0,0.06666666667,0.8666666667,0.06666666667,0,0,0.05883,0.0838716723,0,0,0.07424666667,0.4333025,0.07424666667,0.39075,0.06666666667,0.1
http://web2.pancake.run/info/tokens/0xabd45b738521bedc8624ea5b359845a667a7edef,1,Holdout5_OpenPhish_Fill,2026-04-26T22:32:56+00:00,https://web2.pancake.run/info/tokens/0xabd45b738521bedc8624ea5b359845a667a7edef,200,,urlopen,7,30,0.3545454545,0.2,0.34375,0.2,0,0.3205128205,0.8507855004,0,0.3,0.2083333333,0,0,1,0,0,0,0,0.03888888889,0.1153846154,0,0,0.1333333333,0,0,0,0,0,0,0,0.06666666667,0.8666666667,0.06666666667,0,0,0.05883,0.0838716723,0,0,0.07424666667,0.4333025,0.07424666667,0.39075,0.06666666667,0.1
http://bafkreib55xdtnfyqwxwgfmiyqllf5rxwtv3tz6daifdyocou6xqvmuuyia.ipfs.dweb.link/,1,Holdout5_OpenPhish_Fill,2026-04-26T22:33:18+00:00,http://bafkreib55xdtnfyqwxwgfmiyqllf5rxwtv3tz6daifdyocou6xqvmuuyia.ipfs.dweb.link/,200,,public_dns,3,2,0.3727272727,0.925,0.00625,0.3,0,0.07317073171,0.8661884121,0,0,0.125,0,0,1,0,0,0,0,0.01666666667,0.007692307692,0,0,1,0,0,0,0,0,0,0,0,1,0,0,0,0.250425,0.31605,0,0,0.31605,0.31605,0.31605,0,0,0.03333333333
http://bafkreihydvdhzs6gfta7ekculce3znjxsfk5qgsqip34s6lokwky4tkycm.ipfs.dweb.link/,1,Holdout5_OpenPhish_Fill,2026-04-26T22:33:19+00:00,https://bafkreihydvdhzs6gfta7ekculce3znjxsfk5qgsqip34s6lokwky4tkycm.ipfs.dweb.link/,200,,public_dns,8,7,0.3727272727,0.925,0.00625,0.3,0,0.09756097561,0.8869601761,0,0,0.125,0,0,1,0,0,0,0,0.04444444444,0.02692307692,0,0,0,0.125,0,0,0,0.04375,0,0,0,0,1,0,0,0.03796875,0.03952986111,0.04015625,0.0393875,0,0.04015625,0.039515625,0.00076875,0,0.03333333333
http://bafkreia2wkoizc7t42gtd3e76kklkp545ze6hr4gf6pji7fznqo3hibqqm.ipfs.dweb.link/,1,Holdout5_OpenPhish_Fill,2026-04-26T22:33:19+00:00,https://bafkreia2wkoizc7t42gtd3e76kklkp545ze6hr4gf6pji7fznqo3hibqqm.ipfs.dweb.link/,200,,public_dns,8,7,0.3727272727,0.925,0.00625,0.3,0,0.1829268293,0.8725182414,0,0,0.125,0,0,1,0,0,0,0,0.04444444444,0.02692307692,0,0,0,0.125,0,0,0,0.04375,0,0,0,0,1,0,0,0.03796875,0.03952986111,0.04015625,0.0393875,0,0.04015625,0.039515625,0.00076875,0,0.03333333333
http://bafkreihm53u6tkk632qp2ezo76er2iz5v6yeqgtaeuuoccn5rc2cyyfwqm.ipfs.dweb.link/,1,Holdout5_OpenPhish_Fill,2026-04-26T22:33:19+00:00,https://bafkreihm53u6tkk632qp2ezo76er2iz5v6yeqgtaeuuoccn5rc2cyyfwqm.ipfs.dweb.link/,200,,public_dns,8,7,0.3727272727,0.925,0.00625,0.3,0,0.1707317073,0.8803004476,0,0,0.125,0,0,1,0,0,0,0,0.04444444444,0.02692307692,0,0,0,0.125,0,0,0,0.04375,0,0,0,0,1,0,0,0.03796875,0.03952986111,0.04015625,0.0393875,0,0.04015625,0.039515625,0.00076875,0,0.03333333333
https://abhimanyu088.github.io/netflix-clone/,1,Holdout5_OpenPhish_Fill,2026-04-26T22:33:18+00:00,https://abhimanyu088.github.io/netflix-clone/,200,,public_dns,13,22,0.2045454545,0.275,0.09375,0.2,0.08333333333,0.06666666667,0.7984792498,1,0.1,0.2083333333,0,0.4,1,0,0,0,0,0.07222222222,0.08461538462,0,0,0.8888888889,0,0,0,0,0,0,0,0,0.1111111111,0.8888888889,0,0,0.1048932692,0.1075586032,0,0.06236346154,0.1268997863,0.2650384615,0.1219347633,0.2133942308,0.04545454545,0.1333333333
https://www.roblox.com.ml/users/114667414927/profile,1,Holdout5_OpenPhish_Fill,2026-04-26T22:33:21+00:00,https://www.roblox.com.ml/users/114667414927/profile,200,,public_dns,12,285,0.2363636364,0.2125,0.16875,0.3,0,0.2307692308,0.8095420012,1,0.3,0.2916666667,0,0,1,0,0,0,0,0.06666666667,1,0,1,0.992481203,0,0,0,0,0,0,0,0,0.9154929577,0.02112676056,0,0.1818181818,0.2427348776,0.307434689,0,0.1063328671,0.3105460106,0.3145914336,0.3076384016,0.2409625,0,0.1333333333
http://www.roblox.com.ml/users/224545138523/profile/,1,Holdout5_OpenPhish_Fill,2026-04-26T22:33:23+00:00,https://www.roblox.com.ml/users/224545138523/profile,200,,public_dns,12,297,0.2363636364,0.2125,0.175,0.3,0,0.2307692308,0.805537641,0,0.3,0.2916666667,0,0,1,0,0,0,0,0.06666666667,1,0,1,0.9925925926,0,0,0,0,0,0,0,0,0.8783783784,0.03378378378,0,0.1333333333,0.2405197148,0.3060066316,0,0.1054174497,0.3087111785,0.3141337248,0.3053982129,0.2409625,0,0.1333333333
https://facebook-signup-page-1zav.vercel.app/,1,Holdout5_OpenPhish_Fill,2026-04-26T22:32:56+00:00,https://facebook-signup-page-1zav.vercel.app/,200,,urlopen,14,22,0.2045454545,0.45,0.00625,0.2,0.25,0.02222222222,0.7919756519,1,0,0.25,0,0.1666666667,1,0,0,0,0,0.07777777778,0.08461538462,0,1,0,0.125,0,0.1428571429,0.1428571429,0.1866071429,0.1866071429,0,0,0,0.1666666667,1,0,0.1388775,0.132226,0.058415,0.1048585714,0.058415,0.27858,0.1598913333,0.220165,0.09090909091,0.06666666667
http://username9765.invoice-ads-agency.com/,1,Holdout5_OpenPhish_Fill,2026-04-26T22:32:56+00:00,http://username9765.invoice-ads-agency.com/,200,,urlopen,3,2,0.1954545455,0.4375,0.00625,0.2,0.1666666667,0.09302325581,0.8131494057,0,0,0.2083333333,0,0,1,0,0,0,0,0.01666666667,0.007692307692,0,0,1,0,0,0,0,0,0,0,0,1,0,0,0,0.250425,0.31605,0,0,0.31605,0.31605,0.31605,0,0,0.03333333333
https://username6532.invoice-ads-agency.com/,1,Holdout5_OpenPhish_Fill,2026-04-26T22:32:57+00:00,https://username6532.invoice-ads-agency.com/,200,,urlopen,4,36,0.2,0.4375,0.00625,0.2,0.1666666667,0.09090909091,0.8117378252,1,0,0.2083333333,0,0,1,0,0,0,0,0.02222222222,0.1384615385,0,0,0,0,0,0,0,0,0,0,0,0.7222222222,0.2777777778,0,1,0.0298125,0.037625,0,0,0.037625,0.037625,0.037625,0,0,0.03333333333
https://dhl-app.skydropx.com/es-MX/users/sign_in,1,Holdout5_OpenPhish_Fill,2026-04-26T22:32:57+00:00,https://dhl-app.skydropx.com/es-MX/users/sign_in,200,,urlopen,13,26,0.2181818182,0.25,0.125,0.2,0.1666666667,0,0.8066620627,1,0.3,0.375,0,0,1,0,0,0,0,0.07222222222,0.1,1,0,0.3333333333,0.375,0,0.1666666667,0.6666666667,0.7979166667,0,0,0,0.4285714286,0,0,0,0.1023398438,0.1127764398,0.05236953125,0.1535557292,0.1326903646,0.2933320313,0.1053745117,0.2409625,0.03846153846,0.06666666667
https://netcoins-logiii.webflow.io/,1,Holdout5_OpenPhish_Fill,2026-04-26T22:32:56+00:00,https://netcoins-logiii.webflow.io/,200,,urlopen,8,8,0.1590909091,0.325,0.00625,0.2,0.08333333333,0,0.718989559,1,0,0.1666666667,0,0,1,0,0,0,0,0.04444444444,0.03076923077,0,1,1,0,0,0,0,0,0,0,0,0.5,0.25,0,0,0.210290625,0.2858143319,0,0,0.275903125,0.308203125,0.27258125,0.08475,0,0.1
https://tradhtrwaglet.webflow.io/,1,Holdout5_OpenPhish_Fill,2026-04-26T22:32:56+00:00,https://tradhtrwaglet.webflow.io/,200,,urlopen,8,8,0.15,0.3,0.00625,0.2,0,0,0.7236671651,1,0,0.125,0,0,1,0,0,0,0,0.04444444444,0.03076923077,0,1,1,0,0,0,0,0,0,0,0,0.5,0.25,0,0,0.210290625,0.2858143319,0,0,0.275903125,0.308203125,0.27258125,0.08475,0,0.1
https://dhl-app.skydropx.com/users/sign_in,1,Holdout5_OpenPhish_Fill,2026-04-26T22:32:57+00:00,https://dhl-app.skydropx.com/es-MX/users/sign_in,200,,urlopen,13,26,0.1909090909,0.25,0.0875,0.2,0.08333333333,0,0.7916350272,1,0.2,0.2916666667,0,0,1,0,0,0,0,0.07222222222,0.1,1,0,0.3333333333,0.375,0,0.1666666667,0.6666666667,0.7979166667,0,0,0,0.4285714286,0,0,0,0.1023398438,0.1127764398,0.05236953125,0.1535557292,0.1326903646,0.2933320313,0.1053745117,0.2409625,0.03846153846,0.06666666667
http://kuucoianlogin.webflow.io/,1,Holdout5_OpenPhish_Fill,2026-04-26T22:32:57+00:00,https://kuucoianlogin.webflow.io/,200,,urlopen,10,12,0.1454545455,0.3,0.00625,0.2,0,0,0.7414217329,0,0,0.125,0,0,1,0,0,0,0,0.05555555556,0.04615384615,0.6666666667,0.3333333333,1,0,0,0,0,0,0,0,0,0.3333333333,0.1666666667,0,0,0.15013125,0.2119696646,0,0,0.26603125,0.29833125,0.1942625,0.2409625,0,0.1333333333
https://easybank-landing-page-alpha-seven.vercel.app/,1,Holdout5_OpenPhish_Fill,2026-04-26T22:32:56+00:00,https://easybank-landing-page-alpha-seven.vercel.app/,200,,urlopen,7,40,0.2409090909,0.55,0.00625,0.2,0.3333333333,0,0.7428618238,1,0,0.2916666667,0,0,1,0,0,0,0,0.03888888889,0.1538461538,0.6666666667,0.3333333333,0,0,0,0,0,0,0,0,0,0.05,0.8,0,0.8636363636,0.03875625,0.05456809211,0,0,0.03914375,0.23451875,0.0489125,0.195375,0,0.06666666667
http://ipfs.io/ipfs/bafkreiglcas6juu7h3aqnkeexw47ramujsvoyukagzxbdqnch26nirscvy,1,Holdout5_OpenPhish_Fill,2026-04-26T22:32:57+00:00,https://ipfs.io/ipfs/bafkreiglcas6juu7h3aqnkeexw47ramujsvoyukagzxbdqnch26nirscvy,200,,urlopen,10,11,0.3590909091,0.0875,0.40625,0.1,0,0.08860759494,0.8909796494,0,0.2,0.125,0,0,1,0,0,0,0,0.05555555556,0.04230769231,0,0,1,0.125,0,0.3333333333,0.3333333333,0.3770833333,0,0,0.3333333333,0.6666666667,0.3333333333,0,0,0.1554910714,0.1565557801,0.06120178571,0.1490369048,0.2500642857,0.3021642857,0.1797864796,0.2409625,0.09090909091,0.1
https://www.robiox.com.py/games/3351674303/2X-CASH-Driving-Empire-Car-Racing?privateServerLinkCode=145641185526531734262205680726,1,Holdout5_OpenPhish_Fill,2026-04-26T22:32:58+00:00,https://www.robiox.com.py/games/3351674303/2X-CASH-Driving-Empire-Car-Racing?privateServerLinkCode=145641185526531734262205680726,200,,urlopen,12,283,0.5863636364,0.2125,0.31875,0.3,0.4166666667,0.3178294574,0.9375879853,1,0.3,0.5833333333,0,0,1,0,0,0,0,0.06666666667,1,0,1,0.992481203,0,0,0,0,0,0,0,0,0.9361702128,0.007092198582,0,0.2727272727,0.2445979754,0.3086387472,0,0.1070966549,0.3123856395,0.3149733275,0.3095378403,0.2409625,0,0.1333333333
https://dhl-app.skydropx.com/,1,Holdout5_OpenPhish_Fill,2026-04-26T22:32:58+00:00,https://dhl-app.skydropx.com/es-CO/users/sign_in,200,,urlopen,13,26,0.1318181818,0.25,0.00625,0.2,0.08333333333,0,0.7280662154,1,0,0.1666666667,0,0,1,0,0,0,0,0.07222222222,0.1,1,0,0.3333333333,0.375,0,0.1666666667,0.6666666667,0.7979166667,0,0,0,0.4285714286,0,0,0,0.1023398438,0.1127764398,0.05236953125,0.1535557292,0.1326903646,0.2933320313,0.1053745117,0.2409625,0.03846153846,0.06666666667
http://nimishtiwari6555.github.io/Netflix_clone_project/,1,Holdout5_OpenPhish_Fill,2026-04-26T22:32:57+00:00,https://nimishtiwari6555.github.io/Netflix_clone_project/,200,,urlopen,11,22,0.2545454545,0.325,0.14375,0.2,0,0.07142857143,0.8085424226,0,0.1,0.25,0,0.3333333333,1,0,0,0,0,0.06111111111,0.08461538462,1,0,0,0.25,0,0,0,0.0875,0,0,0,0,0.6666666667,0,0.8823529412,0.05663571429,0.06280265152,0.04355535714,0.04618571429,0.04355535714,0.2488607143,0.05851122449,0.21175,0.04545454545,0.03333333333
https://www.robiox.com.py/games/5605041779/Vibe-Place-ORIGINAL?privateServerLinkCode=657526683957145096720202333557,1,Holdout5_OpenPhish_Fill,2026-04-26T22:32:59+00:00,https://www.robiox.com.py/games/5605041779/Vibe-Place-ORIGINAL?privateServerLinkCode=657526683957145096720202333557,200,,urlopen,12,283,0.5227272727,0.2125,0.23125,0.3,0.1666666667,0.347826087,0.956066166,1,0.3,0.4583333333,0,0,1,0,0,0,0,0.06666666667,1,0,1,0.992481203,0,0,0,0,0,0,0,0,0.9361702128,0.007092198582,0,0.2727272727,0.2445979754,0.3086387472,0,0.1070966549,0.3123856395,0.3149733275,0.3095378403,0.2409625,0,0.1333333333
https://www.bofainfoudapte.oo.gd/document_verify.html,1,Holdout5_OpenPhish_Fill,2026-04-26T22:32:58+00:00,https://www.bofainfoudapte.oo.gd/document_verify.html,200,,urlopen,9,12,0.2409090909,0.3,0.13125,0.4,0,0,0.8047549421,1,0.1,0.2916666667,0.1428571429,0,1,0,0,0,0,0.05,0.04615384615,0,1,1,0.125,0,0,0,0.04375,0,0,0,0,0.75,0,0.8571428571,0.09138214286,0.0754533801,0.04847321429,0.05602142857,0.1331357143,0.2438482143,0.1148244898,0.195375,0,0.1
https://www.robiox.com.py/users/407643183418/profile,1,Holdout5_OpenPhish_Fill,2026-04-26T22:32:58+00:00,https://www.robiox.com.py/users/407643183418/profile,200,,urlopen,12,279,0.2363636364,0.2125,0.16875,0.3,0,0.2307692308,0.826167482,1,0.3,0.2916666667,0,0,1,0,0,0,0,0.06666666667,1,0,1,0.9923664122,0,0,0,0,0,0,0,0,0.9352517986,0.007194244604,0,0.2,0.2445147321,0.3085308926,0,0.1070658929,0.3123307518,0.3149579464,0.3094446996,0.2409625,0,0.1333333333
https://www.robiox.com.py/users/378274270548/profile,1,Holdout5_OpenPhish_Fill,2026-04-26T22:33:00+00:00,https://www.robiox.com.py/users/378274270548/profile,200,,urlopen,12,293,0.2363636364,0.2125,0.16875,0.3,0,0.2307692308,0.826167482,1,0.3,0.2916666667,0,0,1,0,0,0,0,0.06666666667,1,0,1,0.9925373134,0,0,0,0,0,0,0,0,0.8904109589,0.02739726027,0,0.1428571429,0.2414288265,0.3065842842,0,0.1057923469,0.3095815854,0.3143211735,0.3063195318,0.2409625,0,0.1333333333
http://jetbahisadresii.com/,1,Holdout5_OpenPhish_Fill,2026-04-26T22:32:57+00:00,http://jetbahisadresii.com/,200,,urlopen,3,2,0.1227272727,0.2375,0.00625,0.1,0,0,0.7145946131,0,0,0.08333333333,0,0,1,0,0,0,0,0.01666666667,0.007692307692,0,0,1,0,0,0,0,0,0,0,0,1,0,0,0,0.250425,0.31605,0,0,0.31605,0.31605,0.31605,0,0,0.03333333333
https://bafkreie343nh7hxfltqrl4gefghbmgbwtx3f6zxgxdivd4go2uoxebglxa.ipfs.dweb.link/,1,Holdout5_OpenPhish_Fill,2026-04-26T22:33:19+00:00,https://bafkreie343nh7hxfltqrl4gefghbmgbwtx3f6zxgxdivd4go2uoxebglxa.ipfs.dweb.link/,200,,public_dns,8,7,0.3772727273,0.925,0.00625,0.3,0,0.1084337349,0.8576240172,1,0,0.125,0,0,1,0,0,0,0,0.04444444444,0.02692307692,0,0,0,0.125,0,0,0,0.04375,0,0,0,0,1,0,0,0.03796875,0.03952986111,0.04015625,0.0393875,0,0.04015625,0.039515625,0.00076875,0,0.03333333333
https://www.kised.or.kr,0,Holdout6_User_Normal,2026-04-26T22:52:37+00:00,https://www.kised.or.kr,200,,urlopen,7,12,0.1045454545,0.1875,0,0.3,0,0,0.6682383398,1,0,0.1666666667,0,0,1,0,0,0,0,0.03888888889,0.04615384615,0.5,0.5,0,0,0,0,0,0,0,0,0,0.3333333333,0.3333333333,0,0,0.059625,0.07353618421,0,0,0.0426875,0.2380625,0.07525,0.195375,0,0.06666666667
https://www.kised.or.kr/menu.es?mid=a10201000000,0,Holdout6_User_Normal,2026-04-26T22:52:37+00:00,https://www.kised.or.kr/menu.es?mid=a10201000000,200,,urlopen,4,4,0.2181818182,0.1875,0.05,0.4,0,0.2291666667,0.7691615531,1,0.1,0.3333333333,0,0,1,0,0,0,0,0.02222222222,0.01538461538,1,0,0,0,0,0,0,0,0,0,0,0,0.5,0,0,0.0298125,0.037625,0,0,0.037625,0.037625,0.037625,0,0,0.03333333333
https://www.ntis.go.kr,0,Holdout6_User_Normal,2026-04-26T22:52:37+00:00,https://www.ntis.go.kr,200,,urlopen,3,2,0.1,0.175,0,0.3,0,0,0.6598581248,1,0,0.1666666667,0,0,1,0,0,0,0,0.01666666667,0.007692307692,0,0,0,0,0,0,0,0,0,0,0,1,0,0,0,0.0298125,0.037625,0,0,0.037625,0.037625,0.037625,0,0,0.03333333333
https://www.smtech.go.kr,0,Holdout6_User_Normal,2026-04-26T22:52:37+00:00,https://www.smtech.go.kr,200,,urlopen,3,2,0.1090909091,0.2,0,0.3,0,0,0.6801093751,1,0,0.1666666667,0,0,1,0,0,0,0,0.01666666667,0.007692307692,0,0,0,0,0,0,0,0,0,0,0,1,0,0,0,0.0298125,0.037625,0,0,0.037625,0.037625,0.037625,0,0,0.03333333333
https://www.nipa.kr,0,Holdout6_User_Normal,2026-04-26T22:52:37+00:00,https://www.nipa.kr,200,,urlopen,4,6,0.08636363636,0.1375,0,0.2,0,0,0.6502941173,1,0,0.125,0,0,1,0,0,0,0,0.02222222222,0.02307692308,0,0,0,0,0,0,0,0,0,0,0.3333333333,0.6666666667,0,0,0,0.0298125,0.037625,0,0,0.037625,0.037625,0.037625,0,0,0.03333333333
https://www.k-startup.go.kr/web/contents/bizpbanc-ongoing.do,0,Holdout6_User_Normal,2026-04-26T22:52:37+00:00,https://www.k-startup.go.kr/web/contents/bizpbanc-ongoing.do,200,,urlopen,103,325,0.2727272727,0.2375,0.20625,0.4,0.1666666667,0,0.772894513,1,0.3,0.375,0,0,1,0,0,0,0,0.5722222222,1,0.9166666667,0.08333333333,0.08,0.375,0,0,0,0.13125,0,0,0,0.1487603306,0.05785123967,0,0.4385964912,0.04290872525,0.04555714755,0.04038681931,0.03984863861,0.05966381931,0.2813493193,0.05029973379,0.2415006807,0,0.3333333333
https://www.krcert.or.kr/main.do,0,Holdout6_User_Normal,2026-04-26T22:52:37+00:00,https://www.krcert.or.kr/main.do,200,,urlopen,35,321,0.1454545455,0.2,0.05,0.4,0,0,0.7144053267,1,0.1,0.25,0,0,1,0,0,0,0,0.1944444444,1,0.8309859155,0.1690140845,0,0.25,0,0,0,0.0875,0,0,0,0.07692307692,0.01282051282,0,0.106918239,0.05645015337,0.06703521812,0.04219056748,0.04345613497,0.04219056748,0.2375655675,0.07099625974,0.195375,0,0.4333333333
https://www.kopico.go.kr,0,Holdout6_User_Normal,2026-04-26T22:52:37+00:00,https://www.kopico.go.kr,200,,urlopen,3,2,0.1090909091,0.2,0,0.3,0,0,0.6649578599,1,0,0.1666666667,0,0,1,0,0,0,0,0.01666666667,0.007692307692,0,0,0,0,0,0,0,0,0,0,0,1,0,0,0,0.0298125,0.037625,0,0,0.037625,0.037625,0.037625,0,0,0.03333333333
https://www.boho.or.kr/kr/main.do,0,Holdout6_User_Normal,2026-04-26T22:52:37+00:00,https://www.boho.or.kr/kr/main.do,200,,urlopen,35,321,0.15,0.175,0.06875,0.4,0,0,0.6994778564,1,0.2,0.2916666667,0,0,1,0,0,0,0,0.1944444444,1,0.8098591549,0.1901408451,0,0.25,0,0,0,0.0875,0,0,0,0.07692307692,0.01282051282,0,0.106918239,0.05974233129,0.07073859532,0.04274961656,0.04457423313,0.04274961656,0.2381246166,0.07516831646,0.195375,0,0.4333333333
https://www.sbiz.or.kr,0,Holdout6_User_Normal,2026-04-26T22:52:37+00:00,https://www.sbiz24.kr/#/,200,,urlopen,3,4,0.1,0.175,0,0.3,0,0,0.6660968645,1,0,0.1666666667,0,0,1,0,0,1,0.2,0.01666666667,0.01538461538,0,0,0,0,0,0,0,0,0,0,0,1,0,0,0,0.0298125,0.037625,0,0,0.037625,0.037625,0.037625,0,0,0.03333333333
https://www.bizinfo.go.kr,0,Holdout6_User_Normal,2026-04-26T22:52:38+00:00,https://www.bizinfo.go.kr,200,,urlopen,220,444,0.1136363636,0.2125,0,0.3,0,0,0.7169936708,1,0,0.1666666667,0,0,1,0,0,0,0,1,1,0.8301886792,0.1698113208,0,0.125,0,0,0,0.04375,0,0,0,0.2066115702,0.3553719008,0,0.8233333333,0.04089130435,0.04193561736,0.04036063665,0.03979627329,0.04036063665,0.2357356366,0.04547089233,0.1959393634,0,0.2666666667
https://www.kisa.or.kr/401,0,Holdout6_User_Normal,2026-04-26T22:52:37+00:00,https://www.kisa.or.kr/401,200,,urlopen,32,578,0.1181818182,0.175,0.025,0.3,0,0.1153846154,0.6989284627,1,0.1,0.2083333333,0,0,1,0,0,0,0,0.1777777778,1,0.9736842105,0.02631578947,0.0625,0.25,0,0,0,0.0875,0,0,0,0.02482269504,0.03191489362,0,0.05,0.03515471939,0.04372375535,0.03857895408,0.03623290816,0.05363911033,0.2795414541,0.04397054266,0.2433085459,0,0.3
https://www.kistep.re.kr,0,Holdout6_User_Normal,2026-04-26T22:52:38+00:00,https://www.kistep.re.kr,200,,urlopen,22,808,0.1090909091,0.2,0,0.3,0,0,0.6346548296,1,0,0.1666666667,0,0,1,0,0,0,0,0.1222222222,1,0.9578947368,0.04210526316,0.008620689655,0.25,0,0,0,0.0875,0,0,0.002493765586,0.01995012469,0.2668329177,0,0.05,0.03604416667,0.04762239189,0.03869,0.036455,0.04205853448,0.42944,0.04543266667,0.392985,0.002475247525,0.2666666667
https://www.kiat.or.kr,0,Holdout6_User_Normal,2026-04-26T22:52:38+00:00,https://www.kiat.or.kr/front/user/main.do,200,,urlopen,76,222,0.1,0.175,0,0.3,0,0,0.6433291992,1,0,0.1666666667,0,0,1,0,0,0,0,0.4222222222,0.8538461538,0.08,0.92,0,0.125,0,0,0,0.04375,0,0,0,0.2777777778,0.2592592593,0,0.6183206107,0.1029753319,0.1187684394,0.05009756637,0.05927013274,0.05009756637,0.2454725664,0.1299554448,0.195375,0,1
https://www.nrf.re.kr,0,Holdout6_User_Normal,2026-04-26T22:52:38+00:00,https://www.nrf.re.kr,200,,urlopen,6,99,0.09545454545,0.1625,0,0.3,0,0,0.6404675617,1,0,0.1666666667,0,0,1,0,0,0,0,0.03333333333,0.3807692308,1,0,0,0,0,0,0,0,0,0,0,0.4285714286,0.2857142857,0,0.9533333333,0.03000825,0.03748668994,0,0.0344465,0.03768575,0.03768575,0.037620965,0.00323925,0,0.03333333333
https://www.bizinfo.go.kr/web/index.do,0,Holdout6_User_Normal,2026-04-26T22:52:38+00:00,https://www.bizinfo.go.kr/web/index.do,200,,urlopen,220,444,0.1727272727,0.2125,0.08125,0.4,0,0,0.7459878972,1,0.2,0.2916666667,0,0,1,0,0,0,0,1,1,0.8301886792,0.1698113208,0,0.125,0,0,0,0.04375,0,0,0,0.2066115702,0.3553719008,0,0.8233333333,0.04089130435,0.04193561736,0.04036063665,0.03979627329,0.04036063665,0.2357356366,0.04547089233,0.1959393634,0,0.2666666667
https://www.keit.re.kr,0,Holdout6_User_Normal,2026-04-26T22:52:38+00:00,https://www.keit.re.kr,200,,urlopen,72,611,0.1,0.175,0,0.3,0,0,0.6268002736,1,0,0.1666666667,0,0,1,0,0,0,0,0.4,1,0.8067226891,0.1932773109,0.015625,0,0,0,0,0,0,0,0.003311258278,0.03642384106,0.1721854305,0,0.09160305344,0.05782063107,0.07462577721,0,0.04389951456,0.04851772603,0.4331622573,0.07279546376,0.39075,0.003273322422,1
https://www.history.go.kr,0,Holdout6_User_Normal,2026-04-26T22:52:37+00:00,https://www.history.go.kr,200,,urlopen,81,379,0.1136363636,0.2125,0,0.3,0,0,0.6678672163,1,0,0.1666666667,0,0,1,0,0,0,0,0.45,1,0.7698412698,0.2301587302,0,0.125,0,0,0,0.04375,0,0,0,0.0395480226,0.2485875706,0,0.1655629139,0.05674029851,0.06567192709,0.04235503731,0.04378507463,0.04235503731,0.2377300373,0.07070710626,0.195375,0,0.9
https://www.gokams.or.kr,0,Holdout6_User_Normal,2026-04-26T22:52:37+00:00,https://www.gokams.or.kr:443/main/main.aspx,200,,urlopen,39,549,0.1090909091,0.2,0,0.3,0,0,0.6706767046,1,0,0.1666666667,0,0,1,0,0,0,0,0.2166666667,1,0.9074074074,0.09259259259,0.0350877193,0.125,0,0,0,0.04375,0,0,0,0.01098901099,0.1978021978,0,0.05263157895,0.04394127273,0.05702525691,0.04002922727,0.03913345455,0.04574194657,0.2809917273,0.05541915174,0.2418582727,0,0.5666666667
https://www.lotteconcerthall.com,0,Holdout6_User_Normal,2026-04-26T22:52:37+00:00,https://www.lotteconcerthall.com,200,,urlopen,3,2,0.1454545455,0.3,0,0.2,0,0,0.6896068723,1,0,0.125,0,0,1,0,0,0,0,0.01666666667,0.007692307692,0,0,1,0,0,0,0,0,0,0,0,1,0,0,0,0.250425,0.31605,0,0,0.31605,0.31605,0.31605,0,0,0.03333333333
https://www.kcdf.or.kr,0,Holdout6_User_Normal,2026-04-26T22:52:37+00:00,https://www.kcdf.or.kr/main,200,,urlopen,19,703,0.1,0.175,0,0.3,0,0,0.6660968645,1,0,0.1666666667,0,0,1,0,0,0,0,0.1055555556,1,0.9725085911,0.02749140893,0.01724137931,0.125,0,0,0,0.04375,0,0,0,0.01719197708,0.1489971347,0,0.03,0.03457446884,0.04410726757,0.03844532578,0.03596565156,0.04259985164,0.2794078258,0.04353462741,0.2434421742,0,0.2
https://www.sejongpac.or.kr,0,Holdout6_User_Normal,2026-04-26T22:52:37+00:00,https://www.sejongpac.or.kr/portal/main/main.do,200,,urlopen,31,601,0.1227272727,0.2375,0,0.3,0,0,0.7196780307,1,0,0.1666666667,0,0,1,0,0,0,0,0.1722222222,1,0.970212766,0.02978723404,0.06451612903,0,0,0,0,0,0,0,0.003367003367,0.05723905724,0.1481481481,0,0.2166666667,0.03711648849,0.04916410692,0,0.03684292763,0.0552430364,0.4179902138,0.04667212252,0.3811472862,0.004991680532,0.3333333333
https://www.ketep.re.kr,0,Holdout6_User_Normal,2026-04-26T22:52:38+00:00,https://www.ketep.re.kr,200,,urlopen,56,323,0.1045454545,0.1875,0,0.3,0,0,0.6088725295,1,0,0.1666666667,0,0,1,0,0,0,0,0.3111111111,1,0.7446808511,0.2553191489,0.04761904762,0.125,0,0,0,0.04375,0,0,0.006369426752,0.05732484076,0.3375796178,0,0.1376146789,0.05945795455,0.07732573102,0.04269977273,0.04447454545,0.05243985209,0.4334497727,0.07484264187,0.39075,0.006191950464,0.7333333333
https://www.mcst.go.kr/kor/s_policy/dept/deptList.jsp,0,Holdout6_User_Normal,2026-04-26T22:52:39+00:00,https://www.mcst.go.kr/site/s_policy/dept/deptList.jsp,200,,public_dns,69,605,0.2409090909,0.175,0.19375,0.4,0,0,0.7541378323,1,0.4,0.375,0,0,1,0,0,0,0,0.3833333333,1,0.9042145594,0.09578544061,0.0625,0.625,0,0.0487804878,0.07317073171,0.2919207317,0,0,0.003610108303,0.04332129964,0.01083032491,0,0.13,0.04862786378,0.05814541234,0.04108568111,0.05386282564,0.06550755611,0.4318356811,0.0590392041,0.39075,0.006611570248,0.4
https://www.kleague.com,0,Holdout6_User_Normal,2026-04-26T22:52:37+00:00,https://www.kleague.com/index.do,200,,urlopen,109,525,0.1045454545,0.1875,0,0.2,0,0,0.72163666,1,0,0.125,0,0,1,0,0,0,0,0.6055555556,1,0.6994219653,0.3005780347,0.202247191,0,0,0,0,0,0,0,0.003816793893,0.04198473282,0.2938931298,0,0.02259887006,0.07494039924,0.1050783296,0,0.04963184411,0.07701704565,0.4243846721,0.09466469932,0.37910625,0.005714285714,1
https://www.kspo.or.kr,0,Holdout6_User_Normal,2026-04-26T22:52:38+00:00,https://www.kspo.or.kr/kspo/main/main.do,200,,urlopen,52,768,0.1,0.175,0,0.3,0,0,0.6165100877,1,0,0.1666666667,0,0,1,0,0,0,0,0.2888888889,1,0.966442953,0.03355704698,0.09090909091,0.125,0,0,0,0.04375,0,0,0,0.04120879121,0.1401098901,0,0.006666666667,0.03632800868,0.04276388475,0.03886110422,0.03679720844,0.04655769513,0.2342361042,0.04477499246,0.1974388958,0,0.1666666667
https://www.pipc.go.kr,0,Holdout6_User_Normal,2026-04-26T22:52:40+00:00,https://www.pipc.go.kr/np/,200,,requests,55,535,0.1,0.175,0,0.3,0,0,0.6598581248,1,0,0.1666666667,0,0,1,0,0,0,0,0.3055555556,1,0.7892376682,0.2107623318,0.02380952381,0.25,0,0,0,0.0875,0,0,0,0.05283018868,0.1056603774,0,0.06302521008,0.06150811567,0.0769142797,0.04301240672,0.04509981343,0.04502818053,0.2383874067,0.07759962652,0.195375,0,0.8333333333
https://www.copyright.or.kr,0,Holdout6_User_Normal,2026-04-26T22:52:39+00:00,https://www.copyright.or.kr/main.do,200,,urlopen,50,774,0.1227272727,0.2375,0,0.3,0,0,0.6825751687,1,0,0.1666666667,0,0,1,0,0,0,0,0.2777777778,1,0.9793103448,0.02068965517,0.02597402597,0.375,0,0,0,0.13125,0,0,0,0.05722070845,0.1525885559,0,0.03333333333,0.03403069307,0.04112658497,0.03845705446,0.03598910891,0.04268595056,0.2794195545,0.04195696745,0.2434304455,0,0.2
https://www.mmca.go.kr,0,Holdout6_User_Normal,2026-04-26T22:52:39+00:00,https://www.mmca.go.kr/,200,,requests,117,329,0.1,0.175,0,0.3,0,0,0.6826257901,1,0,0.1666666667,0,0,1,0,0,0,0,0.65,1,0.7808219178,0.2191780822,0.08888888889,0.5,0,0,0.03529411765,0.2102941176,0,0,0,0.09322033898,0.2881355932,0,0.5,0.05388369565,0.05623492761,0.04236956522,0.04776442455,0.06031512077,0.2833320652,0.06358750263,0.2409625,0,0.4666666667
https://www.kfa.or.kr,0,Holdout6_User_Normal,2026-04-26T22:52:37+00:00,https://www.kfa.or.kr,200,,urlopen,47,238,0.09545454545,0.1625,0,0.3,0,0,0.6470033842,1,0,0.1666666667,0,0,1,0,0,0,0,0.2611111111,0.9153846154,0.4489795918,0.5510204082,0.05797101449,0,0,0,0,0,0,0,0,0.1016949153,0.4830508475,0,0.7336956522,0.07757625,0.1117395688,0,0.0505925,0.05972759058,0.28672125,0.09783077083,0.2409625,0,0.7
https://www.iris.go.kr,0,Holdout6_User_Normal,2026-04-26T22:52:39+00:00,https://www.iris.go.kr/main.do,200,,urlopen,58,189,0.1,0.175,0,0.3,0,0,0.6495679389,1,0,0.1666666667,0,0,1,0,0,0,0,0.3222222222,0.7269230769,0.8043478261,0.1956521739,0,0.25,0,0,0,0.0875,0,0,0,0.2162162162,0.1891891892,0,0.2698412698,0.04730086957,0.04886870989,0,0.04124521739,0.0410851087,0.2364601087,0.05643240832,0.195375,0,0.2333333333
https://www.korean.go.kr,0,Holdout6_User_Normal,2026-04-26T22:52:40+00:00,https://www.korean.go.kr,200,,urlopen,57,591,0.1090909091,0.2,0,0.3,0,0,0.6858282198,1,0,0.1666666667,0,0,1,0,0,0,0,0.3166666667,1,0.9173553719,0.0826446281,0.05128205128,0.25,0,0,0,0.0875,0,0,0,0.03202846975,0.1067615658,0,0.03585657371,0.04367330097,0.05243722461,0.04009890777,0.03927281553,0.05245595905,0.2810614078,0.05423198385,0.2417885922,0,0.4333333333
https://www.sac.or.kr,0,Holdout6_User_Normal,2026-04-26T22:52:38+00:00,https://www.sac.or.kr/site/main/home,200,,urlopen,37,477,0.09545454545,0.1625,0,0.3,0,0,0.6470033842,1,0,0.1666666667,0,0,1,0,0,0,0,0.2055555556,1,0.9534883721,0.04651162791,0.06557377049,0.125,0,0,0,0.04375,0,0,0,0.1287553648,0.1330472103,0,0.08021390374,0.03969537037,0.05070457625,0.03935416667,0.03778333333,0.05515498634,0.2803166667,0.04969454733,0.2425333333,0,0.4
https://www.sports.or.kr,0,Holdout6_User_Normal,2026-04-26T22:52:38+00:00,http://www.sports.or.kr/sports/main/main.do,200,,urlopen,3,2,0.1090909091,0.2,0,0.3,0,0,0.608065625,1,0,0.1666666667,0,0,1,0,0,0,0,0.01666666667,0.007692307692,0,0,1,0,0,0,0,0,0,0,0,1,0,0,0,0.250425,0.31605,0,0,0.31605,0.31605,0.31605,0,0,0.03333333333
https://www.kocca.kr,0,Holdout6_User_Normal,2026-04-26T22:52:38+00:00,https://www.kocca.kr/kocca/main.do,200,,urlopen,23,619,0.09090909091,0.15,0,0.2,0,0,0.6516697672,1,0,0.125,0,0,1,0,0,0,0,0.1277777778,1,0.9715302491,0.02846975089,0.09090909091,0.375,0,0,0,0.13125,0,0,0,0.0297029703,0.04290429043,0,0.06333333333,0.0360129393,0.0454874991,0.03870866613,0.03649233227,0.06061434795,0.2796711661,0.04519240627,0.2431788339,0,0.2
https://www.koreanculture.org,0,Holdout6_User_Normal,2026-04-26T22:52:39+00:00,https://www.koreanculture.org,200,,urlopen,43,231,0.1318181818,0.2625,0,0.2,0,0,0.7311397263,1,0,0.125,0,0,1,0,0,0,0,0.2388888889,0.8884615385,0.5901639344,0.4098360656,1,0.125,0,0,0,0.04375,0,0,0,0.149122807,0.3157894737,0,0.1029411765,0.1248342672,0.1691070328,0.05377262931,0.06662025862,0.1885690916,0.2947351293,0.1575781046,0.2409625,0,0.6666666667
https://www.museum.go.kr,0,Holdout6_User_Normal,2026-04-26T22:52:40+00:00,https://www.museum.go.kr/MUSEUM/main/index.do,200,,urlopen,38,620,0.1090909091,0.2,0,0.3,0,0,0.6858282198,1,0,0.1666666667,0,0,1,0,0,0,0,0.2111111111,1,0.9029126214,0.09708737864,0.01,0.25,0,0,0,0.0875,0,0,0,0.114379085,0.2124183007,0,0.1120689655,0.04211141827,0.05314934993,0.03973112981,0.03853725962,0.04214075481,0.2806936298,0.05301217795,0.2421563702,0,0.5
https://www.koreahockey.co.kr,0,Holdout6_User_Normal,2026-04-26T22:52:38+00:00,https://www.koreahockey.co.kr,200,,urlopen,41,409,0.1318181818,0.2625,0,0.3,0,0,0.6887893345,1,0,0.1666666667,0,0,1,0,0,0,0,0.2277777778,1,0.8273809524,0.1726190476,0.1764705882,0.125,0,0,0,0.04375,0,0,0,0.07920792079,0.08910891089,0,0.005917159763,0.06156207524,0.08004511804,0.04303646845,0.04514793689,0.08555926256,0.2839989684,0.0775897908,0.2409625,0,0.5666666667
https://www.kovo.co.kr,0,Holdout6_User_Normal,2026-04-26T22:52:38+00:00,https://kovo.co.kr/,200,,urlopen,3,2,0.1,0.175,0,0.3,0,0,0.6433291992,1,0,0.1666666667,0,0,1,0,0,0,0,0.01666666667,0.007692307692,0,0,0,0,0,0,0,0,0,0,0,1,0,0,0,0.0298125,0.037625,0,0,0.037625,0.037625,0.037625,0,0,0.03333333333
https://www.koreabaseball.com,0,Holdout6_User_Normal,2026-04-26T22:52:38+00:00,https://www.koreabaseball.com,200,,urlopen,3,22,0.1318181818,0.2625,0,0.2,0,0,0.7233333784,1,0,0.125,0,0,1,0,0,0,0,0.01666666667,0.08461538462,0,0,1,0,0,0,0,0,0,0,0,1,0,0,0,0.250425,0.31605,0,0,0.31605,0.31605,0.31605,0,0,0.03333333333
https://www.koreabasketball.or.kr,0,Holdout6_User_Normal,2026-04-26T22:52:38+00:00,https://www.koreabasketball.or.kr/main/,200,,urlopen,51,246,0.15,0.3125,0,0.3,0,0,0.693860501,1,0,0.1666666667,0,0,1,0,0,0,0,0.2833333333,0.9461538462,0.7126436782,0.2873563218,0.02777777778,0,0,0,0,0,0,0,0,0.0487804878,0.243902439,0,0.03333333333,0.06796280488,0.09129959622,0,0,0.05079675644,0.2850658537,0.08577276423,0.2409625,0,0.8
https://www.koreataekwondo.co.kr,0,Holdout6_User_Normal,2026-04-26T22:52:39+00:00,https://www.koreataekwondo.co.kr,200,,urlopen,22,748,0.1454545455,0.3,0,0.3,0,0,0.6916780539,1,0,0.1666666667,0,0,1,0,0,0,0,0.1222222222,1,0.9632107023,0.03678929766,0.04109589041,0.125,0,0,0,0.04375,0,0,0,0.02150537634,0.1747311828,0,0.003333333333,0.0368766,0.04820118372,0.0388319,0.0367388,0.04873446849,0.2797944,0.0464794368,0.2430556,0,0.2666666667
https://www.koreahandball.com,0,Holdout6_User_Normal,2026-04-26T22:52:38+00:00,https://www.koreahandball.com,200,,urlopen,68,404,0.1318181818,0.2625,0,0.2,0,0,0.7484117483,1,0,0.125,0,0,1,0,0,0,0,0.3777777778,1,0.6293103448,0.3706896552,0.02409638554,0.125,0,0,0,0.04375,0,0,0,0.04522613065,0.3718592965,0,0.2516129032,0.06987132353,0.09399641733,0.04445441176,0.04798382353,0.05026073707,0.2854169118,0.08806797866,0.2409625,0,1
https://www.nintendo.co.kr,0,Holdout6_User_Normal,2026-04-26T22:52:38+00:00,https://www.nintendo.com/kr/,200,,urlopen,15,60,0.1181818182,0.225,0,0.3,0,0,0.6936495291,1,0,0.1666666667,0,0,1,0,0,1,0.2,0.08333333333,0.2307692308,0.8,0.2,0.3333333333,0,0,0,0,0,0,0,0.03333333333,0.4,0.06666666667,0,0.0625,0.08585625,0.12247875,0,0,0.1345141667,0.42597875,0.1102308333,0.37910625,0.05,0.1666666667
https://www.playstation.com/ko-kr,0,Holdout6_User_Normal,2026-04-26T22:52:38+00:00,https://www.playstation.com/ko-kr/,200,,urlopen,37,542,0.15,0.2375,0.0375,0.2,0.08333333333,0,0.7393958316,1,0.1,0.2083333333,0,0,1,0,0,0,0,0.2055555556,1,0.8872180451,0.1127819549,0.02222222222,0,0,0,0,0,0,0,0.003731343284,0.07835820896,0.421641791,0,0.02205882353,0.04273521898,0.05867303093,0,0.03877408759,0.04631380305,0.4305995438,0.05370665059,0.3918254562,0.0036900369,0.4666666667
https://www.blizzard.com/ko-kr,0,Holdout6_User_Normal,2026-04-26T22:52:38+00:00,https://www.blizzard.com/ko-kr,200,,urlopen,12,154,0.1363636364,0.2,0.0375,0.2,0.08333333333,0,0.7617996537,1,0.1,0.2083333333,0,0,1,0,0,0,0,0.06666666667,0.5923076923,0.8,0.2,0.7142857143,0,0,0,0,0,0,0,0.01298701299,0.07792207792,0,0,0,0.07844172078,0.1103499639,0,0,0.2393970779,0.4366327922,0.09899772727,0.39075,0.01298701299,0.1666666667
https://www.riotgames.com/ko,0,Holdout6_User_Normal,2026-04-26T22:52:38+00:00,https://www.riotgames.com/ko,200,,urlopen,39,232,0.1272727273,0.2125,0.01875,0.2,0,0,0.7115999208,1,0.1,0.1666666667,0,0,1,0,0,0,0,0.2166666667,0.8923076923,0.4821428571,0.5178571429,0.06666666667,0,0,0,0,0,0,0,0.008620689655,0.04310344828,0.4655172414,0,0.05084745763,0.08332079741,0.1303443076,0,0,0.06527193966,0.4374613147,0.1051553879,0.39075,0.008620689655,0.6
https://www.leagueoflegends.com/ko-kr,0,Holdout6_User_Normal,2026-04-26T22:52:39+00:00,https://www.leagueoflegends.com/ko-kr/,200,,urlopen,10,48,0.1681818182,0.2875,0.0375,0.2,0.08333333333,0,0.7787966193,1,0.1,0.2083333333,0,0,1,0,0,0,0,0.05555555556,0.1846153846,0.9,0.1,0.1428571429,0,0,0,0,0,0,0,0.04166666667,0.5416666667,0.7916666667,0,0.09090909091,0.0613640625,0.08904683689,0,0,0.08810513393,0.4337328125,0.07744479167,0.39075,0.04166666667,0.1333333333
https://www.xbox.com/ko-KR,0,Holdout6_User_Normal,2026-04-26T22:52:39+00:00,https://www.xbox.com/ko-KR,200,,urlopen,30,350,0.1181818182,0.15,0.0375,0.2,0.08333333333,0,0.7129144767,1,0.1,0.2083333333,0,0,1,0,0,0,0,0.1666666667,1,0.5426356589,0.4573643411,0.652173913,0,0,0,0,0,0,0,0,0.1142857143,0.1485714286,0,0.02272727273,0.1089398571,0.1368887272,0,0,0.1224731518,0.2916400714,0.1401628571,0.2409625,0,0.4333333333
https://www.netmarble.com,0,Holdout6_User_Normal,2026-04-26T22:52:38+00:00,https://www.netmarble.com,200,,urlopen,3,4,0.1136363636,0.2125,0,0.2,0,0,0.7169936708,1,0,0.125,0,0,1,0,0,0,0,0.01666666667,0.01538461538,0,0,0,0,0,0,0,0,0,0,0,1,0,0,0,0.0298125,0.037625,0,0,0.037625,0.037625,0.037625,0,0,0.03333333333
https://tinyurl.com/krseccurichekup?checkupinfobusiness/4621,1,Holdout6_Nurilab_Page35,2026-04-26T22:52:39+00:00,https://www-krseccurichekup9926.info/very?checkupinfobusiness/4621,200,,urlopen,9,32,0.2727272727,0.1375,0.1,0.1,0,0.06666666667,0.7913789538,1,0.1,0.2083333333,0,0,1,0,0,1,0.2,0.05,0.1230769231,1,0,0.4,0,0,0,0,0,0,0,0,0.875,0.0625,0,0,0.1125421875,0.1487053167,0,0,0.1480584375,0.2926359375,0.142034375,0.2409625,0,0.1
https://roblox.com.ge/users/6997479455/profile,1,Holdout6_Nurilab_Page34,2026-04-26T22:52:42+00:00,https://roblox.com.ge/users/6997479455/profile,200,,urlopen,11,277,0.2090909091,0.1625,0.15625,0.2,0,0.2173913043,0.7962634763,1,0.3,0.25,0,0,1,0,0,0,0,0.06111111111,1,0.7777777778,0.2222222222,0.9534883721,0,0,0,0,0,0,0,0,0.9130434783,0.02173913043,0,0.1818181818,0.2252128597,0.2886595818,0,0.1004944245,0.2981745378,0.3110746712,0.2851188648,0.240364959,0,0.1
https://roblox.com.ge/games/109983668079237/Steal-a-Brainrot?privateServerLinkCode=94327707745825233254459527039837,1,Holdout6_Nurilab_Page34,2026-04-26T22:52:43+00:00,https://roblox.com.ge/games/109983668079237/Steal-a-Brainrot?privateServerLinkCode=94327707745825233254459527039837,200,,urlopen,11,260,0.5227272727,0.1625,0.24375,0.2,0.1666666667,0.4086956522,0.8989659637,1,0.3,0.375,0,0,1,0,0,0,0,0.06111111111,1,1,0,0.9666666667,0,0,0,0,0,0,0,0,0.9224806202,0.007751937984,0,0.3076923077,0.224406584,0.2865214648,0,0.1003925573,0.3027816953,0.3116212786,0.2837444088,0.2409625,0,0.1
https://sollana-bit.com/web/,1,Holdout6_Nurilab_Page32,2026-04-26T22:52:39+00:00,https://sollana-bit.com/web/,200,,urlopen,12,85,0.1272727273,0.1875,0.03125,0.1,0.08333333333,0,0.7263055215,1,0.1,0.1666666667,0,0,1,0,0,0,0,0.06666666667,0.3269230769,0.9545454545,0.04545454545,0.1,0,0,0,0,0,0,0,0,0.1666666667,0.3095238095,0,0.5849056604,0.04446104651,0.06286055465,0,0.03936395349,0.06424072674,0.2811069767,0.05587748783,0.2417430233,0,0.1333333333
https://www.kkinstagram.com/p/DQpBe6EDd8L/,1,Holdout6_Nurilab_Page33,2026-04-26T22:53:04+00:00,https://kkclip.com/open/ig/3758541885993246475/DQpBe6EDd8L,200,,public_dns,5,4,0.1909090909,0.2375,0.09375,0.2,0,0.04761904762,0.816463328,1,0.2,0.1666666667,0,0,1,0,0,1,0.2,0.02777777778,0.01538461538,0,0,1,0,0,0,0,0,0,0,0,0.5,0.5,0,0,0.178875,0.2678307692,0,0,0.22575,0.3039,0.22575,0.1563,0,0.06666666667
http://www.bofainfoudapte.oo.gd/,1,Holdout6_OpenPhish,2026-04-26T22:52:39+00:00,http://www.bofainfoudapte.oo.gd/,200,,urlopen,1,0,0.1454545455,0.3,0.00625,0.3,0,0,0.7101161931,0,0,0.1666666667,0,0,0,0,0,0,0,0.005555555556,0,0,0,0,0,0,0,0,0,0,0,0,0,0,0,0,0,0,0,0,0,0,0,0,0,0
http://bofainfoudapte.oo.gd/,1,Holdout6_OpenPhish,2026-04-26T22:52:39+00:00,http://bofainfoudapte.oo.gd/,200,,urlopen,1,0,0.1272727273,0.25,0.00625,0.2,0,0,0.6954296287,0,0,0.125,0,0,0,0,0,0,0,0.005555555556,0,0,0,0,0,0,0,0,0,0,0,0,0,0,0,0,0,0,0,0,0,0,0,0,0,0
https://ipfs.io/ipfs/bafkreidqi3tmjeakpbpyroz4mqyildgpnoj57eaful554p3onhpbvgeg3i,1,Holdout6_OpenPhish,2026-04-26T22:52:38+00:00,https://ipfs.io/ipfs/bafkreidqi3tmjeakpbpyroz4mqyildgpnoj57eaful554p3onhpbvgeg3i,200,,urlopen,10,11,0.3636363636,0.0875,0.40625,0.1,0,0.1125,0.8518603423,1,0.2,0.125,0,0,1,0,0,0,0,0.05555555556,0.04230769231,0,0,1,0.125,0,0.3333333333,0.3333333333,0.3770833333,0,0,0.3333333333,0.6666666667,0.3333333333,0,0,0.1554910714,0.1565557801,0.06120178571,0.1490369048,0.2500642857,0.3021642857,0.1797864796,0.2409625,0.09090909091,0.1
https://fnxx.info/t9597e15921b1c442cdb86b9a4enda28ceca.html,1,Holdout6_OpenPhish,2026-04-26T22:52:40+00:00,https://fnxx.info/t9597e15921b1c442cdb86b9a4enda28ceca.html,200,,urlopen,10,28,0.2681818182,0.1125,0.2625,0.2,0,0.3220338983,0.8352444989,1,0.1,0.125,0,0,1,0,0,0,0,0.05555555556,0.1076923077,1,0,1,0,0,0.5,0.5,0.5,0,0,0,0.2307692308,0.07692307692,0,0,0.1041375,0.1459332061,0,0.1622575,0.26766,0.291885,0.1235638333,0.2409625,0.03571428571,0.1
https://notifyhubss.net/zca84ba10rfb8241670aeda83d6sd8f9daad.html,1,Holdout6_OpenPhish,2026-04-26T22:52:40+00:00,https://notifyhubss.net/zca84ba10rfb8241670aeda83d6sd8f9daad.html,200,,urlopen,11,65,0.2954545455,0.1875,0.2625,0.2,0,0.2461538462,0.84952532,1,0.1,0.125,0,0,1,0,0,0,0,0.06111111111,0.25,1,0,1,0,0,0.3333333333,0.3333333333,0.3333333333,0,0,0,0.09677419355,0.06451612903,0,0,0.06588529412,0.09273870839,0,0.1145693627,0.2461705147,0.2849305147,0.07993320718,0.2409625,0.01538461538,0.1
https://notifyhubss.net/zff0d3b29r9288424809bf34e84s1c5a4fa2.html,1,Holdout6_OpenPhish,2026-04-26T22:52:40+00:00,https://notifyhubss.net/zff0d3b29r9288424809bf34e84s1c5a4fa2.html,200,,urlopen,11,65,0.2954545455,0.1875,0.2625,0.2,0,0.3384615385,0.8436515704,1,0.1,0.125,0,0,1,0,0,0,0,0.06111111111,0.25,1,0,1,0,0,0.3333333333,0.3333333333,0.3333333333,0,0,0,0.09677419355,0.06451612903,0,0,0.06588529412,0.09273870839,0,0.1145693627,0.2461705147,0.2849305147,0.07993320718,0.2409625,0.01538461538,0.1
https://fnxx.info/382cc723336bea4dafia7cd19a9u4b59051a.html,1,Holdout6_OpenPhish,2026-04-26T22:52:40+00:00,https://fnxx.info/382cc723336bea4dafia7cd19a9u4b59051a.html,200,,urlopen,11,65,0.2681818182,0.1125,0.2625,0.2,0,0.3389830508,0.8619163696,1,0.1,0.125,0,0,1,0,0,0,0,0.06111111111,0.25,1,0,1,0,0,0.3333333333,0.3333333333,0.3333333333,0,0,0,0.09677419355,0.06451612903,0,0,0.06588529412,0.09273870839,0,0.1145693627,0.2461705147,0.2849305147,0.07993320718,0.2409625,0.01538461538,0.1
https://fnxx.info/311ec6f3e3d0314fe7i84b31fe5u345727b9.html,1,Holdout6_OpenPhish,2026-04-26T22:52:40+00:00,https://fnxx.info/311ec6f3e3d0314fe7i84b31fe5u345727b9.html,200,,urlopen,11,65,0.2681818182,0.1125,0.2625,0.2,0,0.3898305085,0.8349367471,1,0.1,0.125,0,0,1,0,0,0,0,0.06111111111,0.25,1,0,1,0,0,0.3333333333,0.3333333333,0.3333333333,0,0,0,0.09677419355,0.06451612903,0,0,0.06588529412,0.09273870839,0,0.1145693627,0.2461705147,0.2849305147,0.07993320718,0.2409625,0.01538461538,0.1
https://ptshopee-777.blogspot.com/,1,Holdout6_OpenPhish,2026-04-26T22:52:40+00:00,https://ptshopee-777.blogspot.com/,200,,urlopen,8,94,0.1545454545,0.3125,0.00625,0.2,0.08333333333,0.08823529412,0.6882838187,1,0,0.1666666667,0,0,1,0,0,0,0,0.04444444444,0.3615384615,0.05,0.95,1,0,0,0,0,0,0,0,0.04255319149,0,0.5957446809,0,0,0.1677327128,0.250348968,0,0,0.2126667752,0.4502406915,0.2225132979,0.39075,0.04255319149,0.1
http://www.robiox.com.py/users/238346652384/profile/,1,Holdout6_OpenPhish,2026-04-26T22:52:42+00:00,https://www.robiox.com.py/users/238346652384/profile,200,,urlopen,12,285,0.2363636364,0.2125,0.175,0.3,0,0.2307692308,0.8151701148,0,0.3,0.2916666667,0,0,1,0,0,0,0,0.06666666667,1,0,1,0.992481203,0,0,0,0,0,0,0,0,0.9154929577,0.02112676056,0,0.1818181818,0.2427348776,0.307434689,0,0.1063328671,0.3105460106,0.3145914336,0.3076384016,0.2409625,0,0.1333333333
https://www.roblox.com.ml/users/227519237022/profile,1,Holdout6_OpenPhish,2026-04-26T22:53:04+00:00,https://www.roblox.com.ml/users/227519237022/profile,200,,public_dns,12,285,0.2363636364,0.2125,0.16875,0.3,0,0.2307692308,0.8091928213,1,0.3,0.2916666667,0,0,1,0,0,0,0,0.06666666667,1,0,1,0.992481203,0,0,0,0,0,0,0,0,0.9154929577,0.02112676056,0,0.1818181818,0.2427348776,0.307434689,0,0.1063328671,0.3105460106,0.3145914336,0.3076384016,0.2409625,0,0.1333333333
https://www.roblox.com.ml/users/267752283438/profile,1,Holdout6_OpenPhish,2026-04-26T22:53:04+00:00,https://www.roblox.com.ml/users/267752283438/profile,200,,public_dns,12,293,0.2363636364,0.2125,0.16875,0.3,0,0.2307692308,0.819174475,1,0.3,0.2916666667,0,0,1,0,0,0,0,0.06666666667,1,0,1,0.9925373134,0,0,0,0,0,0,0,0,0.8904109589,0.02739726027,0,0.1428571429,0.2414288265,0.3065842842,0,0.1057923469,0.3095815854,0.3143211735,0.3063195318,0.2409625,0,0.1333333333
https://www.roblox.com.ml/games/14212442245/Combatants?privateServerLinkCode=131878892852742893675685809733,1,Holdout6_OpenPhish,2026-04-26T22:53:03+00:00,https://www.roblox.com.ml/games/14212442245/Combatants?privateServerLinkCode=131878892852742893675685809733,200,,public_dns,12,283,0.4863636364,0.2125,0.18125,0.3,0,0.3831775701,0.9056350828,1,0.3,0.375,0,0,1,0,0,0,0,0.06666666667,1,0,1,0.992481203,0,0,0,0,0,0,0,0,0.9361702128,0.007092198582,0,0.2727272727,0.2445979754,0.3086387472,0,0.1070966549,0.3123856395,0.3149733275,0.3095378403,0.2409625,0,0.1333333333
https://s4w.in/roblox-com-pt-users-1251235112-profile,1,Holdout6_OpenPhish,2026-04-26T22:53:06+00:00,https://www.roblox.com.ml/users/267752283438/profile,200,,public_dns,12,293,0.2409090909,0.075,0.24375,0.1,0.4166666667,0.2075471698,0.8102768649,1,0.1,0.3333333333,0,0,1,0,0,1,0.2,0.06666666667,1,0,1,0.9925373134,0,0,0,0,0,0,0,0,0.8904109589,0.02739726027,0,0.1428571429,0.2414288265,0.3065842842,0,0.1057923469,0.3095815854,0.3143211735,0.3063195318,0.2409625,0,0.1333333333
https://casaslotes07.vercel.app/,1,Holdout6_PhishTank_Fill,2026-04-26T22:52:39+00:00,https://casaslotes07.vercel.app/,200,,urlopen,5,4,0.1454545455,0.2875,0.00625,0.2,0,0.0625,0.6944634232,1,0,0.125,0,0,1,0,0,0,0,0.02777777778,0.01538461538,0,0,0.5,0,0,0,0,0,0,0,0,1,0,0,0,0.14011875,0.1768375,0,0,0.1768375,0.29731875,0.1768375,0.2409625,0,0.06666666667
https://trezo-suitesapp.wixstudio.com/suite-en,1,Holdout6_PhishTank_Fill,2026-04-26T22:52:40+00:00,https://trezo-suitesapp.wixstudio.com/suite-en,200,,urlopen,11,36,0.2090909091,0.3625,0.05625,0.2,0.1666666667,0,0.7428651561,1,0.1,0.25,0,0,1,0,0,0,0,0.06111111111,0.1384615385,0.6666666667,0.3333333333,1,0,0,0,0,0,0,0,0,0.6111111111,0.05555555556,0,0,0.1888125,0.2599562919,0,0,0.2925625,0.3055875,0.2382916667,0.2409625,0,0.1666666667
https://just-suiteapp.wixstudio.com/en-us,1,Holdout6_PhishTank_Fill,2026-04-26T22:52:40+00:00,https://just-suiteapp.wixstudio.com/en-us,200,,urlopen,9,26,0.1863636364,0.3375,0.0375,0.2,0.1666666667,0,0.7369210143,1,0.1,0.25,0,0,1,0,0,0,0,0.05,0.1,0.5,0.5,1,0,0,0,0,0,0,0,0,0.8461538462,0,0,0,0.2302442308,0.298530454,0,0,0.3126230769,0.3126230769,0.2905807692,0.2409625,0,0.1333333333
https://logical-shape-102091.framer.app/,1,Holdout6_PhishTank_Fill,2026-04-26T22:52:40+00:00,https://logical-shape-102091.framer.app/,200,,urlopen,22,31,0.1818181818,0.3875,0.00625,0.2,0.1666666667,0.15,0.7823738013,1,0,0.2083333333,0,0,1,0,0,0,0,0.1222222222,0.1192307692,0,1,1,0.125,0,0.07692307692,0.07692307692,0.1206730769,0,0,0,0.25,0.625,0,0,0.10231875,0.09356306818,0.05028125,0.07522788462,0.2215232143,0.2877,0.1293377841,0.23741875,0.03225806452,0.1
https://linhabranca-oficial9.vercel.app/,1,Holdout6_PhishTank_Fill,2026-04-26T22:52:40+00:00,https://linhabranca-oficial9.vercel.app/,200,,urlopen,7,8,0.1818181818,0.3875,0.00625,0.2,0.08333333333,0.025,0.7522411173,1,0,0.1666666667,0,0,1,0,0,0,0,0.03888888889,0.03076923077,0,0,0.75,0,0,0,0,0,0,0,0,0.5,0.5,0,0,0.123721875,0.1657872596,0,0,0.15614375,0.294534375,0.15614375,0.2409625,0,0.1
https://ghesdfgh.weebly.com/,1,Holdout6_PhishTank_Fill,2026-04-26T22:52:40+00:00,https://ghesdfgh.weebly.com/,200,,urlopen,17,46,0.1272727273,0.2375,0.00625,0.2,0,0,0.7294888007,1,0,0.125,0,0,1,0,0,0,0,0.09444444444,0.1769230769,1,0,0.6153846154,0.125,0,0,0,0.04375,0,0,0,0.5555555556,0.1666666667,0,0.1666666667,0.09367916667,0.1032059559,0.048725,0.056525,0.1895557692,0.28665,0.1188435185,0.237925,0,0.06666666667
https://easygoing-pumpkin-960312.framer.app/,1,Holdout6_PhishTank_Fill,2026-04-26T22:52:40+00:00,https://easygoing-pumpkin-960312.framer.app/,200,,urlopen,22,25,0.2,0.4375,0.00625,0.2,0.1666666667,0.1363636364,0.8227089907,1,0,0.2083333333,0,0,1,0,0,0,0,0.1222222222,0.09615384615,0,1,1,0.125,0,0.07692307692,0.07692307692,0.1206730769,0,0,0,0.4,0.4,0,0,0.09769144737,0.09085474528,0.05020131579,0.07506801619,0.2418278783,0.2876200658,0.1189390582,0.23741875,0.04,0.1
https://trezsuite-en-us.wixstudio.com/suite-en,1,Holdout6_PhishTank_Fill,2026-04-26T22:52:40+00:00,https://trezsuite-en-us.wixstudio.com/suite-en,200,,urlopen,9,26,0.2090909091,0.3625,0.05625,0.2,0.25,0,0.7266601542,1,0.1,0.2916666667,0,0,1,0,0,0,0,0.05,0.1,0.5,0.5,1,0,0,0,0,0,0,0,0,0.8461538462,0,0,0,0.2302442308,0.298530454,0,0,0.3126230769,0.3126230769,0.2905807692,0.2409625,0,0.1333333333
https://ghyu1.weebly.com/,1,Holdout6_PhishTank_Fill,2026-04-26T22:52:40+00:00,https://ghyu1.weebly.com/,200,,urlopen,19,54,0.1136363636,0.2,0.00625,0.2,0,0.04,0.7370292163,1,0,0.125,0,0,1,0,0,0,0,0.1055555556,0.2076923077,0.6666666667,0.3333333333,0.4375,0.125,0,0,0,0.04375,0,0,0,0.5909090909,0.1363636364,0,0.1428571429,0.08986209677,0.09682473083,0.04804395161,0.05516290323,0.1474087954,0.285535023,0.1137710198,0.2374910714,0,0.1
https://suittapps.wixstudio.com/en-us,1,Holdout6_PhishTank_Fill,2026-04-26T22:52:40+00:00,https://suittapps.wixstudio.com/en-us,200,,urlopen,11,28,0.1681818182,0.2875,0.0375,0.2,0.08333333333,0,0.7199554967,1,0.1,0.2083333333,0,0,1,0,0,0,0,0.06111111111,0.1076923077,0.5,0.5,1,0,0,0,0,0,0,0,0,0.7857142857,0.07142857143,0,0,0.2214642857,0.2936265429,0,0,0.2981071429,0.3111321429,0.2795,0.2409625,0,0.1666666667
https://home-bybiit.wixstudio.com/en-login,1,Holdout6_PhishTank_Fill,2026-04-26T22:52:40+00:00,https://home-bybiit.wixstudio.com/en-login,200,,urlopen,11,30,0.1909090909,0.3125,0.05625,0.2,0.1666666667,0,0.7710510986,1,0.1,0.25,0.1666666667,0,1,0,0,0,0,0.06111111111,0.1153846154,0.3333333333,0.6666666667,1,0,0,0,0,0,0,0,0,0.7333333333,0.06666666667,0,0,0.2206125,0.2921957061,0,0,0.2979625,0.3109875,0.278425,0.2409625,0,0.1666666667
https://nav-ldgerdesktop.wixstudio.com/start,1,Holdout6_PhishTank_Fill,2026-04-26T22:52:40+00:00,https://nav-ldgerdesktop.wixstudio.com/start,200,,urlopen,11,28,0.2,0.375,0.0375,0.2,0.08333333333,0,0.7869444368,1,0.1,0.2083333333,0,0,1,0,0,0,0,0.06111111111,0.1076923077,0.5,0.5,1,0,0,0,0,0,0,0,0,0.7857142857,0.07142857143,0,0,0.2214642857,0.2936265429,0,0,0.2981071429,0.3111321429,0.2795,0.2409625,0,0.1666666667
https://jaxxliberty.wixstudio.com/us-en,1,Holdout6_PhishTank_Fill,2026-04-26T22:52:40+00:00,https://jaxxliberty.wixstudio.com/us-en,200,,urlopen,9,26,0.1772727273,0.3125,0.0375,0.2,0.08333333333,0,0.7977209162,1,0.1,0.2083333333,0,0,1,0,0,0,0,0.05,0.1,0.5,0.5,1,0,0,0,0,0,0,0,0,0.8461538462,0,0,0,0.2302442308,0.298530454,0,0,0.3126230769,0.3126230769,0.2905807692,0.2409625,0,0.1333333333
https://applive-logonr.wixstudio.com/us-en,1,Holdout6_PhishTank_Fill,2026-04-26T22:52:40+00:00,https://applive-logonr.wixstudio.com/us-en,200,,urlopen,11,28,0.1909090909,0.35,0.0375,0.2,0.1666666667,0,0.7909216201,1,0.1,0.25,0,0,1,0,0,0,0,0.06111111111,0.1076923077,0.5,0.5,1,0,0,0,0,0,0,0,0,0.7857142857,0.07142857143,0,0,0.2214642857,0.2936265429,0,0,0.2981071429,0.3111321429,0.2795,0.2409625,0,0.1666666667
https://osrsjagexlogin.gamingvote.com/portal/assisted-login-login-challenge-dc197744c4a04124a6d04da6b85adcb4-238398720-1406457486-1694086910-1863512970-169408678563454200-2-238398720/,1,Holdout6_PhishTank_Fill,2026-04-26T22:52:40+00:00,https://osrsjagexlogin.gamingvote.com/portal/assisted-login-login-challenge-dc197744c4a04124a6d04da6b85adcb4-238398720-1406457486-1694086910-1863512970-169408678563454200-2-238398720/,200,,urlopen,14,57,0.8318181818,0.3625,0.9125,0.2,0.9166666667,0.4699453552,0.8673445925,1,0.2,0.625,0.1333333333,0,1,0,0,0,0,0.07777777778,0.2192307692,0,1,0.1428571429,0.125,0,0,0,0.04375,0,0,0,0.07692307692,0.1923076923,0,0.2083333333,0.1514325,0.1660679792,0.058415,0.075905,0.09283821429,0.2993775,0.1919335833,0.2409625,0,0.1333333333
https://asunviersityportl.weebly.com/,1,Holdout6_PhishTank_Fill,2026-04-26T22:52:40+00:00,https://asunviersityportl.weebly.com/,200,,urlopen,20,45,0.1681818182,0.35,0.00625,0.2,0,0,0.7689686094,1,0,0.125,0,0,1,0,0,0,0,0.1111111111,0.1730769231,1,0,0.6666666667,0.125,0,0,0,0.04375,0,0,0,0.625,0.125,0,0.2,0.092446875,0.09656622773,0.04865401786,0.05638303571,0.2012206845,0.2865790179,0.117076132,0.237925,0,0.06666666667
https://system-desktop.wixstudio.com/suite-en,1,Holdout6_PhishTank_Fill,2026-04-26T22:52:41+00:00,https://system-desktop.wixstudio.com/suite-en,200,,urlopen,11,28,0.2045454545,0.35,0.05625,0.2,0.1666666667,0,0.7347441488,1,0.1,0.25,0,0,1,0,0,0,0,0.06111111111,0.1076923077,0.5,0.5,1,0,0,0,0,0,0,0,0,0.7857142857,0.07142857143,0,0,0.2214642857,0.2936265429,0,0,0.2981071429,0.3111321429,0.2795,0.2409625,0,0.1666666667
https://deskrecmstt.weebly.com/,1,Holdout6_PhishTank_Fill,2026-04-26T22:52:40+00:00,https://deskrecmstt.weebly.com/,200,,urlopen,17,48,0.1409090909,0.275,0.00625,0.2,0,0,0.715954901,1,0,0.125,0,0,1,0,0,0,0,0.09444444444,0.1846153846,1,0,0.4666666667,0.125,0,0,0,0.04375,0,0,0,0.6842105263,0.1052631579,0,0.2,0.08351919643,0.09079031337,0.046990625,0.05305625,0.1529797917,0.2844816964,0.1055035714,0.2374910714,0,0.06666666667
https://alliancecbank.weebly.com/,1,Holdout6_PhishTank_Fill,2026-04-26T22:52:40+00:00,https://alliancecbank.weebly.com/,200,,urlopen,17,39,0.15,0.3,0.00625,0.2,0,0,0.7420967957,1,0,0.125,0,0,1,0,0,0,0,0.09444444444,0.15,1,0,0.6666666667,0.125,0,0,0,0.04375,0,0,0,0.7857142857,0.07142857143,0,0,0.1020703125,0.1048221354,0.0502390625,0.059553125,0.2028057292,0.2881640625,0.1300151693,0.237925,0,0.06666666667
https://xxnfinify.weebly.com/,1,Holdout6_PhishTank_Fill,2026-04-26T22:52:40+00:00,https://xxnfinify.weebly.com/,200,,urlopen,17,44,0.1318181818,0.25,0.00625,0.2,0,0,0.7531445853,1,0,0.125,0,0,1,0,0,0,0,0.09444444444,0.1692307692,1,0,0.4375,0.125,0,0,0,0.04375,0,0,0,0.7647058824,0.1764705882,0,0.5,0.08765048077,0.09377603935,0.04771105769,0.05449711538,0.1470759014,0.2852021291,0.1109466716,0.2374910714,0,0.06666666667
https://wm-webmail-shaw31.framer.website/,1,Holdout6_PhishTank_Fill,2026-04-26T22:52:40+00:00,https://wm-webmail-shaw31.framer.website/,200,,urlopen,26,35,0.1863636364,0.4,0.00625,0.2,0.1666666667,0.0487804878,0.744501972,1,0,0.2083333333,0,0,1,0,0,0,0,0.1444444444,0.1346153846,0,1,1,0.125,0,0,0,0.04375,0,0,0,0.25,0.625,0,0,0.07991394231,0.06907966128,0.04619230769,0.05145961538,0.217434272,0.2836110577,0.1040569896,0.23741875,0,0.1
https://cfcf665.weebly.com/,1,Holdout6_PhishTank_Fill,2026-04-26T22:52:40+00:00,https://cfcf665.weebly.com/,200,,urlopen,17,38,0.1227272727,0.225,0.00625,0.2,0,0.1111111111,0.7331460441,1,0,0.125,0,0,1,0,0,0,0,0.09444444444,0.1461538462,1,0,0.6153846154,0.125,0,0,0,0.04375,0,0,0,0.7142857143,0.2142857143,0,0.5,0.104786413,0.1103493636,0.05065543478,0.06038586957,0.191486204,0.2885804348,0.1336399338,0.237925,0,0.06666666667
https://home-moonpay.wixstudio.com/us-en,1,Holdout6_PhishTank_Fill,2026-04-26T22:52:41+00:00,https://home-moonpay.wixstudio.com/us-en,200,,urlopen,9,26,0.1818181818,0.325,0.0375,0.2,0.1666666667,0,0.7556724241,1,0.1,0.25,0,0,1,0,0,0,0,0.05,0.1,0.5,0.5,1,0,0,0,0,0,0,0,0,0.8461538462,0,0,0,0.2302442308,0.298530454,0,0,0.3126230769,0.3126230769,0.2905807692,0.2409625,0,0.1333333333
https://patient-homeowners-951769.framer.app/,1,Holdout6_PhishTank_Fill,2026-04-26T22:52:40+00:00,https://patient-homeowners-951769.framer.app/,200,,urlopen,22,23,0.2045454545,0.45,0.00625,0.2,0.1666666667,0.1333333333,0.7792675831,1,0,0.2083333333,0,0,1,0,0,0,0,0.1222222222,0.08846153846,0,1,1,0.125,0,0,0,0.04375,0,0,0,0.5,0.25,0,0,0.07738125,0.06991253676,0.0464,0.051875,0.25388125,0.28381875,0.09694791667,0.23741875,0,0.1
https://trezosuiteapp.wixstudio.com/en-us,1,Holdout6_PhishTank_Fill,2026-04-26T22:52:41+00:00,https://trezosuiteapp.wixstudio.com/en-us,200,,urlopen,9,34,0.1863636364,0.3375,0.0375,0.2,0.08333333333,0,0.7517546195,1,0.1,0.2083333333,0,0,1,0,0,0,0,0.05,0.1307692308,0.6666666667,0.3333333333,1,0,0,0,0,0,0,0,0,0.6470588235,0,0,0,0.1936058824,0.2630442788,0,0,0.3064014706,0.3064014706,0.2443411765,0.2409625,0,0.1333333333
https://ineffable-cabbage-486878.framer.app/,1,Holdout6_PhishTank_Fill,2026-04-26T22:52:41+00:00,https://ineffable-cabbage-486878.framer.app/,200,,urlopen,22,23,0.2,0.4375,0.00625,0.2,0.1666666667,0.1363636364,0.7802930299,1,0,0.2083333333,0,0,1,0,0,0,0,0.1222222222,0.08846153846,0,1,1,0.125,0,0,0,0.04375,0,0,0,0.5,0.25,0,0,0.07738125,0.06991253676,0.0464,0.051875,0.25388125,0.28381875,0.09694791667,0.23741875,0,0.1
https://ogologinin.weebly.com/,1,Holdout6_PhishTank_Fill,2026-04-26T22:52:40+00:00,https://ogologinin.weebly.com/,200,,urlopen,17,48,0.1363636364,0.2625,0.00625,0.2,0,0,0.7300110931,1,0,0.125,0,0,1,0,0,0,0,0.09444444444,0.1846153846,1,0,0.4666666667,0.125,0,0,0,0.04375,0,0,0,0.6842105263,0.1052631579,0,0.2,0.08351919643,0.09079031337,0.046990625,0.05305625,0.1529797917,0.2844816964,0.1055035714,0.2374910714,0,0.06666666667
https://gthgjhk.weebly.com/,1,Holdout6_PhishTank_Fill,2026-04-26T22:52:40+00:00,https://gthgjhk.weebly.com/,200,,urlopen,17,50,0.1227272727,0.225,0.00625,0.2,0,0,0.7280626266,1,0,0.125,0,0,1,0,0,0,0,0.09444444444,0.1923076923,1,0,0.3888888889,0.125,0,0,0,0.04375,0,0,0,0.65,0.25,0,0.3333333333,0.08166724138,0.09067562729,0.04666767241,0.05241034483,0.134991978,0.2841587438,0.1030738407,0.2374910714,0,0.06666666667
https://boitevocaledufixe2.wixsite.com/boitevocaledufixe25,1,Holdout6_PhishTank_Fill,2026-04-26T22:52:41+00:00,https://boitevocaledufixe2.wixsite.com/boitevocaledufixe25,200,,urlopen,13,18,0.2636363636,0.375,0.125,0.2,0,0.05172413793,0.7746636201,1,0.1,0.1666666667,0,0,1,0,0,0,0,0.07222222222,0.06923076923,0,1,1,0.125,0,0,0,0.04375,0,0,0,0.4285714286,0.4285714286,0,0,0.139095,0.1428304605,0.0564575,0.07199,0.21927,0.29742,0.176789,0.2409625,0,0.1666666667
https://newxflili.weebly.com/,1,Holdout6_PhishTank_Fill,2026-04-26T22:52:41+00:00,https://newxflili.weebly.com/,200,,urlopen,17,44,0.1318181818,0.25,0.00625,0.2,0,0,0.7436789113,1,0,0.125,0,0,1,0,0,0,0,0.09444444444,0.1692307692,1,0,0.4375,0.125,0,0,0,0.04375,0,0,0,0.7647058824,0.1764705882,0,0.5,0.08765048077,0.09377603935,0.04771105769,0.05449711538,0.1470759014,0.2852021291,0.1109466716,0.2374910714,0,0.06666666667
https://admin-ehu-eus.weebly.com/,1,Holdout6_PhishTank_Fill,2026-04-26T22:52:41+00:00,https://admin-ehu-eus.weebly.com/,200,,urlopen,17,34,0.15,0.3,0.00625,0.2,0.1666666667,0,0.7697527187,1,0,0.2083333333,0,0,1,0,0,0,0,0.09444444444,0.1307692308,1,0,0.6363636364,0.125,0,0,0,0.04375,0,0,0,0.75,0.1666666667,0,0.75,0.1014214286,0.1041096535,0.0501125,0.0593,0.1946431818,0.2876035714,0.1293190476,0.2374910714,0,0.06666666667
https://www.jejuair.net/ko/main/base/travelinfo.do,0,Holdout7_User_Normal,2026-04-26T23:00:09+00:00,https://sysinfo.jejuair.net/ErrorPage/Error.jsp,200,,urlopen,4,8,0.2272727273,0.1875,0.16875,0.3,0,0,0.7742130799,1,0.4,0.3333333333,0,0,1,0,0,0,0,0.02222222222,0.03076923077,0,0,0,0,0,0,0,0,0,0,0,0.75,0.25,0,0,0.0298125,0.037625,0,0,0.037625,0.037625,0.037625,0,0,0.03333333333
https://www.twayair.com/app/customerCenter/notice,0,Holdout7_User_Normal,2026-04-26T23:00:09+00:00,https://www.twayair.com/app/customerCenter/notice,200,,urlopen,28,164,0.2227272727,0.1875,0.1625,0.2,0,0,0.735535916,1,0.3,0.25,0,0,1,0,0,0,0,0.1555555556,0.6307692308,0.8695652174,0.1304347826,0,0.5,0,0,0.1,0.275,0,0,0,0.2739726027,0.09589041096,0,0.5208333333,0.04537887931,0.05200783723,0.04049956897,0.05126663793,0.04049956897,0.235874569,0.05521130103,0.195800431,0,0.2333333333
https://www.airport.co.kr/yeosu/index.do,0,Holdout7_User_Normal,2026-04-26T23:00:09+00:00,https://www.airport.co.kr/yeosu/index.do,200,,urlopen,57,443,0.1818181818,0.2125,0.09375,0.4,0,0,0.7482384604,1,0.2,0.2916666667,0,0,1,0,0,0,0,0.3166666667,1,0.9383561644,0.06164383562,0,0.375,0,0,0,0.13125,0,0,0,0.08457711443,0.1890547264,0,0.1204819277,0.03798169456,0.04381839426,0.03921365063,0.03750230126,0.03921365063,0.2345886506,0.04632025218,0.1970863494,0,0.3
https://www.airport.co.kr/gimhae/index.do,0,Holdout7_User_Normal,2026-04-26T23:00:09+00:00,https://www.airport.co.kr/gimhae/index.do,200,,urlopen,69,489,0.1863636364,0.2125,0.1,0.4,0,0,0.7533711516,1,0.2,0.2916666667,0,0,1,0,0,0,0,0.3833333333,1,0.9240506329,0.07594936709,0,0.5,0,0,0,0.175,0,0,0,0.07798165138,0.1972477064,0,0.1366120219,0.03950140449,0.04491859612,0.03950210674,0.03807921348,0.03950210674,0.2348771067,0.04804319215,0.1967978933,0,0.3333333333
https://www.airport.co.kr/ulsan/index.do,0,Holdout7_User_Normal,2026-04-26T23:00:09+00:00,https://www.airport.co.kr/ulsan/index.do,200,,urlopen,57,441,0.1818181818,0.2125,0.09375,0.4,0,0,0.7538980627,1,0.2,0.2916666667,0,0,1,0,0,0,0,0.3166666667,1,0.9383561644,0.06164383562,0,0.375,0,0,0,0.13125,0,0,0,0.085,0.185,0,0.1151515152,0.03801601891,0.04383453679,0.03922032563,0.03751565126,0.03922032563,0.2345953256,0.04635776848,0.1970796744,0,0.3
https://www.airport.co.kr/pohang/index.do,0,Holdout7_User_Normal,2026-04-26T23:00:09+00:00,https://www.airport.co.kr/pohang/index.do,200,,urlopen,57,423,0.1863636364,0.2125,0.1,0.4,0,0,0.7389804088,1,0.2,0.2916666667,0,0,1,0,0,0,0,0.3166666667,1,0.9361702128,0.06382978723,0,0.375,0,0,0,0.13125,0,0,0,0.0890052356,0.1727748691,0,0.1075949367,0.03833842795,0.04402074264,0.03928302402,0.03764104803,0.03928302402,0.234658024,0.04671056044,0.197016976,0,0.3
https://www.airport.co.kr/gimpo/index.do,0,Holdout7_User_Normal,2026-04-26T23:00:10+00:00,https://www.airport.co.kr/gimpo/index.do,200,,urlopen,72,520,0.1818181818,0.2125,0.09375,0.4,0,0,0.7413758467,1,0.2,0.2916666667,0,0,1,0,0,0,0,0.4,1,0.9289940828,0.07100591716,0,0.5,0,0,0,0.175,0,0,0,0.07327586207,0.1982758621,0,0.1288659794,0.03902482394,0.04445801078,0.03942183099,0.03791866197,0.03942183099,0.234796831,0.04742305594,0.196878169,0,0.3333333333
https://www.airport.kr/co/ko/cpr/statisticOfLocalAirport.do,0,Holdout7_User_Normal,2026-04-26T23:00:10+00:00,https://www.airport.kr/ap_ko/1037/subview.do,200,,urlopen,16,356,0.2681818182,0.175,0.23125,0.3,0,0,0.726889308,1,0.4,0.3333333333,0,0,1,0,0,0,0,0.08888888889,1,1,0,0,0.125,0,0,0,0.04375,0,0,0,0.238372093,0.07558139535,0,0.0406504065,0.03034733607,0.03729919787,0.03779098361,0.03465696721,0.03779098361,0.03779098361,0.03761972588,0.003134016393,0,0.03333333333
https://www.airport.co.kr/gunsan/index.do,0,Holdout7_User_Normal,2026-04-26T23:00:09+00:00,https://www.airport.co.kr/gunsan/index.do,200,,urlopen,58,444,0.1863636364,0.2125,0.1,0.4,0,0,0.7533711516,1,0.2,0.2916666667,0,0,1,0,0,0,0,0.3222222222,1,0.9379310345,0.06206896552,0,0.375,0,0,0,0.13125,0,0,0,0.08457711443,0.1940298507,0,0.1212121212,0.0379884375,0.04376496542,0.0392196875,0.037514375,0.0392196875,0.2345946875,0.04629045313,0.1970803125,0,0.3
https://www.eastarjet.com/newstar/PGWCA00001,0,Holdout7_User_Normal,2026-04-26T23:00:10+00:00,https://www.eastarjet.com/newstar/PGWCA00001,200,,urlopen,3,2,0.2,0.2125,0.11875,0.2,0,0.1136363636,0.770002844,1,0.2,0.2083333333,0,0,1,0,0,0,0,0.01666666667,0.007692307692,0,0,0,0,0,0,0,0,0,0,0,0,1,0,0,0.0298125,0.037625,0,0,0.037625,0.037625,0.037625,0,0,0.03333333333
https://www.airport.co.kr/yangyang/index.do,0,Holdout7_User_Normal,2026-04-26T23:00:10+00:00,https://www.airport.co.kr/yangyang/index.do,200,,urlopen,57,447,0.1954545455,0.2125,0.1125,0.4,0,0,0.7560256213,1,0.2,0.2916666667,0,0,1,0,0,0,0,0.3166666667,1,0.9391891892,0.06081081081,0,0.375,0,0,0,0.13125,0,0,0,0.08374384236,0.1871921182,0,0.119047619,0.03791390041,0.04377278185,0.0392004668,0.03747593361,0.0392004668,0.2345754668,0.04624617775,0.1970995332,0,0.3
https://www.airport.co.kr/wonju/index.do,0,Holdout7_User_Normal,2026-04-26T23:00:10+00:00,https://www.airport.co.kr/wonju/index.do,200,,urlopen,57,441,0.1818181818,0.2125,0.09375,0.4,0,0,0.7425788581,1,0.2,0.2916666667,0,0,1,0,0,0,0,0.3166666667,1,0.9379310345,0.06206896552,0,0.375,0,0,0,0.13125,0,0,0,0.085,0.19,0,0.1212121212,0.03801601891,0.04384146157,0.03922032563,0.03751565126,0.03922032563,0.2345953256,0.04635776848,0.1970796744,0,0.3
https://www.visitseoul.net,0,Holdout7_User_Normal,2026-04-26T23:00:10+00:00,https://www.visitseoul.net,200,,urlopen,9,36,0.1181818182,0.225,0,0.2,0,0,0.6762353683,1,0,0.125,0,0,1,0,0,0,0,0.05,0.1384615385,1,0,0.3,0,0,0,0,0,0,0,0,0.4444444444,0.1111111111,0,0.2727272727,0.06658125,0.09781557836,0,0,0.1161575,0.28483125,0.08402916667,0.2409625,0,0.1
https://www.srail.or.kr/main.do,0,Holdout7_User_Normal,2026-04-26T23:00:10+00:00,https://www.srail.or.kr/main.do,200,,urlopen,17,409,0.1409090909,0.1875,0.05,0.4,0,0,0.7115274083,1,0.1,0.25,0,0,1,0,0,0,0,0.09444444444,1,0.918128655,0.08187134503,0.06060606061,0,0,0,0,0,0,0,0,0.04411764706,0.1176470588,0,0.06557377049,0.0430002439,0.05398616549,0,0.0387602439,0.04787140983,0.235217622,0.0544164884,0.196457378,0,0.2
https://www.visitbusan.net,0,Holdout7_User_Normal,2026-04-26T23:00:10+00:00,https://www.visitbusan.net/index.do,200,,urlopen,9,38,0.1181818182,0.225,0,0.2,0,0,0.6762353683,1,0,0.125,0,0,1,0,0,0,0,0.05,0.1461538462,1,0,0.1538461538,0,0,0,0,0,0,0,0,0.2631578947,0.4210526316,0,0,0.05303486842,0.08537978469,0,0,0.0786395749,0.2825309211,0.06693289474,0.2409625,0,0.1
https://flyasiana.com/C/KR/KO/index,0,Holdout7_User_Normal,2026-04-26T23:00:11+00:00,https://flyasiana.com/C/KR/KO/index,200,,urlopen,178,538,0.1590909091,0.1625,0.0875,0.1,0,0,0.7753778862,1,0.4,0.2083333333,0,0,1,0,0,0,0,0.9888888889,1,0.8382352941,0.1617647059,0.05555555556,0.875,0,0.006944444444,0.03472222222,0.3409722222,0,0,0.005263157895,0.1631578947,0.1157894737,0,0.5466666667,0.05053031525,0.05315042396,0.04183236804,0.04725622913,0.05509857174,0.432582368,0.05882844134,0.39075,0.005576208178,0.5
https://txbus.t-money.co.kr,0,Holdout7_User_Normal,2026-04-26T23:00:10+00:00,https://txbus.t-money.co.kr,200,,urlopen,60,196,0.1227272727,0.2375,0,0.3,0.08333333333,0,0.7382294617,1,0,0.1666666667,0,0,1,0,0,0,0,0.3333333333,0.7538461538,0.6756756757,0.3243243243,0,0.75,0,0.04545454545,0.04545454545,0.3079545455,0,0,0,0.2714285714,0.2,0,0.8766666667,0.05681625,0.05874857665,0.042906875,0.05410125,0.042906875,0.24756375,0.06654897917,0.204656875,0.01020408163,0.2
https://www.ex.co.kr/site/com/pageProcess.do,0,Holdout7_User_Normal,2026-04-26T23:00:10+00:00,https://www.ex.co.kr/site/com/pageProcess.do,200,,urlopen,4,4,0.2,0.15,0.15,0.4,0,0,0.7369449927,1,0.3,0.3333333333,0,0,1,0,0,0,0,0.02222222222,0.01538461538,1,0,0,0,0,0,0,0,0,0,0,0,0.5,0,0,0.0298125,0.037625,0,0,0.037625,0.037625,0.037625,0,0,0.03333333333
https://www.tago.go.kr,0,Holdout7_User_Normal,2026-04-26T23:00:09+00:00,https://www.tago.go.kr,200,,urlopen,9,78,0.1,0.175,0,0.3,0,0,0.6433291992,1,0,0.1666666667,0,0,1,0,0,0,0,0.05,0.3,0.9428571429,0.05714285714,0,0,0,0,0,0,0,0,0,0.07692307692,0.02564102564,0,0.1025641026,0.03898557692,0.04883084046,0,0,0.03918269231,0.2345576923,0.04920192308,0.195375,0,0.1
https://www.safedriving.or.kr,0,Holdout7_User_Normal,2026-04-26T23:00:10+00:00,https://www.safedriving.or.kr,200,,urlopen,29,73,0.1318181818,0.2625,0,0.3,0,0,0.7436789113,1,0,0.1666666667,0,0,1,0,0,0,0,0.1611111111,0.2807692308,0.3,0.7,0.0625,0.25,0,0,0,0.0875,0,0,0,0.5,0.1153846154,0,0.7058823529,0.0662375,0.0634132183,0.04433,0.047735,0.05939015625,0.2852925,0.08136272222,0.2409625,0,0.1333333333
https://english.visitseoul.net,0,Holdout7_User_Normal,2026-04-26T23:00:11+00:00,https://english.visitseoul.net,200,,urlopen,248,626,0.1363636364,0.275,0,0.2,0,0,0.6769511689,1,0,0.125,0,0,1,0,0,0,0,1,1,0.7244094488,0.2755905512,0.05882352941,0.125,0,0,0,0.04375,0,0,0.004716981132,0.1650943396,0.2311320755,0,0.365,0.05246558717,0.05269127138,0.04212118644,0.04331737288,0.05751853938,0.4212274364,0.0623988191,0.37910625,0.004792332268,0.7
https://www.airport.co.kr/www/index.do,0,Holdout7_User_Normal,2026-04-26T23:00:10+00:00,https://www.airport.co.kr/www/index.do,200,,urlopen,73,693,0.1727272727,0.2125,0.08125,0.4,0,0,0.7064440574,1,0.2,0.2916666667,0,0,1,0,0,0,0,0.4055555556,1,0.9054545455,0.09454545455,0,0.25,0,0,0,0.0875,0,0,0,0.0447761194,0.1343283582,0,0.08333333333,0.04339877107,0.05252908912,0.04000551264,0.03908602528,0.04000551264,0.2353805126,0.05422539955,0.1962944874,0,0.8333333333
https://www.airport.co.kr/jeju/index.do,0,Holdout7_User_Normal,2026-04-26T23:00:10+00:00,https://www.airport.co.kr/jeju/index.do,200,,urlopen,69,511,0.1772727273,0.2125,0.0875,0.4,0,0,0.7511008696,1,0.2,0.2916666667,0,0,1,0,0,0,0,0.3833333333,1,0.9277108434,0.07228915663,0,0.5,0,0,0,0.175,0,0,0,0.07423580786,0.2008733624,0,0.1308900524,0.03911803058,0.04468464326,0.03942783273,0.03793066547,0.03942783273,0.2348028327,0.04761893875,0.1968721673,0,0.3333333333
https://www.airport.co.kr/daegu/index.do,0,Holdout7_User_Normal,2026-04-26T23:00:10+00:00,https://www.airport.co.kr/daegu/index.do,200,,urlopen,59,473,0.1818181818,0.2125,0.09375,0.4,0,0,0.7504667558,1,0.2,0.2916666667,0,0,1,0,0,0,0,0.3277777778,1,0.9225806452,0.07741935484,0,0.375,0,0,0,0.13125,0,0,0,0.0787037037,0.2037037037,0,0.1340782123,0.03961195866,0.04571511936,0.03947859252,0.03803218504,0.03947859252,0.2348535925,0.04850959936,0.1968214075,0,0.3333333333
https://www.airport.co.kr/gwangju/index.do,0,Holdout7_User_Normal,2026-04-26T23:00:10+00:00,https://www.airport.co.kr/gwangju/index.do,200,,urlopen,59,443,0.1909090909,0.2125,0.10625,0.4,0,0,0.762825408,1,0.2,0.2916666667,0,0,1,0,0,0,0,0.3277777778,1,0.9315068493,0.06849315068,0,0.375,0,0,0,0.13125,0,0,0,0.08457711443,0.1890547264,0,0.1151515152,0.03873012552,0.04457895807,0.03934074268,0.03775648536,0.03934074268,0.2347157427,0.04728342466,0.1969592573,0,0.3333333333
https://www.airport.co.kr/muan/index.do,0,Holdout7_User_Normal,2026-04-26T23:00:10+00:00,https://www.airport.co.kr/muan/index.do,200,,urlopen,57,451,0.1772727273,0.2125,0.0875,0.4,0,0,0.7511008696,1,0.2,0.2916666667,0,0,1,0,0,0,0,0.3166666667,1,0.9395973154,0.06040268456,0,0.375,0,0,0,0.13125,0,0,0,0.08292682927,0.1902439024,0,0.1130952381,0.03784722222,0.04373457552,0.0391875,0.03745,0.0391875,0.2345625,0.04617335391,0.1971125,0,0.3
https://www.airport.co.kr/sacheon/index.do,0,Holdout7_User_Normal,2026-04-26T23:00:10+00:00,https://www.airport.co.kr/sacheon/index.do,200,,urlopen,57,441,0.1909090909,0.2125,0.10625,0.4,0,0,0.736851382,1,0.2,0.2916666667,0,0,1,0,0,0,0,0.3166666667,1,0.9383561644,0.06164383562,0,0.375,0,0,0,0.13125,0,0,0,0.085,0.185,0,0.1151515152,0.03801601891,0.04383453679,0.03922032563,0.03751565126,0.03922032563,0.2345953256,0.04635776848,0.1970796744,0,0.3
https://korean.visitseoul.net,0,Holdout7_User_Normal,2026-04-26T23:00:11+00:00,https://korean.visitseoul.net,200,,urlopen,247,588,0.1318181818,0.2625,0,0.2,0,0,0.7107941934,1,0,0.125,0,0,1,0,0,0,0,1,1,0.7304347826,0.2695652174,0.07692307692,0.125,0,0,0,0.04375,0,0,0.00518134715,0.1917098446,0.207253886,0,0.3882978723,0.05231992386,0.05245653607,0.04212471447,0.04332442893,0.06194771126,0.4212309645,0.06205404288,0.37910625,0.005102040816,0.6666666667
https://www.airport.co.kr/cheongju/index.do,0,Holdout7_User_Normal,2026-04-26T23:00:10+00:00,https://www.airport.co.kr/cheongju/index.do,200,,urlopen,59,461,0.1954545455,0.2125,0.1125,0.4,0,0,0.7656013613,1,0.2,0.2916666667,0,0,1,0,0,0,0,0.3277777778,1,0.9210526316,0.07894736842,0,0.375,0,0,0,0.13125,0,0,0,0.08095238095,0.1952380952,0,0.1314285714,0.03984904234,0.04585894817,0.0395234375,0.038121875,0.0395234375,0.2348984375,0.04877926537,0.1967765625,0,0.3333333333
https://www.car365.go.kr,0,Holdout7_User_Normal,2026-04-26T23:00:10+00:00,https://www.car365.go.kr,200,,urlopen,43,177,0.1090909091,0.2,0,0.3,0,0.125,0.7161312501,1,0,0.1666666667,0,0,1,0,0,0,0,0.2388888889,0.6807692308,0.4754098361,0.5245901639,0,0,0,0,0,0,0,0,0,0.2988505747,0,0,0.7479338843,0.09373875,0.1034593172,0,0.0561275,0.04852625,0.24390125,0.1182462917,0.195375,0,0.6333333333
https://www.kia.com/kr/vehicles,0,Holdout7_User_Normal,2026-04-26T23:00:10+00:00,https://www.kia.com/kr/vehicles/ev,200,,urlopen,25,512,0.1409090909,0.1375,0.075,0.2,0,0,0.7321125989,1,0.2,0.2083333333,0,0,1,0,0,0,0,0.1388888889,1,0.93,0.07,0.03571428571,0,0,0,0,0,0,0,0.00390625,0.03515625,0.1796875,0,0.1071428571,0.04185395508,0.05677467837,0,0,0.05095035575,0.4304197754,0.05282197266,0.39075,0.00390625,0.3666666667
https://www.hyundai.com/kr/ko/vehicles,0,Holdout7_User_Normal,2026-04-26T23:00:11+00:00,https://www.hyundai.com/kr/ko/e,200,,urlopen,8,8,0.1727272727,0.1875,0.09375,0.2,0,0,0.7765637801,1,0.3,0.25,0,0,1,0,0,0,0,0.04444444444,0.03076923077,0,0,0.75,0,0,0,0,0,0,0,0.25,0.75,0,0,0,0.235378125,0.3202444444,0,0,0.30394375,0.45065,0.30394375,0.37910625,0.375,0.1
https://www.visitjeju.net,0,Holdout7_User_Normal,2026-04-26T23:00:11+00:00,https://www.visitjeju.net/kr,200,,urlopen,74,269,0.1136363636,0.2125,0,0.2,0,0,0.6643019436,1,0,0.125,0,0,1,0,0,0,0,0.4111111111,1,0.4358974359,0.5641025641,0.07142857143,0,0,0,0,0,0,0,0,0.09166666667,0.2583333333,0,0.3709677419,0.08898145973,0.09628527707,0,0.05495553691,0.0651518756,0.2889027685,0.1118518811,0.2409625,0,0.7
https://www.koroad.or.kr/main,0,Holdout7_User_Normal,2026-04-26T23:00:12+00:00,https://www.koroad.or.kr/main,200,,urlopen,45,331,0.1318181818,0.2,0.03125,0.3,0,0,0.6965956824,1,0.1,0.2083333333,0,0,1,0,0,0,0,0.25,1,0.8230769231,0.1769230769,0.03846153846,0.125,0,0,0,0.04375,0,0,0,0.05128205128,0.1153846154,0,0.2168674699,0.05568103448,0.0648713715,0.04215215517,0.04337931034,0.05141994363,0.2831146552,0.06948232263,0.2409625,0,0.4
https://www.kg-mobility.com/kr/showroom/showroom_list.html,0,Holdout7_User_Normal,2026-04-26T23:00:10+00:00,https://www.kg-mobility.com/kr/showroom/showroom_list.html,200,,urlopen,18,20,0.2636363636,0.2375,0.19375,0.3,0.08333333333,0,0.7282281687,1,0.3,0.375,0,0,1,0,0,0,0,0.1,0.07692307692,0,0,0.9,0,0,0,0,0,0,0,0.1,0.8,0.1,0,0,0.23009625,0.3109710587,0,0,0.2931475,0.45034625,0.2931475,0.37910625,0.15,0.2666666667
https://www.genesis.com/kr/ko/models.html,0,Holdout7_User_Normal,2026-04-26T23:00:10+00:00,https://www.genesis.com/kr/ko/models/luxury-suv-genesis/gv80/highlights.html,200,,urlopen,9,552,0.1863636364,0.1875,0.1125,0.3,0,0,0.7340162603,1,0.3,0.2916666667,0,0,1,0,0,0,0,0.05,1,1,0,0.03448275862,0,0,0,0,0,0,0,0.003623188406,0.01086956522,0.1956521739,0,0.004566210046,0.0319080163,0.04344016582,0,0,0.04887243722,0.4287308424,0.0402696558,0.39075,0.003623188406,0.1
https://www.toyota.co.kr/models,0,Holdout7_User_Normal,2026-04-26T23:00:10+00:00,https://www.toyota.co.kr/models/,200,,urlopen,15,20,0.1409090909,0.2,0.04375,0.3,0,0,0.7115274083,1,0.1,0.2083333333,0,0,1,0,0,0,0,0.08333333333,0.07692307692,1,0,0.8888888889,0,0,0,0,0,0,0,0.1,0.5,0.3,0,0,0.179415,0.2722930469,0,0,0.2476906944,0.44174,0.229185,0.37910625,0.15,0.2
https://www.polestar.com/kr/polestar-2,0,Holdout7_User_Normal,2026-04-26T23:00:10+00:00,https://www.polestar.com/kr/polestar-2,200,,urlopen,34,418,0.1727272727,0.2,0.0875,0.2,0.08333333333,0.02631578947,0.7255828134,1,0.2,0.2083333333,0,0,1,0,0,0,0,0.1888888889,1,0.9285714286,0.07142857143,0.009708737864,0,0,0,0,0,0,0,0,0.004975124378,0.5074626866,0,0.0297029703,0.03732096774,0.04691408493,0,0.03707788018,0.04134088184,0.2799639401,0.04627245641,0.2428860599,0,0.2666666667
https://www.lexus.co.kr/models,0,Holdout7_User_Normal,2026-04-26T23:00:10+00:00,https://www.lexus.co.kr/models/,200,,urlopen,3,2,0.1363636364,0.1875,0.04375,0.3,0,0,0.7284070779,1,0.1,0.2083333333,0,0,1,0,0,0,0,0.01666666667,0.007692307692,0,0,1,0,0,0,0,0,0,0,0,1,0,0,0,0.250425,0.31605,0,0,0.31605,0.31605,0.31605,0,0,0.03333333333
https://www.landroverkorea.co.kr/vehicles/index.html,0,Holdout7_User_Normal,2026-04-26T23:00:10+00:00,https://www.landroverkorea.co.kr/index.html,200,,urlopen,34,112,0.2363636364,0.3,0.125,0.4,0,0,0.7728628929,1,0.2,0.2916666667,0,0,1,0,0,0,0,0.1888888889,0.4307692308,0.6585365854,0.3414634146,0.4285714286,0,0,0,0,0,0,0,0.01818181818,0.1454545455,0.09090909091,0,0.08888888889,0.09231118421,0.1189318898,0,0.05560526316,0.1284878994,0.4390151316,0.1165794783,0.39075,0.01785714286,0.4666666667
https://www.volkswagen.co.kr/ko/models.html,0,Holdout7_User_Normal,2026-04-26T23:00:10+00:00,https://www.volkswagen.co.kr/ko/models.html,200,,urlopen,27,239,0.1954545455,0.25,0.09375,0.4,0,0,0.7454961287,1,0.2,0.2916666667,0,0,1,0,0,0,0,0.15,0.9192307692,0.9117647059,0.08823529412,0.4375,0,0,0,0,0,0,0,0,0.08474576271,0.09322033898,0,0.01923076923,0.0490267562,0.0591173725,0,0.04091880165,0.08773049458,0.2818844008,0.0616434149,0.2409655992,0,0.3666666667
https://www.porsche.com/korea/ko/models/,0,Holdout7_User_Normal,2026-04-26T23:00:11+00:00,https://www.porsche.com/korea/ko/models/,200,,urlopen,3,12,0.1818181818,0.1875,0.10625,0.2,0,0,0.7067865719,1,0.3,0.25,0,0,1,0,0,0,0,0.01666666667,0.04615384615,0,0,0,0,0,0,0,0,0,0,0,1,0,0,0,0.0298125,0.037625,0,0,0.037625,0.037625,0.037625,0,0,0.03333333333
https://www.cadillac.co.kr/vehicles,0,Holdout7_User_Normal,2026-04-26T23:00:10+00:00,https://www.cadillac.co.kr/vehicles,200,,urlopen,19,430,0.1590909091,0.225,0.05625,0.3,0,0,0.7298979511,1,0.1,0.2083333333,0,0,1,0,0,0,0,0.1055555556,1,0.8837209302,0.1162790698,0.02325581395,0,0,0,0,0,0,0,0,0.04651162791,0.1534883721,0,0,0.04747813953,0.06162777034,0,0,0.04622860465,0.2815873256,0.05992,0.2409625,0,0.2666666667
https://www.samsungdisplay.com/kor/index.jsp,0,Holdout7_User_Normal,2026-04-26T23:00:10+00:00,https://www.samsungdisplay.com/kor/index.jsp,200,,urlopen,15,136,0.2,0.275,0.0875,0.3,0,0,0.7947962324,1,0.2,0.25,0,0,1,0,0,0,0,0.08333333333,0.5230769231,0.8947368421,0.1052631579,0.09090909091,0,0,0,0,0,0,0,0,0.1029411765,0.05882352941,0,0.1492537313,0.04883988971,0.0631275874,0,0,0.06276174799,0.2818185662,0.06163860294,0.2409625,0,0.2
https://www.samsungsem.com/kr/index.do,0,Holdout7_User_Normal,2026-04-26T23:00:10+00:00,https://www.samsungsem.com/kr/index.do,200,,urlopen,33,489,0.1727272727,0.225,0.075,0.3,0,0,0.7615147512,1,0.2,0.25,0,0,1,0,0,0,0,0.1833333333,1,0.9302325581,0.06976744186,0.1904761905,0.375,0,0,0,0.13125,0,0,0,0.05508474576,0.03389830508,0,0.08510638298,0.04450545,0.05553665057,0.04018055,0.0394361,0.08607816905,0.28114305,0.0557256942,0.24170695,0,0.3
https://www.samsungbiologics.com/kr,0,Holdout7_User_Normal,2026-04-26T23:00:11+00:00,https://samsungbiologics.com/kr,200,,urlopen,55,670,0.1590909091,0.3,0.01875,0.2,0,0,0.7545986654,1,0.1,0.1666666667,0,0,1,0,0,0,0,0.3055555556,1,0.9618055556,0.03819444444,0.1428571429,0.5,0,0,0,0.175,0,0,0.003164556962,0.0253164557,0.06012658228,0,0.04318936877,0.03898365385,0.0481098819,0.03927788462,0.03763076923,0.07780377747,0.4183841346,0.04840816897,0.3807533654,0.00447761194,0.2666666667
https://www.samsungengineering.co.kr,0,Holdout7_User_Normal,2026-04-26T23:00:11+00:00,https://www.samsungena.com/en/index,200,,urlopen,24,591,0.1636363636,0.35,0,0.3,0,0,0.7391053664,1,0,0.1666666667,0,0,1,0,0,1,0.2,0.1333333333,1,0.9461077844,0.05389221557,0.3174603175,0.25,0,0,0,0.0875,0,0,0,0.04778156997,0.3822525597,0,0.2893617021,0.04851030405,0.05827693187,0.04041963682,0.03991427365,0.08182019819,0.2813821368,0.06387097006,0.2414678632,0,0.3
https://www.samsungshi.com/kor/default.aspx,0,Holdout7_User_Normal,2026-04-26T23:00:10+00:00,https://www.samsungshi.com/Error/error.htm?aspxerrorpath=/kor/default.aspx,200,,urlopen,3,2,0.1954545455,0.225,0.10625,0.3,0,0,0.780973336,1,0.2,0.25,0,0,1,0,0,0,0,0.01666666667,0.007692307692,0,0,0,0,0,0,0,0,0,0,0,0,1,0,0,0.0298125,0.037625,0,0,0.037625,0.037625,0.037625,0,0,0.03333333333
https://www.hotelshilla.net,0,Holdout7_User_Normal,2026-04-26T23:00:11+00:00,https://www.hotelshilla.net,200,,urlopen,3,20,0.1227272727,0.2375,0,0.2,0,0,0.6607225593,1,0,0.125,0,0,1,0,0,0,0,0.01666666667,0.07692307692,0,0,0,0,0,0,0,0,0,0,0,1,0,0,0,0.0298125,0.037625,0,0,0.037625,0.037625,0.037625,0,0,0.03333333333
https://www.lotteworld.com,0,Holdout7_User_Normal,2026-04-26T23:00:10+00:00,https://www.lotteworld.com,200,,urlopen,3,6,0.1181818182,0.225,0,0.2,0,0,0.6675282879,1,0,0.125,0,0,1,0,0,0,0,0.01666666667,0.02307692308,0,0,0,0,0,0,0,0,0,0,0,1,0,0,0,0.0298125,0.037625,0,0,0.037625,0.037625,0.037625,0,0,0.03333333333
https://bjnpoozawa.weebly.com/,1,Holdout7_PhishTank,2026-04-26T23:00:11+00:00,https://bjnpoozawa.weebly.com/,200,,urlopen,17,38,0.1363636364,0.2625,0.00625,0.2,0,0,0.7496784416,1,0,0.125,0,0,1,0,0,0,0,0.09444444444,0.1461538462,1,0,0.6153846154,0.125,0,0,0,0.04375,0,0,0,0.7142857143,0.2142857143,0,0.5,0.104786413,0.1103493636,0.05065543478,0.06038586957,0.191486204,0.2885804348,0.1336399338,0.237925,0,0.06666666667
https://xfinityyyrd.weebly.com/,1,Holdout7_PhishTank,2026-04-26T23:00:11+00:00,https://xfinityyyrd.weebly.com/,200,,urlopen,17,36,0.1409090909,0.275,0.00625,0.2,0,0,0.7628757221,1,0,0.125,0,0,1,0,0,0,0,0.09444444444,0.1384615385,1,0,0.6666666667,0.125,0,0,0,0.04375,0,0,0,0.7692307692,0.1538461538,0,0.5,0.1081943182,0.1118468487,0.05124772727,0.06157045455,0.2038143939,0.2891727273,0.1382196281,0.237925,0,0.06666666667
https://conect-xfinity-auth.weebly.com/,1,Holdout7_PhishTank,2026-04-26T23:00:11+00:00,https://conect-xfinity-auth.weebly.com/,200,,urlopen,16,47,0.1772727273,0.375,0.00625,0.2,0.1666666667,0,0.7750880352,1,0,0.2083333333,0.2,0,1,0,0,0,0,0.08888888889,0.1807692308,1,0,0.3888888889,0.125,0,0,0,0.04375,0,0,0,0.6842105263,0.2631578947,0,0.5,0.08514583333,0.09484420455,0.047225,0.053525,0.1355493056,0.2847160714,0.1077412037,0.2374910714,0,0.06666666667
https://yooshin06.weebly.com/,1,Holdout7_PhishTank,2026-04-26T23:00:11+00:00,https://yooshin06.weebly.com/,200,,urlopen,17,37,0.1318181818,0.25,0.00625,0.2,0,0.06896551724,0.7484117483,1,0,0.125,0,0,1,0,0,0,0,0.09444444444,0.1423076923,1,0,0.7,0.125,0,0,0,0.04375,0,0,0,0.6923076923,0.07692307692,0,0.25,0.0956201087,0.09818387301,0.04915869565,0.0573923913,0.2081424457,0.2866497671,0.1215039461,0.2374910714,0,0.06666666667
https://xfinlttycomcastt.weebly.com/,1,Holdout7_PhishTank,2026-04-26T23:00:11+00:00,https://xfinlttycomcastt.weebly.com/,200,,urlopen,17,48,0.1636363636,0.3375,0.00625,0.2,0,0,0.7429179295,1,0,0.125,0,0,1,0,0,0,0,0.09444444444,0.1846153846,1,0,0.3888888889,0.125,0,0,0,0.04375,0,0,0,0.6842105263,0.2631578947,0,0.5,0.08351919643,0.09191019176,0.046990625,0.05305625,0.1353149306,0.2844816964,0.1055035714,0.2374910714,0,0.06666666667
https://newcomcastupdate90.weebly.com/,1,Holdout7_PhishTank,2026-04-26T23:00:11+00:00,https://newcomcastupdate90.weebly.com/,200,,urlopen,16,49,0.1727272727,0.3625,0.00625,0.2,0,0.05263157895,0.7651266531,1,0,0.125,0,0,1,0,0,0,0,0.08888888889,0.1884615385,1,0,0.4375,0.125,0,0,0,0.04375,0,0,0,0.65,0.15,0,0.2,0.08316964286,0.09267611216,0.04688214286,0.05283928571,0.1462469866,0.2843732143,0.1051513393,0.2374910714,0,0.06666666667
http://allegro-lokalnie.348t348378g3.bond/,1,Holdout7_PhishTank,2026-04-26T23:00:11+00:00,http://allegro-lokalnie.348t348378g3.bond/,200,,urlopen,3,2,0.1909090909,0.425,0.00625,0.2,0.08333333333,0.2380952381,0.7768735141,0,0,0.1666666667,0,0,1,0,0,0,0,0.01666666667,0.007692307692,0,0,1,0,0,0,0,0,0,0,0,1,0,0,0,0.250425,0.31605,0,0,0.31605,0.31605,0.31605,0,0,0.03333333333
https://entercodewaytoday.weebly.com/,1,Holdout7_PhishTank,2026-04-26T23:00:11+00:00,https://entercodewaytoday.weebly.com/,200,,urlopen,15,37,0.1681818182,0.35,0.00625,0.2,0,0,0.7315747988,1,0,0.125,0,0,1,0,0,0,0,0.08333333333,0.1423076923,1,0,0.7272727273,0.125,0,0,0,0.04375,0,0,0,0.7142857143,0.07142857143,0,0.25,0.1077494318,0.1135068674,0.05110965909,0.06129431818,0.2175460227,0.2890346591,0.1375684143,0.237925,0,0.06666666667
https://amli-web.com/captcha.php,1,Holdout7_PhishTank,2026-04-26T23:00:12+00:00,https://amli-web.com/captcha.php,200,,urlopen,3,2,0.1454545455,0.15,0.075,0.2,0.08333333333,0,0.7058270596,1,0.1,0.2083333333,0,0,1,0,0,0,0,0.01666666667,0.007692307692,0,0,1,0,0,0,0,0,0,0,0,0,1,0,0,0.107325,0.13545,0,0,0.13545,0.13545,0.13545,0,0,0.03333333333
https://amli-web.com/4512.php,1,Holdout7_PhishTank,2026-04-26T23:00:12+00:00,https://amli-web.com/4512.php,200,,urlopen,10,223,0.1318181818,0.15,0.05625,0.2,0.08333333333,0.1379310345,0.7734901182,1,0.1,0.2083333333,0,0,1,0,0,0,0,0.05555555556,0.8576923077,1,0,0.6538461538,0.25,0,0,0,0.0875,0,0,0,0,0.2407407407,0,0.08888888889,0.0417335177,0.04586077218,0.03968584071,0.03844668142,0.09504209071,0.1243483407,0.05238977896,0.08590165929,0,0.06666666667
https://mondial.choix.acheminement.bizzone.vn/captcha.php,1,Holdout7_PhishTank,2026-04-26T23:00:12+00:00,https://www.lemonde.fr/,200,,urlopen,12,807,0.2590909091,0.4625,0.075,0.5,0,0,0.7444374701,1,0.1,0.2916666667,0,0,1,0,0,1,0.2,0.06666666667,1,0.9932432432,0.006756756757,0.9716981132,0.125,0,0,0,0.04375,0,0,0,0.009950248756,0.2537313433,0,0.01333333333,0.05083830446,0.05533753986,0.04119882426,0.04147264851,0.1249397441,0.2821613243,0.06413833249,0.2409625,0,0.1333333333
https://amli-web.com/,1,Holdout7_PhishTank,2026-04-26T23:00:13+00:00,https://amli-web.com/captcha.php,200,,urlopen,3,2,0.09545454545,0.15,0.00625,0.1,0.08333333333,0,0.722803276,1,0,0.125,0,0,1,0,0,0,0,0.01666666667,0.007692307692,0,0,1,0,0,0,0,0,0,0,0,0,1,0,0,0.107325,0.13545,0,0,0.13545,0.13545,0.13545,0,0,0.03333333333
https://mondial.choix.acheminement.bizzone.vn/,1,Holdout7_PhishTank,2026-04-26T23:00:13+00:00,https://www.lemonde.fr/,200,,urlopen,12,807,0.2090909091,0.4625,0.00625,0.4,0,0,0.7458489012,1,0,0.2083333333,0,0,1,0,0,1,0.2,0.06666666667,1,0.9932432432,0.006756756757,0.9716981132,0.125,0,0,0,0.04375,0,0,0,0.009950248756,0.2537313433,0,0.01333333333,0.05083830446,0.05533753986,0.04119882426,0.04147264851,0.1249397441,0.2821613243,0.06413833249,0.2409625,0,0.1333333333
https://zutedupla.ukit.me/,1,Holdout7_PhishTank,2026-04-26T23:00:12+00:00,https://zutedupla.ukit.me/,200,,urlopen,10,29,0.1181818182,0.2125,0.00625,0.2,0,0,0.6902213823,1,0,0.125,0,0,1,0,0,0,0,0.05555555556,0.1115384615,0,1,0,0.125,0,0,0,0.04375,0,0,0,0.75,0.1666666667,0,0,0.04282734375,0.04588227413,0.04009296875,0.0392609375,0.04009296875,0.2354679687,0.05214790039,0.1962070312,0,0.06666666667
https://www.amli-web.com/,1,Holdout7_PhishTank,2026-04-26T23:00:13+00:00,https://www.amli-web.com/captcha.php,200,,urlopen,3,2,0.1136363636,0.2,0.00625,0.2,0.08333333333,0,0.7079383072,1,0,0.1666666667,0,0,1,0,0,0,0,0.01666666667,0.007692307692,0,0,1,0,0,0,0,0,0,0,0,0,1,0,0,0.107325,0.13545,0,0,0.13545,0.13545,0.13545,0,0,0.03333333333
https://securisation.monacces.kobolife.info/,1,Holdout7_PhishTank,2026-04-26T23:00:14+00:00,https://www.disneyplus.com/,200,,urlopen,8,232,0.2,0.4375,0.00625,0.3,0,0,0.7441158088,1,0,0.1666666667,0,0,1,0,0,1,0.2,0.04444444444,0.8923076923,1,0,0.9897959184,0,0,0,0,0,0,0,0,0.1637931034,0.6810344828,0,0.4,0.1168341595,0.1709784545,0,0,0.1649090231,0.2933647629,0.1474510776,0.2409625,0,0.1
https://atomcwalt.zapier.app/exten,1,Holdout7_PhishTank,2026-04-26T23:00:11+00:00,https://atomcwalt.zapier.app/exten,200,,urlopen,4,66,0.1545454545,0.25,0.0375,0.2,0,0,0.7157985087,1,0.1,0.1666666667,0,0,1,0,0,0,0,0.02222222222,0.2538461538,0,1,1,0,0,0,0,0,0,0,0,0.9696969697,0,0,0,0.249375,0.3152307306,0,0,0.3156204545,0.3156204545,0.3149787879,0.021175,0,0.03333333333
https://kleinanzeigen.mdt0731.com/receive/20104901?mail=W0NBVENIXQ%3D%3D&meta=rlWjMKWwLJ50LJqyVwb1YPWhLJ1yVwbvKUHlAzRkKUIzMGOzVRAuqTAbGJHtGJScoTIlVvjvL2uuqS9cMPV6YGRjZQV5BQLkZmt0ZGNfVaAypaMcL2HvBvWeoTIcozShrzIcM2IhVvjvqUyjMFV6VzAuqTAboJIsoJScoPW9,1,Holdout7_PhishTank,2026-04-26T23:00:12+00:00,https://kleinanzeigen.mdt0731.com/receive/20104901?mail=W0NBVENIXQ%3D%3D&meta=rlWjMKWwLJ50LJqyVwb1YPWhLJ1yVwbvKUHlAzRkKUIzMGOzVRAuqTAbGJHtGJScoTIlVvjvL2uuqS9cMPV6YGRjZQV5BQLkZmt0ZGNfVaAypaMcL2HvBvWeoTIcozShrzIcM2IhVvjvqUyjMFV6VzAuqTAboJIsoJScoPW9,200,,urlopen,5,4,1,0.3125,0.10625,0.2,0,0.1138211382,1,1,0.2,0.4166666667,0,0,1,0,0,0,0,0.02777777778,0.01538461538,0,0,1,0,0,0,0,0,0,0,0,1,0,0,0,0.250425,0.31605,0,0,0.31605,0.31605,0.31605,0,0,0.06666666667
https://assur.tribeignite.com.au/captcha.php,1,Holdout7_PhishTank,2026-04-26T23:00:13+00:00,https://www.lemonde.fr/,200,,urlopen,12,807,0.2,0.3,0.075,0.4,0,0,0.7224417902,1,0.1,0.25,0,0,1,0,0,1,0.2,0.06666666667,1,0.9932432432,0.006756756757,0.9716981132,0.125,0,0,0,0.04375,0,0,0,0.009950248756,0.2537313433,0,0.01333333333,0.05083830446,0.05533753986,0.04119882426,0.04147264851,0.1249397441,0.2821613243,0.06413833249,0.2409625,0,0.1333333333
https://assur.tribeignite.com.au/,1,Holdout7_PhishTank,2026-04-26T23:00:14+00:00,https://www.lemonde.fr/,200,,urlopen,12,807,0.15,0.3,0.00625,0.3,0,0,0.724217388,1,0,0.1666666667,0,0,1,0,0,1,0.2,0.06666666667,1,0.9932432432,0.006756756757,0.9716981132,0.125,0,0,0,0.04375,0,0,0,0.009950248756,0.2537313433,0,0.01333333333,0.05083830446,0.05533753986,0.04119882426,0.04147264851,0.1249397441,0.2821613243,0.06413833249,0.2409625,0,0.1333333333
https://securisation.monacces.kobolife.info/captcha/calcul_captcha.php,1,Holdout7_PhishTank,2026-04-26T23:00:13+00:00,https://www.disneyplus.com/,200,,urlopen,7,230,0.3181818182,0.4375,0.16875,0.4,0,0,0.7474686176,1,0.2,0.3333333333,0,0,1,0,0,1,0.2,0.03888888889,0.8846153846,1,0,1,0,0,0,0,0,0,0,0,0.1565217391,0.6869565217,0,0.4,0.1175908696,0.1733655466,0,0,0.1661973846,0.2934932609,0.148406087,0.2409625,0,0.1
https://linhabranca-oficial2.vercel.app/,1,Holdout7_PhishTank,2026-04-26T23:00:11+00:00,https://linhabranca-oficial2.vercel.app/,200,,urlopen,7,8,0.1818181818,0.3875,0.00625,0.2,0.08333333333,0.025,0.7522411173,1,0,0.1666666667,0,0,1,0,0,0,0,0.03888888889,0.03076923077,0,0,0.75,0,0,0,0,0,0,0,0,0.5,0.5,0,0,0.123721875,0.1657872596,0,0,0.15614375,0.294534375,0.15614375,0.2409625,0,0.1
http://io-kucoin-login-com.typedream.app,1,Holdout7_PhishTank,2026-04-26T23:00:11+00:00,http://io-kucoin-login-com.typedream.app,200,,urlopen,3,2,0.1818181818,0.4125,0,0.2,0.25,0,0.7664202786,0,0,0.25,0.1666666667,0,1,0,0,0,0,0.01666666667,0.007692307692,0,0,1,0,0,0,0,0,0,0,0,1,0,0,0,0.250425,0.31605,0,0,0.31605,0.31605,0.31605,0,0,0.03333333333
https://liveintrox.wixstudio.com/en-us,1,Holdout7_PhishTank,2026-04-26T23:00:11+00:00,https://liveintrox.wixstudio.com/en-us,200,,urlopen,11,28,0.1727272727,0.3,0.0375,0.2,0.08333333333,0,0.7615147512,1,0.1,0.2083333333,0,0,1,0,0,0,0,0.06111111111,0.1076923077,0.5,0.5,1,0,0,0,0,0,0,0,0,0.7857142857,0.07142857143,0,0,0.2214642857,0.2936265429,0,0,0.2981071429,0.3111321429,0.2795,0.2409625,0,0.1666666667
https://exudas-enus.wixstudio.com/ext-en,1,Holdout7_PhishTank,2026-04-26T23:00:12+00:00,https://exudas-enus.wixstudio.com/ext-en,200,,urlopen,9,28,0.1818181818,0.3125,0.04375,0.2,0.1666666667,0,0.7391475513,1,0.1,0.25,0,0,1,0,0,0,0,0.05,0.1076923077,0.3333333333,0.6666666667,1,0,0,0,0,0,0,0,0,0.7857142857,0,0,0,0.2287044643,0.2967926618,0,0,0.3123616071,0.3123616071,0.2886375,0.2409625,0,0.1333333333
https://appsuite-treizo.wixstudio.com/suite,1,Holdout7_PhishTank,2026-04-26T23:00:11+00:00,https://appsuite-treizo.wixstudio.com/suite,200,,urlopen,9,26,0.1954545455,0.3625,0.0375,0.2,0.08333333333,0,0.7291142979,1,0.1,0.2083333333,0,0,1,0,0,0,0,0.05,0.1,0.5,0.5,1,0,0,0,0,0,0,0,0,0.8461538462,0,0,0,0.2302442308,0.298530454,0,0,0.3126230769,0.3126230769,0.2905807692,0.2409625,0,0.1333333333
https://appsuitt.wixstudio.com/us-en,1,Holdout7_PhishTank,2026-04-26T23:00:12+00:00,https://appsuitt.wixstudio.com/us-en,200,,urlopen,11,28,0.1636363636,0.275,0.0375,0.2,0.08333333333,0,0.7246874221,1,0.1,0.2083333333,0,0,1,0,0,0,0,0.06111111111,0.1076923077,0.5,0.5,1,0,0,0,0,0,0,0,0,0.7857142857,0.07142857143,0,0,0.2214642857,0.2936265429,0,0,0.2981071429,0.3111321429,0.2795,0.2409625,0,0.1666666667
https://liveintrox.wixstudio.com/live,1,Holdout7_PhishTank,2026-04-26T23:00:12+00:00,https://liveintrox.wixstudio.com/live,200,,urlopen,11,28,0.1681818182,0.3,0.03125,0.2,0,0,0.7451123295,1,0.1,0.1666666667,0,0,1,0,0,0,0,0.06111111111,0.1076923077,0.5,0.5,1,0,0,0,0,0,0,0,0,0.7857142857,0.07142857143,0,0,0.2214642857,0.2936265429,0,0,0.2981071429,0.3111321429,0.2795,0.2409625,0,0.1666666667
https://suiteapps-trejo.wixstudio.com/login,1,Holdout7_PhishTank,2026-04-26T23:00:12+00:00,https://suiteapps-trejo.wixstudio.com/login,200,,urlopen,13,30,0.1954545455,0.3625,0.0375,0.2,0.08333333333,0,0.7704438434,1,0.1,0.2083333333,0.2,0,1,0,0,0,0,0.07222222222,0.1153846154,0.3333333333,0.6666666667,1,0,0,0,0,0,0,0,0,0.7333333333,0.06666666667,0,0,0.2206125,0.2921957061,0,0,0.2979625,0.3109875,0.278425,0.2409625,0,0.2
https://begins-extension-io.wixstudio.com/en-us,1,Holdout7_PhishTank,2026-04-26T23:00:12+00:00,https://begins-extension-io.wixstudio.com/en-us,200,,urlopen,9,26,0.2136363636,0.4125,0.0375,0.2,0.25,0,0.7363118765,1,0.1,0.2916666667,0,0,1,0,0,0,0,0.05,0.1,0.5,0.5,1,0,0,0,0,0,0,0,0,0.8461538462,0,0,0,0.2302442308,0.298530454,0,0,0.3126230769,0.3126230769,0.2905807692,0.2409625,0,0.1333333333
https://getting-livedesktop.wixstudio.com/en-us,1,Holdout7_PhishTank,2026-04-26T23:00:12+00:00,https://getting-livedesktop.wixstudio.com/en-us,200,,urlopen,11,28,0.2136363636,0.4125,0.0375,0.2,0.1666666667,0,0.766135884,1,0.1,0.25,0,0,1,0,0,0,0,0.06111111111,0.1076923077,0.5,0.5,1,0,0,0,0,0,0,0,0,0.7857142857,0.07142857143,0,0,0.2214642857,0.2936265429,0,0,0.2981071429,0.3111321429,0.2795,0.2409625,0,0.1666666667
https://engine-desktop.wixstudio.com/en-us,1,Holdout7_PhishTank,2026-04-26T23:00:12+00:00,https://engine-desktop.wixstudio.com/en-us,200,,urlopen,9,26,0.1909090909,0.35,0.0375,0.2,0.1666666667,0,0.7508994881,1,0.1,0.25,0,0,1,0,0,0,0,0.05,0.1,0.5,0.5,1,0,0,0,0,0,0,0,0,0.8461538462,0,0,0,0.2302442308,0.298530454,0,0,0.3126230769,0.3126230769,0.2905807692,0.2409625,0,0.1333333333
https://ipbinance.wixstudio.com/us-en,1,Holdout7_PhishTank,2026-04-26T23:00:12+00:00,https://ipbinance.wixstudio.com/us-en,200,,urlopen,9,26,0.1681818182,0.2875,0.0375,0.2,0.08333333333,0,0.7554310787,1,0.1,0.2083333333,0,0,1,0,0,0,0,0.05,0.1,0.5,0.5,1,0,0,0,0,0,0,0,0,0.8461538462,0,0,0,0.2302442308,0.298530454,0,0,0.3126230769,0.3126230769,0.2905807692,0.2409625,0,0.1333333333
https://host-desktop.wixstudio.com/us-en,1,Holdout7_PhishTank,2026-04-26T23:00:12+00:00,https://host-desktop.wixstudio.com/us-en,200,,urlopen,9,26,0.1818181818,0.325,0.0375,0.2,0.1666666667,0,0.7313770697,1,0.1,0.25,0,0,1,0,0,0,0,0.05,0.1,0.5,0.5,1,0,0,0,0,0,0,0,0,0.8461538462,0,0,0,0.2302442308,0.298530454,0,0,0.3126230769,0.3126230769,0.2905807692,0.2409625,0,0.1333333333
https://mobile-suites.wixstudio.com/suite,1,Holdout7_PhishTank,2026-04-26T23:00:12+00:00,https://mobile-suites.wixstudio.com/suite,200,,urlopen,9,26,0.1863636364,0.3375,0.0375,0.2,0.08333333333,0,0.7175661231,1,0.1,0.2083333333,0,0,1,0,0,0,0,0.05,0.1,0.5,0.5,1,0,0,0,0,0,0,0,0,0.8461538462,0,0,0,0.2302442308,0.298530454,0,0,0.3126230769,0.3126230769,0.2905807692,0.2409625,0,0.1333333333
https://homepage-startedio.wixstudio.com/us-en,1,Holdout7_PhishTank,2026-04-26T23:00:13+00:00,https://homepage-startedio.wixstudio.com/us-en,200,,urlopen,11,28,0.2090909091,0.4,0.0375,0.2,0.1666666667,0,0.7627052747,1,0.1,0.25,0,0,1,0,0,0,0,0.06111111111,0.1076923077,0.5,0.5,1,0,0,0,0,0,0,0,0,0.7857142857,0.07142857143,0,0,0.2214642857,0.2936265429,0,0,0.2981071429,0.3111321429,0.2795,0.2409625,0,0.1666666667
https://apps-bridge.wixstudio.com/us-en,1,Holdout7_PhishTank,2026-04-26T23:00:13+00:00,https://apps-bridge.wixstudio.com/us-en,200,,urlopen,9,26,0.1772727273,0.3125,0.0375,0.2,0.1666666667,0,0.7790728976,1,0.1,0.25,0,0,1,0,0,0,0,0.05,0.1,0.5,0.5,1,0,0,0,0,0,0,0,0,0.8461538462,0,0,0,0.2302442308,0.298530454,0,0,0.3126230769,0.3126230769,0.2905807692,0.2409625,0,0.1333333333
https://started-learn.wixstudio.com/us-en,1,Holdout7_PhishTank,2026-04-26T23:00:13+00:00,https://started-learn.wixstudio.com/us-en,200,,urlopen,11,28,0.1863636364,0.3375,0.0375,0.2,0.1666666667,0,0.7651450852,1,0.1,0.25,0,0,1,0,0,0,0,0.06111111111,0.1076923077,0.5,0.5,1,0,0,0,0,0,0,0,0,0.7857142857,0.07142857143,0,0,0.2214642857,0.2936265429,0,0,0.2981071429,0.3111321429,0.2795,0.2409625,0,0.1666666667
https://attomyicwallet.wixstudio.com/en-us,1,Holdout7_PhishTank,2026-04-26T23:00:13+00:00,https://attomyicwallet.wixstudio.com/en-us,200,,urlopen,13,38,0.1909090909,0.35,0.0375,0.2,0.08333333333,0,0.7616796829,1,0.1,0.2083333333,0,0,1,0,0,0,0,0.07222222222,0.1461538462,0.5714285714,0.4285714286,1,0,0,0,0,0,0,0,0,0.5789473684,0.05263157895,0,0,0.1898585526,0.2601356154,0,0,0.2927401316,0.3057651316,0.2396118421,0.2409625,0,0.2
https://liveintrox.wixstudio.com/live-desktop,1,Holdout7_PhishTank,2026-04-26T23:00:13+00:00,https://liveintrox.wixstudio.com/live-desktop,200,,urlopen,11,28,0.2045454545,0.3,0.08125,0.2,0.08333333333,0,0.7662603874,1,0.1,0.2083333333,0,0,1,0,0,0,0,0.06111111111,0.1076923077,0.5,0.5,1,0,0,0,0,0,0,0,0,0.7857142857,0.07142857143,0,0,0.2214642857,0.2936265429,0,0,0.2981071429,0.3111321429,0.2795,0.2409625,0,0.1666666667
https://suitetrxor.wixstudio.com/us-en,1,Holdout7_PhishTank,2026-04-26T23:00:13+00:00,https://suitetrxor.wixstudio.com/us-en,200,,urlopen,9,26,0.1727272727,0.3,0.0375,0.2,0.08333333333,0,0.7310624642,1,0.1,0.2083333333,0,0,1,0,0,0,0,0.05,0.1,0.5,0.5,1,0,0,0,0,0,0,0,0,0.8461538462,0,0,0,0.2302442308,0.298530454,0,0,0.3126230769,0.3126230769,0.2905807692,0.2409625,0,0.1333333333
https://connect-ledgrlivd.wixstudio.com/en-us,1,Holdout7_PhishTank,2026-04-26T23:00:13+00:00,https://connect-ledgrlivd.wixstudio.com/en-us,200,,urlopen,9,26,0.2045454545,0.3875,0.0375,0.2,0.1666666667,0,0.7801789467,1,0.1,0.25,0,0,1,0,0,0,0,0.05,0.1,0.5,0.5,1,0,0,0,0,0,0,0,0,0.8461538462,0,0,0,0.2302442308,0.298530454,0,0,0.3126230769,0.3126230769,0.2905807692,0.2409625,0,0.1333333333
https://test-desktop.wixstudio.com/us-en,1,Holdout7_PhishTank,2026-04-26T23:00:13+00:00,https://test-desktop.wixstudio.com/us-en,200,,urlopen,13,30,0.1818181818,0.325,0.0375,0.2,0.1666666667,0,0.72496839,1,0.1,0.25,0,0,1,0,0,0,0,0.07222222222,0.1153846154,0.3333333333,0.6666666667,1,0,0,0,0,0,0,0,0,0.7333333333,0.06666666667,0,0,0.2206125,0.2921957061,0,0,0.2979625,0.3109875,0.278425,0.2409625,0,0.2
https://started-ndaax.wixstudio.com/start,1,Holdout7_PhishTank,2026-04-26T23:00:13+00:00,https://started-ndaax.wixstudio.com/start,200,,urlopen,11,28,0.1863636364,0.3375,0.0375,0.2,0.08333333333,0,0.7294828059,1,0.1,0.2083333333,0,0,1,0,0,0,0,0.06111111111,0.1076923077,0.5,0.5,1,0,0,0,0,0,0,0,0,0.7857142857,0.07142857143,0,0,0.2214642857,0.2936265429,0,0,0.2981071429,0.3111321429,0.2795,0.2409625,0,0.1666666667
https://shopholdapps.wixstudio.com/en-us,1,Holdout7_PhishTank,2026-04-26T23:00:13+00:00,https://shopholdapps.wixstudio.com/en-us,200,,urlopen,9,34,0.1818181818,0.325,0.0375,0.2,0.08333333333,0,0.7409219128,1,0.1,0.2083333333,0,0,1,0,0,0,0,0.05,0.1307692308,0.6666666667,0.3333333333,1,0,0,0,0,0,0,0,0,0.6470588235,0,0,0,0.1936058824,0.2630442788,0,0,0.3064014706,0.3064014706,0.2443411765,0.2409625,0,0.1333333333
https://69edb1b6341a94b0f0c59e98--sunny-zuccutto-f8be74.netlify.app/,1,Holdout7_PhishTank,2026-04-26T23:00:13+00:00,https://69edb1b6341a94b0f0c59e98--sunny-zuccutto-f8be74.netlify.app/,200,,urlopen,8,24,0.3090909091,0.7375,0.00625,0.2,0.3333333333,0.2647058824,0.8584321396,1,0,0.25,0,0,1,0,0,0,0,0.04444444444,0.09230769231,0,1,1,0,0,0,0.5,0.5,0,0,0,0,0.8,0,0.3333333333,0.1384553571,0.1486807719,0,0.1264482143,0.1858853571,0.2373103571,0.1762497449,0.1668246429,0,0.03333333333
https://liveapp-eng.wixstudio.com/en-us,1,Holdout7_PhishTank,2026-04-26T23:00:13+00:00,https://liveapp-eng.wixstudio.com/en-us,200,,urlopen,11,30,0.1772727273,0.3125,0.0375,0.2,0.1666666667,0,0.7813583288,1,0.1,0.25,0,0,1,0,0,0,0,0.06111111111,0.1153846154,0.5,0.5,1,0,0,0,0,0,0,0,0,0.7333333333,0.1333333333,0,0,0.213855,0.2890814062,0,0,0.2857938462,0.30984,0.2698966667,0.2409625,0,0.1666666667
https://kucoilogin.webflow.io/,1,Holdout7_PhishTank,2026-04-26T23:00:13+00:00,https://kucoilogin.webflow.io/,200,,urlopen,8,8,0.1363636364,0.2625,0.00625,0.2,0,0,0.7375572295,1,0,0.125,0,0,1,0,0,0,0,0.04444444444,0.03076923077,0,1,1,0,0,0,0,0,0,0,0,0.5,0.25,0,0,0.210290625,0.2858143319,0,0,0.275903125,0.308203125,0.27258125,0.08475,0,0.1
https://live-platform.wixstudio.com/us-en,1,Holdout7_PhishTank,2026-04-26T23:00:13+00:00,https://live-platform.wixstudio.com/us-en,200,,urlopen,11,28,0.1863636364,0.3375,0.0375,0.2,0.1666666667,0,0.7921954864,1,0.1,0.25,0,0,1,0,0,0,0,0.06111111111,0.1076923077,0.5,0.5,1,0,0,0,0,0,0,0,0,0.7857142857,0.07142857143,0,0,0.2214642857,0.2936265429,0,0,0.2981071429,0.3111321429,0.2795,0.2409625,0,0.1666666667
http://ku-coin-log-in-eng.typedream.app,1,Holdout7_PhishTank,2026-04-26T23:00:13+00:00,http://ku-coin-log-in-eng.typedream.app,200,,urlopen,3,2,0.1772727273,0.4,0,0.2,0.3333333333,0,0.763944168,0,0,0.2916666667,0,0,1,0,0,0,0,0.01666666667,0.007692307692,0,0,1,0,0,0,0,0,0,0,0,1,0,0,0,0.250425,0.31605,0,0,0.31605,0.31605,0.31605,0,0,0.03333333333
https://www.kisti.re.kr,0,Holdout8_User_Normal,2026-04-26T23:15:10+00:00,https://www.kisti.re.kr,200,,urlopen,36,100,0.1045454545,0.1875,0,0.3,0,0,0.6306502963,1,0,0.1666666667,0,0,1,0,0,0,0,0.2,0.3846153846,0.6829268293,0.3170731707,0.1428571429,0.125,0,0,0,0.04375,0,0,0,0.0625,0.08333333333,0,0,0.08011764706,0.09631071635,0.04622132353,0.05151764706,0.08064453782,0.2871838235,0.100955248,0.2409625,0,0.5
https://www.kiet.re.kr,0,Holdout8_User_Normal,2026-04-26T23:15:10+00:00,https://www.kiet.re.kr,200,,urlopen,68,824,0.1,0.175,0,0.3,0,0,0.6268002736,1,0,0.1666666667,0,0,1,0,0,0,0,0.3777777778,1,0.9324324324,0.06756756757,0.02173913043,0.125,0,0.0652173913,0.0652173913,0.1089673913,0,0,0,0.03608247423,0.2010309278,0,0.01333333333,0.04237318966,0.0527495028,0.03998284483,0.05225862444,0.04522116004,0.2809453448,0.05137160543,0.2419046552,0.003640776699,0.3
https://www.kier.re.kr,0,Holdout8_User_Normal,2026-04-26T23:15:10+00:00,https://www.kier.re.kr,200,,urlopen,14,52,0.1,0.175,0,0.3,0,0,0.6268002736,1,0,0.1666666667,0,0,1,0,0,0,0,0.07777777778,0.2,0.8333333333,0.1666666667,0,0.125,0,0,0,0.04375,0,0,0,0.08333333333,0.1666666667,0,0.28,0.0504125,0.05811471292,0.041225,0.041525,0.041225,0.2366,0.06295555556,0.195375,0,0.1333333333
https://www.kitech.re.kr,0,Holdout8_User_Normal,2026-04-26T23:15:11+00:00,https://www.kitech.re.kr,200,,urlopen,28,526,0.1090909091,0.2,0,0.3,0,0,0.6498063448,1,0,0.1666666667,0,0,1,0,0,0,0,0.1555555556,1,0.9400921659,0.0599078341,0.02272727273,0.125,0,0,0,0.04375,0,0,0,0.02298850575,0.1455938697,0,0.1106557377,0.03953053977,0.05066218658,0.03928565341,0.03764630682,0.04476207386,0.2802481534,0.0498067095,0.2426018466,0,0.3666666667
https://www.kiom.re.kr,0,Holdout8_User_Normal,2026-04-26T23:15:10+00:00,http://kiom.re.kr/,200,,urlopen,3,2,0.1,0.175,0,0.3,0,0,0.6660968645,1,0,0.1666666667,0,0,1,0,0,0,0,0.01666666667,0.007692307692,0,0,1,0,0,0,0,0,0,0,0,1,0,0,0,0.250425,0.31605,0,0,0.31605,0.31605,0.31605,0,0,0.03333333333
https://www.krihs.re.kr,0,Holdout8_User_Normal,2026-04-26T23:15:11+00:00,https://www.krihs.re.kr,200,,urlopen,23,785,0.1045454545,0.1875,0,0.3,0,0,0.6306502963,1,0,0.1666666667,0,0,1,0,0,0,0,0.1277777778,1,0.9789473684,0.02105263158,0.3168316832,0.375,0,0,0,0.13125,0,0,0,0.03626943005,0.225388601,0,0.05,0.03932073864,0.04655491672,0.03926392045,0.03760284091,0.06763520758,0.2802264205,0.04943089632,0.2426235795,0,0.2
https://www.kriss.re.kr,0,Holdout8_User_Normal,2026-04-26T23:15:11+00:00,https://www.kriss.re.kr,200,,urlopen,11,703,0.1045454545,0.1875,0,0.3,0,0,0.6246828062,1,0,0.1666666667,0,0,1,0,0,0,0,0.06111111111,1,0.9966555184,0.003344481605,0.01960784314,0.125,0,0,0,0.04375,0,0,0,0.01714285714,0.1285714286,0,0.003333333333,0.03097521307,0.03955213759,0.03782634943,0.03472769886,0.04255110433,0.2787888494,0.03905714162,0.2440611506,0,0.1
https://www.kipf.re.kr,0,Holdout8_User_Normal,2026-04-26T23:15:11+00:00,https://www.kipf.re.kr/kor/,200,,urlopen,39,715,0.1,0.175,0,0.3,0,0,0.6495679389,1,0,0.1666666667,0,0,1,0,0,0,0,0.2166666667,1,1,0,0.04444444444,0.25,0,0,0,0.0875,0,0,0,0.09090909091,0.04105571848,0,0.01333333333,0.03137691532,0.03828059325,0.03799788306,0.03507076613,0.04523399418,0.2789603831,0.03864502986,0.2438896169,0,0.1
https://www.kier.re.kr/eng,0,Holdout8_User_Normal,2026-04-26T23:15:11+00:00,https://www.kier.re.kr/eng,200,,urlopen,24,110,0.1181818182,0.175,0.025,0.3,0,0,0.6603985676,1,0.1,0.2083333333,0,0,1,0,0,0,0,0.1333333333,0.4230769231,0.8518518519,0.1481481481,0.04347826087,0.125,0,0,0,0.04375,0,0,0,0.22,0.24,0,0.3863636364,0.0470059322,0.05461033141,0.04073114407,0.04053728814,0.0512077745,0.2816936441,0.0580347314,0.2411563559,0,0.2
https://www.kihasa.re.kr,0,Holdout8_User_Normal,2026-04-26T23:15:11+00:00,https://www.kihasa.re.kr,200,,urlopen,17,695,0.1090909091,0.2,0,0.3,0,0,0.6555251895,1,0,0.1666666667,0,0,1,0,0,0,0,0.09444444444,1,0.9788732394,0.02112676056,0.06451612903,0.125,0,0,0,0.04375,0,0,0.008670520231,0.02601156069,0.1531791908,0,0.05333333333,0.03664267241,0.05204020688,0.0387887931,0.03665258621,0.0615825431,0.4295387931,0.04621214452,0.3928862069,0.008633093525,0.2
https://www.kigam.re.kr,0,Holdout8_User_Normal,2026-04-26T23:15:11+00:00,https://www.kigam.re.kr,200,,urlopen,18,740,0.1045454545,0.1875,0,0.3,0,0,0.6840486165,1,0,0.1666666667,0,0,1,0,0,0,0,0.1,1,0.9829351536,0.01706484642,0,0.125,0,0,0,0.04375,0,0,0,0.04619565217,0.1576086957,0,0.02333333333,0.03227597709,0.04069228091,0.03805074124,0.03517648248,0.03805074124,0.2334257412,0.04066833284,0.1982492588,0,0.2
https://www.kfri.re.kr,0,Holdout8_User_Normal,2026-04-26T23:15:11+00:00,https://www.kfri.re.kr,200,,urlopen,7,130,0.1,0.175,0,0.3,0,0,0.6433291992,1,0,0.1666666667,0,0,1,0,0,0,0,0.03888888889,0.5,0.9827586207,0.01724137931,0,0,0,0,0,0,0,0,0,0.09230769231,0.01538461538,0,0.03333333333,0.03256442308,0.04094449747,0,0,0.03809230769,0.2334673077,0.04109807692,0.195375,0,0.06666666667
https://www.krei.re.kr,0,Holdout8_User_Normal,2026-04-26T23:15:11+00:00,http://www.krei.re.kr/krei/index.do,200,,urlopen,3,2,0.1,0.175,0,0.3,0,0,0.6268002736,1,0,0.1666666667,0,0,1,0,0,0,0,0.01666666667,0.007692307692,0,0,1,0,0,0,0,0,0,0,0,1,0,0,0,0.250425,0.31605,0,0,0.31605,0.31605,0.31605,0,0,0.03333333333
https://www.keiti.re.kr,0,Holdout8_User_Normal,2026-04-26T23:15:11+00:00,https://www.keiti.re.kr,200,,urlopen,3,8,0.1045454545,0.1875,0,0.3,0,0,0.6306502963,1,0,0.1666666667,0,0,1,0,0,0,0,0.01666666667,0.03076923077,1,0,0,0,0,0,0,0,0,0,0,0,0,0,0,0.0298125,0.037625,0,0,0,0.037625,0.037625,0,0,0.03333333333
https://www.nims.re.kr,0,Holdout8_User_Normal,2026-04-26T23:15:11+00:00,https://www.nims.re.kr,200,,urlopen,16,470,0.1,0.175,0,0.3,0,0,0.6660968645,1,0,0.1666666667,0,0,1,0,0,0,0,0.08888888889,1,0.9847715736,0.0152284264,0.02777777778,0.125,0,0,0,0.04375,0,0,0,0.03433476395,0.1201716738,0,0.09633027523,0.03310407839,0.04229898301,0.03819560381,0.03546620763,0.04488900659,0.2791581038,0.04167708139,0.2436918962,0,0.1666666667
https://www.kird.re.kr,0,Holdout8_User_Normal,2026-04-26T23:15:11+00:00,https://www.kird.re.kr,200,,urlopen,28,341,0.1,0.175,0,0.3,0,0,0.6433291992,1,0,0.1666666667,0,0,1,0,0,0,0,0.1555555556,1,0.8646616541,0.1353383459,0.02702702703,0,0,0,0,0,0,0,0,0.1411764706,0.07647058824,0,0.02919708029,0.04998881579,0.06245418562,0,0.04119342105,0.04757171053,0.2820217105,0.06303492228,0.2409625,0,0.4
https://www.kimm.re.kr,0,Holdout8_User_Normal,2026-04-26T23:15:11+00:00,https://www.kimm.re.kr,200,,urlopen,41,692,0.1,0.175,0,0.3,0,0,0.6495679389,1,0,0.1666666667,0,0,1,0,0,0,0,0.2277777778,1,0.9353741497,0.06462585034,0.04166666667,0.125,0,0,0,0.04375,0,0,0,0.02923976608,0.1111111111,0,0.02,0.04062249284,0.05110711732,0.03947593123,0.03802686246,0.04740529321,0.2804384312,0.05114106185,0.2424115688,0,0.5
https://www.ipet.re.kr,0,Holdout8_User_Normal,2026-04-26T23:15:11+00:00,https://www.ipet.re.kr,200,,urlopen,86,708,0.1,0.175,0,0.3,0,0,0.6268002736,1,0,0.1666666667,0,0,1,0,0,0,0,0.4777777778,1,0.7725631769,0.2274368231,0,0.125,0,0,0,0.04375,0,0,0,0.01420454545,0.1988636364,0,0.06418918919,0.06161165493,0.08017197512,0.04303260563,0.04514021127,0.04303260563,0.2384076056,0.07771666257,0.195375,0,1
https://www.kli.re.kr,0,Holdout8_User_Normal,2026-04-26T23:15:11+00:00,https://www.kli.re.kr,200,,urlopen,21,675,0.09545454545,0.1625,0,0.3,0,0,0.6470033842,1,0,0.1666666667,0,0,1,0,0,0,0,0.1166666667,1,0.9717314488,0.02826855124,0,0.375,0,0,0,0.13125,0,0,0,0.01812688822,0.1268882175,0,0.05666666667,0.03420989736,0.04265417269,0.03839996334,0.03587492669,0.03839996334,0.2337749633,0.04293170746,0.1979000367,0,0.1666666667
https://www.konetic.or.kr,0,Holdout8_User_Normal,2026-04-26T23:15:11+00:00,https://www.konetic.or.kr/user/main/main.do,200,,urlopen,33,165,0.1136363636,0.2125,0,0.3,0,0,0.6824126708,1,0,0.1666666667,0,0,1,0,0,0,0,0.1833333333,0.6346153846,0.7631578947,0.2368421053,0.02857142857,0.625,0,0,0,0.21875,0,0,0,0.1369863014,0.3424657534,0,0.8010471204,0.05022025862,0.05619856262,0.04123275862,0.04154051724,0.04365168719,0.2366077586,0.0624489348,0.195375,0,0.3333333333
https://www.nier.go.kr,0,Holdout8_User_Normal,2026-04-26T23:15:11+00:00,https://www.nier.go.kr,200,,urlopen,82,396,0.1,0.175,0,0.3,0,0,0.6826257901,1,0,0.1666666667,0,0,1,0,0,0,0,0.4555555556,1,0.4513274336,0.5486725664,0,0.25,0,0,0,0.0875,0,0,0,0.04102564103,0.3794871795,0,0.5515873016,0.08564076633,0.115044645,0.04711909548,0.05331319095,0.04711909548,0.2424940955,0.1080519507,0.195375,0,1
https://www.upa.or.kr,0,Holdout8_User_Normal,2026-04-26T23:15:11+00:00,https://www.upa.or.kr/main.do,200,,urlopen,40,708,0.09545454545,0.1625,0,0.3,0,0,0.6470033842,1,0,0.1666666667,0,0,1,0,0,0,0,0.2222222222,1,0.9475524476,0.05244755245,0.08064516129,0.25,0,0,0,0.0875,0,0,0,0.06896551724,0.1091954023,0,0.04666666667,0.04060715782,0.05228456819,0.0394887919,0.0380525838,0.05892125158,0.2804512919,0.05100819926,0.2423987081,0,0.4666666667
https://www.kobic.re.kr,0,Holdout8_User_Normal,2026-04-26T23:15:12+00:00,https://www.kobic.re.kr/kobic/,200,,urlopen,31,381,0.1045454545,0.1875,0,0.3,0,0,0.6840486165,1,0,0.1666666667,0,0,1,0,0,0,0,0.1722222222,1,0.9503546099,0.04964539007,0.02272727273,0.125,0,0.1111111111,0.2222222222,0.2659722222,0,0,0,0.1027027027,0.1351351351,0,0.101910828,0.04045673077,0.05253505968,0.03958769231,0.07320594017,0.04506411276,0.2805501923,0.04938847041,0.2422998077,0.002624671916,0.3
https://www.icpa.or.kr,0,Holdout8_User_Normal,2026-04-26T23:15:11+00:00,https://www.icpa.or.kr/index.do,200,,urlopen,112,642,0.1,0.175,0,0.3,0,0,0.6660968645,1,0,0.1666666667,0,0,1,0,0,0,0,0.6222222222,1,0.7696078431,0.2303921569,0.01030927835,0.125,0,0,0,0.04375,0,0,0,0.03986710963,0.2823920266,0,0.153526971,0.05628209559,0.0661080281,0.04227356618,0.04362213235,0.04475771566,0.2832360662,0.0701407221,0.2409625,0,1
https://www.nkis.re.kr,0,Holdout8_User_Normal,2026-04-26T23:15:12+00:00,https://www.nkis.re.kr/main.do,200,,urlopen,205,458,0.1,0.175,0,0.3,0,0,0.6495679389,1,0,0.1666666667,0,0,1,0,0,0,0,1,1,0.8,0.2,0.2089552239,1,0,0,0,0.35,0,0,0,0.1240875912,0.3649635036,0,0.5705521472,0.04810794728,0.0472565971,0.04135798722,0.04179097444,0.07148729262,0.2823204872,0.05672784937,0.2409625,0,0.5333333333
https://www.khoa.go.kr,0,Holdout8_User_Normal,2026-04-26T23:15:11+00:00,https://www.khoa.go.kr,200,,urlopen,58,609,0.1,0.175,0,0.3,0,0,0.6495679389,1,0,0.1666666667,0,0,1,0,0,0,0,0.3222222222,1,0.8321428571,0.1678571429,0.04761904762,0.25,0,0,0,0.0875,0,0,0,0.03322259136,0.0365448505,0,0.06666666667,0.05769227941,0.07115798246,0.04236323529,0.04380147059,0.04880817577,0.2377382353,0.07280008891,0.195375,0,0.8333333333
https://www.mof.go.kr/index.do,0,Holdout8_User_Normal,2026-04-26T23:15:12+00:00,https://www.mof.go.kr/index.do,200,,public_dns,38,635,0.1363636364,0.1625,0.05625,0.4,0,0,0.7329821537,1,0.1,0.25,0,0,1,0,0,0,0,0.2111111111,1,0.8884758364,0.1115241636,0,0.125,0,0,0,0.04375,0,0,0.003174603175,0.0380952381,0.1047619048,0,0.1033333333,0.04672664577,0.05863295438,0.0405101489,0.04009529781,0.0405101489,0.2358851489,0.05888007193,0.1957898511,0,0.5
https://www.kaeri.re.kr,0,Holdout8_User_Normal,2026-04-26T23:15:12+00:00,https://www.kaeri.re.kr,200,,urlopen,51,350,0.1045454545,0.1875,0,0.3,0,0,0.646460573,1,0,0.1666666667,0,0,1,0,0,0,0,0.2833333333,1,0.8686131387,0.1313868613,0.03225806452,0.125,0,0,0,0.04375,0,0,0,0.07738095238,0.1071428571,0,0.1161290323,0.0487734116,0.05748625005,0.04091982044,0.04091464088,0.04528574786,0.2362948204,0.06104924224,0.1953801796,0,0.5666666667
https://www.busanpa.com,0,Holdout8_User_Normal,2026-04-26T23:15:12+00:00,https://www.busanpa.com/index.bpa,200,,urlopen,47,1059,0.1045454545,0.1875,0,0.2,0,0,0.6900161066,1,0,0.125,0,0,1,0,0,0,0,0.2611111111,1,0.9364548495,0.0635451505,0.02222222222,0.375,0,0,0,0.13125,0,0,0,0.03244274809,0.3969465649,0,0.003333333333,0.03836630639,0.0513944907,0.03909046053,0.03725592105,0.04444518275,0.2800529605,0.04831558234,0.2427970395,0,0.6333333333
https://www.nibr.go.kr,0,Holdout8_User_Normal,2026-04-26T23:15:12+00:00,https://www.nibr.go.kr,200,,public_dns,38,364,0.1,0.175,0,0.3,0,0,0.6826257901,1,0,0.1666666667,0,0,1,0,0,0,0,0.2111111111,1,0.6626506024,0.3373493976,0.01149425287,1,0,0,0,0.35,0,0,0,0.04705882353,0.4647058824,0,0.6807692308,0.05834697581,0.07234915106,0.0425296371,0.04413427419,0.045299321,0.2834921371,0.07330544138,0.2409625,0,0.4333333333
https://www.kiep.go.kr,0,Holdout8_User_Normal,2026-04-26T23:15:13+00:00,https://www.kiep.go.kr,200,,urlopen,26,652,0.1,0.175,0,0.3,0,0,0.6660968645,1,0,0.1666666667,0,0,1,0,0,0,0,0.1444444444,1,0.9732441472,0.02675585284,0.2,0.125,0,0,0,0.04375,0,0,0,0.02777777778,0.04938271605,0,0.003333333333,0.03587133028,0.04501110368,0.03866227064,0.03639954128,0.06184677064,0.2796247706,0.04520076312,0.2432252294,0,0.3333333333
https://www.me.go.kr/home/web/main.do,0,Holdout8_User_Normal,2026-04-26T23:15:12+00:00,https://www.me.go.kr/home/web/main.do,200,,public_dns,304,757,0.1681818182,0.15,0.10625,0.4,0,0,0.7217467889,1,0.3,0.3333333333,0,0,1,0,0,0,0,1,1,0.5915492958,0.4084507042,0.04347826087,0.125,0,0,0,0.04375,0,0,0.006060606061,0.02727272727,0.1060606061,0,0.04697986577,0.08252508803,0.08662471724,0.04685871479,0.05279242958,0.06340762783,0.4376087148,0.1035657639,0.39075,0.007926023778,1
https://www.kotsa.or.kr,0,Holdout8_User_Normal,2026-04-26T23:15:11+00:00,https://www.kotsa.or.kr,200,,urlopen,8,26,0.1045454545,0.1875,0,0.3,0,0,0.6306502963,1,0,0.1666666667,0,0,1,0,0,0,0,0.04444444444,0.1,0.6666666667,0.3333333333,0.1428571429,0,0,0,0,0,0,0,0.07692307692,0,0.4615384615,0,0,0.08485096154,0.1658950669,0,0,0.1027925824,0.4377211538,0.1070865385,0.39075,0.07692307692,0.1
https://www.kaia.re.kr,0,Holdout8_User_Normal,2026-04-26T23:15:11+00:00,https://www.kaia.re.kr/main.jsp,200,,urlopen,3,10,0.1,0.175,0,0.3,0,0,0.6495679389,1,0,0.1666666667,0,0,1,0,0,0,0,0.01666666667,0.03846153846,0,0,0,0,0,0,0,0,0,0,0,1,0,0,0,0.0298125,0.037625,0,0,0.037625,0.037625,0.037625,0,0,0.03333333333
https://www.realtyprice.kr,0,Holdout8_User_Normal,2026-04-26T23:15:11+00:00,https://www.realtyprice.kr/notice/,200,,urlopen,3,4,0.1181818182,0.225,0,0.2,0,0,0.6989284627,1,0,0.125,0,0,1,0,0,0,0,0.01666666667,0.01538461538,0,0,0,0,0,0,0,0,0,0,0,1,0,0,0,0.0298125,0.037625,0,0,0.037625,0.037625,0.037625,0,0,0.03333333333
https://www.applyhome.co.kr,0,Holdout8_User_Normal,2026-04-26T23:15:11+00:00,https://www.applyhome.co.kr,200,,urlopen,3,6,0.1227272727,0.2375,0,0.3,0,0,0.7145946131,1,0,0.1666666667,0,0,1,0,0,0,0,0.01666666667,0.02307692308,0,0,0,0,0,0,0,0,0,0,0,1,0,0,0,0.0298125,0.037625,0,0,0.037625,0.037625,0.037625,0,0,0.03333333333
https://www.myhome.go.kr,0,Holdout8_User_Normal,2026-04-26T23:15:11+00:00,https://www.myhome.go.kr,200,,urlopen,3,2,0.1090909091,0.2,0,0.3,0,0,0.6858282198,1,0,0.1666666667,0,0,1,0,0,0,0,0.01666666667,0.007692307692,0,0,0,0,0,0,0,0,0,0,0,1,0,0,0,0.0298125,0.037625,0,0,0.037625,0.037625,0.037625,0,0,0.03333333333
https://www.sbiz.or.kr/nbs/main.do,0,Holdout8_User_Normal,2026-04-26T23:15:11+00:00,https://www.sbiz24.kr/,200,,urlopen,3,4,0.1545454545,0.175,0.075,0.4,0,0,0.7244062118,1,0.2,0.2916666667,0,0,1,0,0,1,0.2,0.01666666667,0.01538461538,0,0,0,0,0,0,0,0,0,0,0,1,0,0,0,0.0298125,0.037625,0,0,0.037625,0.037625,0.037625,0,0,0.03333333333
https://www.kosmes.or.kr/sbc/SH/MAP/SHMAP001M0.do,0,Holdout8_User_Normal,2026-04-26T23:15:12+00:00,https://www.kosmes.or.kr/nsh/map/main.do,200,,urlopen,41,169,0.2227272727,0.2,0.15625,0.4,0,0.08163265306,0.7814154262,1,0.4,0.375,0,0,1,0,0,0,0,0.2277777778,0.65,0.3846153846,0.6153846154,0.01960784314,0.125,0,0,0,0.04375,0,0,0.01298701299,0.2207792208,0.4285714286,0,0.9133333333,0.06659258242,0.0780430834,0.04406717033,0.04720934066,0.05172893504,0.4348171703,0.0831616562,0.39075,0.01183431953,0.4
https://www.kotra.or.kr/index.do,0,Holdout8_User_Normal,2026-04-26T23:15:11+00:00,https://www.kotra.or.kr/index.do,200,,urlopen,34,662,0.1454545455,0.1875,0.05625,0.4,0,0,0.7058270596,1,0.1,0.25,0,0,1,0,0,0,0,0.1888888889,1,0.9510204082,0.04897959184,0,0.375,0,0,0,0.13125,0,0,0,0.06875,0.165625,0,0.1833333333,0.03660630531,0.04470225788,0.03884358407,0.03676216814,0.03884358407,0.2342185841,0.04566127535,0.1974564159,0,0.2333333333
https://www.kita.net,0,Holdout8_User_Normal,2026-04-26T23:15:12+00:00,https://www.kita.net,200,,urlopen,66,278,0.09090909091,0.15,0,0.2,0,0,0.6334879491,1,0,0.125,0,0,1,0,0,0,0,0.3666666667,1,0.7777777778,0.2222222222,0.01162790698,0.25,0,0,0.02083333333,0.1083333333,0,0,0,0.1415929204,0.6194690265,0,0.91,0.04175613497,0.04683189107,0.04009723926,0.04160124936,0.0428991288,0.2810597393,0.04921015328,0.2417902607,0,0.2333333333
https://www.semas.or.kr/web/main/index.kmdc,0,Holdout8_User_Normal,2026-04-26T23:15:12+00:00,https://www.semas.or.kr/web/main/index.kmdc,200,,urlopen,39,532,0.1954545455,0.1875,0.125,0.4,0,0,0.7503386109,1,0.3,0.3333333333,0,0,1,0,0,0,0,0.2166666667,1,0.7662337662,0.2337662338,0.05714285714,0,0,0,0,0,0,0,0,0.04511278195,0.08646616541,0,0.04938271605,0.06778421053,0.08732429616,0,0,0.05784231203,0.2850355263,0.08554736842,0.2409625,0,0.6
https://www.korcham.net/nCham/Service/Main/appl/Main.asp,0,Holdout8_User_Normal,2026-04-26T23:15:12+00:00,https://www.korcham.net/nCham/Service/Main/appl/Main.asp,200,,urlopen,59,530,0.2545454545,0.1875,0.20625,0.3,0,0,0.7646795168,1,0.5,0.375,0,0,1,0,0,0,0,0.3277777778,1,0.7905405405,0.2094594595,0.1481481481,0.25,0,0,0,0.0875,0,0,0,0.0625,0.359375,0,0.4241245136,0.05938800551,0.07642722708,0.04264283088,0.04436066176,0.06829097903,0.2836053309,0.07508363835,0.2409625,0,0.6666666667
https://www.kotsa.or.kr/main.do,0,Holdout8_User_Normal,2026-04-26T23:15:13+00:00,https://main.kotsa.or.kr/main.do,200,,requests,20,608,0.1409090909,0.1875,0.05,0.4,0,0,0.6953697103,1,0.1,0.25,0,0,1,0,0,0,0,0.1111111111,1,0.9856630824,0.01433691756,0.04761904762,0.25,0.5,0,0,0.0875,0,0.125,0.003333333333,0.01333333333,0.05333333333,0,0.07,0.03500661765,0.0507255483,0.299025,0.036125,0.05713214286,0.559525,0.04402712418,0.5234,0.006578947368,0.2
https://www.buykorea.org,0,Holdout8_User_Normal,2026-04-26T23:15:12+00:00,https://buykorea.org/,200,,urlopen,23,138,0.1090909091,0.2,0,0.2,0,0,0.7218500948,1,0,0.125,0,0,1,0,0,0,0,0.1277777778,0.5307692308,0.7586206897,0.2413793103,1,0.125,0,0,0,0.04375,0,0,0.01515151515,0.4848484848,0.06060606061,0,0.4081632653,0.1582051056,0.2074045433,0.05927253521,0.07762007042,0.2938076703,0.4500225352,0.2017910583,0.39075,0.01449275362,0.2666666667
https://www.kwater.or.kr/main.do,0,Holdout8_User_Normal,2026-04-26T23:15:12+00:00,https://www.kwater.or.kr/main.do,200,,urlopen,17,623,0.1454545455,0.2,0.05,0.4,0,0,0.7030416903,1,0.1,0.25,0,0,1,0,0,0,0,0.09444444444,1,0.9859649123,0.01403508772,0.08695652174,0.125,0,0,0,0.04375,0,0,0,0.01298701299,0.06168831169,0,0.05,0.03365218949,0.04304628961,0.03829892516,0.03567285032,0.05925218603,0.2792614252,0.04228075518,0.2435885748,0,0.1333333333
https://www.forest.go.kr,0,Holdout8_User_Normal,2026-04-26T23:15:12+00:00,https://www.forest.go.kr,200,,public_dns,3,2,0.1090909091,0.2,0,0.3,0,0,0.6649578599,1,0,0.1666666667,0,0,1,0,0,0,0,0.01666666667,0.007692307692,1,0,0,0,0,0,0,0,0,0,0,0,0,0,0,0.0298125,0.037625,0,0,0,0.037625,0.037625,0,0,0.03333333333
https://home.kepco.co.kr,0,Holdout8_User_Normal,2026-04-26T23:15:12+00:00,https://home.kepco.co.kr,200,,urlopen,4,18,0.1090909091,0.2,0,0.3,0,0,0.6555251895,1,0,0.1666666667,0,0,1,0,0,0,0,0.02222222222,0.06923076923,1,0,0,0,0,0,0,0,0,0,0,0,0.1111111111,0,0.1111111111,0.0298125,0.037625,0,0,0.037625,0.037625,0.037625,0,0,0.03333333333
https://www.kbiz.or.kr/ko/index/index.do,0,Holdout8_User_Normal,2026-04-26T23:15:13+00:00,https://www.kbiz.or.kr/ko/index/index.do,200,,urlopen,35,695,0.1818181818,0.175,0.1125,0.4,0,0,0.72496839,1,0.3,0.3333333333,0,0,1,0,0,0,0,0.1944444444,1,0.9736842105,0.02631578947,0.01408450704,0.375,0,0,0,0.13125,0,0,0,0.05341246291,0.1572700297,0,0.1133333333,0.03437461268,0.04264636587,0.0384578169,0.0359906338,0.04185165493,0.2794203169,0.04288480212,0.2434296831,0,0.2666666667
https://www.molit.go.kr/USR/WPGE0201/m_35396/DTL.jsp,0,Holdout8_User_Normal,2026-04-26T23:15:13+00:00,https://www.molit.go.kr/USR/WPGE0201/m_35396/DTL.jsp,0,<urlopen error [WinError 10054] 현재 연결은 원격 호스트에 의해 강제로 끊겼습니다>,urlopen,1,0,0.2363636364,0.1875,0.18125,0.4,0,0.1730769231,0.8790325711,1,0.4,0.375,0,0,0,1,1,0,0,0.005555555556,0,0,0,0,0,0,0,0,0,0,0,0,0,0,0,0,0.25,0,0,0,0,0,0,0,0,0
http://allegro-lokalnie.kup19328t0439g-f.bond/,1,Holdout8_PhishTank_Fill,2026-04-26T23:15:13+00:00,https://allegro-lokalnie.kup19328t0439g-f.bond/,200,,urlopen,1,0,0.2090909091,0.475,0.00625,0.2,0.1666666667,0.1956521739,0.83722999,0,0,0.1666666667,0,0,0,0,0,0,0,0.005555555556,0,0,0,0,0,0,0,0,0,0,0,0,0,0,0,0,0,0,0,0,0,0,0,0,0,0
https://exudas-enus.wixstudio.com/en-us,1,Holdout8_PhishTank_Fill,2026-04-26T23:15:12+00:00,https://exudas-enus.wixstudio.com/en-us,200,,urlopen,9,28,0.1772727273,0.3125,0.0375,0.2,0.1666666667,0,0.7377919979,1,0.1,0.25,0,0,1,0,0,0,0,0.05,0.1076923077,0.3333333333,0.6666666667,1,0,0,0,0,0,0,0,0,0.7857142857,0,0,0,0.2287044643,0.2967926618,0,0,0.3123616071,0.3123616071,0.2886375,0.2409625,0,0.1333333333
https://enwebexudus.wixstudio.com/extension,1,Holdout8_PhishTank_Fill,2026-04-26T23:15:12+00:00,https://enwebexudus.wixstudio.com/extension,200,,urlopen,11,28,0.1954545455,0.3125,0.0625,0.2,0,0,0.7238495516,1,0.1,0.1666666667,0,0,1,0,0,0,0,0.06111111111,0.1076923077,0.5,0.5,1,0,0,0,0,0,0,0,0,0.7857142857,0.07142857143,0,0,0.2214642857,0.2936265429,0,0,0.2981071429,0.3111321429,0.2795,0.2409625,0,0.1666666667
https://en-ex-odus.wixstudio.com/en-us,1,Holdout8_PhishTank_Fill,2026-04-26T23:15:13+00:00,https://en-ex-odus.wixstudio.com/en-us,200,,urlopen,9,26,0.1727272727,0.3,0.0375,0.2,0.25,0,0.7315402895,1,0.1,0.2916666667,0,0,1,0,0,0,0,0.05,0.1,0.5,0.5,1,0,0,0,0,0,0,0,0,0.8461538462,0,0,0,0.2302442308,0.298530454,0,0,0.3126230769,0.3126230769,0.2905807692,0.2409625,0,0.1333333333
https://ku-coin-log-in-eng.typedream.app/,1,Holdout8_PhishTank_Fill,2026-04-26T23:15:13+00:00,https://ku-coin-log-in-eng.typedream.app/,200,,urlopen,3,38,0.1863636364,0.4,0.00625,0.2,0.3333333333,0,0.7744571272,1,0,0.2916666667,0,0,1,0,0,0,0,0.01666666667,0.1461538462,0,0,0,0,0,0,0,0,0,0,0,1,0,0,0,0.0298125,0.037625,0,0,0.037625,0.037625,0.037625,0,0,0.03333333333
https://io-kucoin-login-com.typedream.app/,1,Holdout8_PhishTank_Fill,2026-04-26T23:15:13+00:00,https://io-kucoin-login-com.typedream.app/,200,,urlopen,3,38,0.1909090909,0.4125,0.00625,0.2,0.25,0,0.7768735141,1,0,0.25,0.1666666667,0,1,0,0,0,0,0.01666666667,0.1461538462,0,0,0,0,0,0,0,0,0,0,0,1,0,0,0,0.0298125,0.037625,0,0,0.037625,0.037625,0.037625,0,0,0.03333333333
https://exdus-extension.wixstudio.com/en-us,1,Holdout8_PhishTank_Fill,2026-04-26T23:15:12+00:00,https://exdus-extension.wixstudio.com/en-us,200,,urlopen,9,26,0.1954545455,0.3625,0.0375,0.2,0.1666666667,0,0.7238495516,1,0.1,0.25,0,0,1,0,0,0,0,0.05,0.1,0.5,0.5,1,0,0,0,0,0,0,0,0,0.8461538462,0,0,0,0.2302442308,0.298530454,0,0,0.3126230769,0.3126230769,0.2905807692,0.2409625,0,0.1333333333
https://react-exxodas.wixstudio.com/web-en,1,Holdout8_PhishTank_Fill,2026-04-26T23:15:12+00:00,https://react-exxodas.wixstudio.com/web-en,200,,urlopen,9,26,0.1909090909,0.3375,0.04375,0.2,0.1666666667,0,0.7682155054,1,0.1,0.25,0,0,1,0,0,0,0,0.05,0.1,0.5,0.5,1,0,0,0,0,0,0,0,0,0.8461538462,0,0,0,0.2302442308,0.298530454,0,0,0.3126230769,0.3126230769,0.2905807692,0.2409625,0,0.1333333333
https://enus-exodsu.wixstudio.com/en-extension,1,Holdout8_PhishTank_Fill,2026-04-26T23:15:13+00:00,https://enus-exodsu.wixstudio.com/en-extension,200,,urlopen,9,26,0.2090909091,0.3125,0.08125,0.2,0.1666666667,0,0.7187550159,1,0.1,0.25,0,0,1,0,0,0,0,0.05,0.1,0.5,0.5,1,0,0,0,0,0,0,0,0,0.8461538462,0,0,0,0.2302442308,0.298530454,0,0,0.3126230769,0.3126230769,0.2905807692,0.2409625,0,0.1333333333
https://web3-exxodos.wixstudio.com/en-us,1,Holdout8_PhishTank_Fill,2026-04-26T23:15:13+00:00,https://web3-exxodos.wixstudio.com/en-us,200,,urlopen,9,26,0.1818181818,0.325,0.0375,0.2,0.1666666667,0.025,0.7538980627,1,0.1,0.25,0,0,1,0,0,0,0,0.05,0.1,0.5,0.5,1,0,0,0,0,0,0,0,0,0.8461538462,0,0,0,0.2302442308,0.298530454,0,0,0.3126230769,0.3126230769,0.2905807692,0.2409625,0,0.1333333333
https://md.elginfo.com/captcha.php,1,Holdout8_PhishTank_Fill,2026-04-26T23:15:14+00:00,https://www.lemonde.fr/,200,,urlopen,15,788,0.1545454545,0.175,0.075,0.3,0,0,0.7229909042,1,0.1,0.2083333333,0,0,1,0,0,1,0.2,0.08333333333,1,0.9932432432,0.006756756757,0.9270833333,0.125,0,0,0,0.04375,0,0,0.002551020408,0.02040816327,0.2219387755,0,0.01333333333,0.04930433544,0.05580470248,0.04094189873,0.04095879747,0.1242476279,0.4316918987,0.0621776805,0.39075,0.002538071066,0.1666666667
https://exdus-extension.wixstudio.com/exodus-us-en,1,Holdout8_PhishTank_Fill,2026-04-26T23:15:13+00:00,https://exdus-extension.wixstudio.com/exodus-us-en,200,,urlopen,9,26,0.2272727273,0.3625,0.08125,0.2,0.25,0,0.7174507509,1,0.1,0.2916666667,0,0,1,0,0,0,0,0.05,0.1,0.5,0.5,1,0,0,0,0,0,0,0,0,0.8461538462,0,0,0,0.2302442308,0.298530454,0,0,0.3126230769,0.3126230769,0.2905807692,0.2409625,0,0.1333333333
https://exduos-connect.wixstudio.com/en-us,1,Holdout8_PhishTank_Fill,2026-04-26T23:15:13+00:00,https://exduos-connect.wixstudio.com/en-us,200,,urlopen,9,26,0.1909090909,0.35,0.0375,0.2,0.1666666667,0,0.7303155595,1,0.1,0.25,0,0,1,0,0,0,0,0.05,0.1,0.5,0.5,1,0,0,0,0,0,0,0,0,0.8461538462,0,0,0,0.2302442308,0.298530454,0,0,0.3126230769,0.3126230769,0.2905807692,0.2409625,0,0.1333333333
https://md.elginfo.com/,1,Holdout8_PhishTank_Fill,2026-04-26T23:15:15+00:00,https://www.lemonde.fr/,200,,urlopen,12,807,0.1045454545,0.175,0.00625,0.2,0,0,0.72163666,1,0,0.125,0,0,1,0,0,1,0.2,0.06666666667,1,0.9932432432,0.006756756757,0.9716981132,0.125,0,0,0,0.04375,0,0,0,0.009950248756,0.2537313433,0,0.01333333333,0.05083830446,0.05533753986,0.04119882426,0.04147264851,0.1249397441,0.2821613243,0.06413833249,0.2409625,0,0.1333333333
http://allegro-lokalnie.prowir127190f3.bond/,1,Holdout8_PhishTank_Fill,2026-04-26T23:15:12+00:00,http://allegro-lokalnie.prowir127190f3.bond/,200,,urlopen,3,2,0.2,0.45,0.00625,0.2,0.08333333333,0.1590909091,0.8210959348,0,0,0.1666666667,0,0,1,0,0,0,0,0.01666666667,0.007692307692,0,0,1,0,0,0,0,0,0,0,0,1,0,0,0,0.250425,0.31605,0,0,0.31605,0.31605,0.31605,0,0,0.03333333333
https://atimoic-ex.wixstudio.com/en-us,1,Holdout8_PhishTank_Fill,2026-04-26T23:15:13+00:00,https://atimoic-ex.wixstudio.com/en-us,200,,urlopen,11,30,0.1727272727,0.3,0.0375,0.2,0.1666666667,0,0.7423759952,1,0.1,0.25,0,0,1,0,0,0,0,0.06111111111,0.1153846154,0.5,0.5,1,0,0,0,0,0,0,0,0,0.7333333333,0.1333333333,0,0,0.213855,0.2890814062,0,0,0.2857938462,0.30984,0.2698966667,0.2409625,0,0.1666666667
https://exdus-extension.wixstudio.com/us-en,1,Holdout8_PhishTank_Fill,2026-04-26T23:15:13+00:00,https://exdus-extension.wixstudio.com/us-en,200,,urlopen,9,26,0.1954545455,0.3625,0.0375,0.2,0.1666666667,0,0.7238495516,1,0.1,0.25,0,0,1,0,0,0,0,0.05,0.1,0.5,0.5,1,0,0,0,0,0,0,0,0,0.8461538462,0,0,0,0.2302442308,0.298530454,0,0,0.3126230769,0.3126230769,0.2905807692,0.2409625,0,0.1333333333
https://ioatomicwallextensio.wixstudio.com/en-us,1,Holdout8_PhishTank_Fill,2026-04-26T23:15:13+00:00,https://ioatomicwallextensio.wixstudio.com/en-us,200,,urlopen,9,26,0.2181818182,0.425,0.0375,0.2,0.08333333333,0,0.7490132712,1,0.1,0.2083333333,0,0,1,0,0,0,0,0.05,0.1,0.5,0.5,1,0,0,0,0,0,0,0,0,0.8461538462,0,0,0,0.2302442308,0.298530454,0,0,0.3126230769,0.3126230769,0.2905807692,0.2409625,0,0.1333333333
https://atomcextension.wixstudio.com/us-en,1,Holdout8_PhishTank_Fill,2026-04-26T23:15:13+00:00,https://atomcextension.wixstudio.com/us-en,200,,urlopen,9,26,0.1909090909,0.35,0.0375,0.2,0.08333333333,0,0.7352733388,1,0.1,0.2083333333,0,0,1,0,0,0,0,0.05,0.1,0.5,0.5,1,0,0,0,0,0,0,0,0,0.8461538462,0,0,0,0.2302442308,0.298530454,0,0,0.3126230769,0.3126230769,0.2905807692,0.2409625,0,0.1333333333
https://atimoic-ex.wixstudio.com/us-en,1,Holdout8_PhishTank_Fill,2026-04-26T23:15:13+00:00,https://atimoic-ex.wixstudio.com/us-en,200,,urlopen,11,28,0.1727272727,0.3,0.0375,0.2,0.1666666667,0,0.7423759952,1,0.1,0.25,0,0,1,0,0,0,0,0.06111111111,0.1076923077,0.5,0.5,1,0,0,0,0,0,0,0,0,0.7857142857,0.07142857143,0,0,0.2214642857,0.2936265429,0,0,0.2981071429,0.3111321429,0.2795,0.2409625,0,0.1666666667
https://enus-exxudus.wixstudio.com/ext-en,1,Holdout8_PhishTank_Fill,2026-04-26T23:15:13+00:00,https://enus-exxudus.wixstudio.com/ext-en,200,,urlopen,11,28,0.1863636364,0.325,0.04375,0.2,0.1666666667,0,0.7224157192,1,0.1,0.25,0,0,1,0,0,0,0,0.06111111111,0.1076923077,0.5,0.5,1,0,0,0,0,0,0,0,0,0.7857142857,0.07142857143,0,0,0.2214642857,0.2936265429,0,0,0.2981071429,0.3111321429,0.2795,0.2409625,0,0.1666666667
https://nav-exxodus.wixstudio.com/en-us,1,Holdout8_PhishTank_Fill,2026-04-26T23:15:14+00:00,https://nav-exxodus.wixstudio.com/en-us,200,,urlopen,9,26,0.1772727273,0.3125,0.0375,0.2,0.1666666667,0,0.7569055899,1,0.1,0.25,0,0,1,0,0,0,0,0.05,0.1,0.5,0.5,1,0,0,0,0,0,0,0,0,0.8461538462,0,0,0,0.2302442308,0.298530454,0,0,0.3126230769,0.3126230769,0.2905807692,0.2409625,0,0.1333333333
https://atiomiex.wixstudio.com/us-en,1,Holdout8_PhishTank_Fill,2026-04-26T23:15:14+00:00,https://atiomiex.wixstudio.com/us-en,200,,urlopen,9,26,0.1636363636,0.275,0.0375,0.2,0.08333333333,0,0.7366294826,1,0.1,0.2083333333,0,0,1,0,0,0,0,0.05,0.1,0.5,0.5,1,0,0,0,0,0,0,0,0,0.8461538462,0,0,0,0.2302442308,0.298530454,0,0,0.3126230769,0.3126230769,0.2905807692,0.2409625,0,0.1333333333
https://atomcextension.wixstudio.com/en-us,1,Holdout8_PhishTank_Fill,2026-04-26T23:15:14+00:00,https://atomcextension.wixstudio.com/en-us,200,,urlopen,9,28,0.1909090909,0.35,0.0375,0.2,0.08333333333,0,0.7352733388,1,0.1,0.2083333333,0,0,1,0,0,0,0,0.05,0.1076923077,0.3333333333,0.6666666667,1,0,0,0,0,0,0,0,0,0.7857142857,0,0,0,0.2287044643,0.2967926618,0,0,0.3123616071,0.3123616071,0.2886375,0.2409625,0,0.1333333333
https://atomicwallletio.wixstudio.com/en-us,1,Holdout8_PhishTank_Fill,2026-04-26T23:15:14+00:00,https://atomicwallletio.wixstudio.com/en-us,200,,urlopen,11,28,0.1954545455,0.3625,0.0375,0.2,0.08333333333,0,0.7503386109,1,0.1,0.2083333333,0,0,1,0,0,0,0,0.06111111111,0.1076923077,0.5,0.5,1,0,0,0,0,0,0,0,0,0.7857142857,0.07142857143,0,0,0.2214642857,0.2936265429,0,0,0.2981071429,0.3111321429,0.2795,0.2409625,0,0.1666666667
https://atomicwellat.wixstudio.com/en-extension,1,Holdout8_PhishTank_Fill,2026-04-26T23:15:14+00:00,https://atomicwellat.wixstudio.com/en-extension,200,,urlopen,9,26,0.2136363636,0.325,0.08125,0.2,0.08333333333,0,0.7477417351,1,0.1,0.2083333333,0,0,1,0,0,0,0,0.05,0.1,0.5,0.5,1,0,0,0,0,0,0,0,0,0.8461538462,0,0,0,0.2302442308,0.298530454,0,0,0.3126230769,0.3126230769,0.2905807692,0.2409625,0,0.1333333333
https://atomic-my.wixstudio.com/en-us,1,Holdout8_PhishTank_Fill,2026-04-26T23:15:14+00:00,https://atomic-my.wixstudio.com/en-us,200,,urlopen,13,30,0.1681818182,0.2875,0.0375,0.2,0.1666666667,0,0.7517215578,1,0.1,0.25,0,0,1,0,0,0,0,0.07222222222,0.1153846154,0.3333333333,0.6666666667,1,0,0,0,0,0,0,0,0,0.7333333333,0.06666666667,0,0,0.2206125,0.2921957061,0,0,0.2979625,0.3109875,0.278425,0.2409625,0,0.2
https://wa-atomic-eng.wixstudio.com/us-en,1,Holdout8_PhishTank_Fill,2026-04-26T23:15:14+00:00,https://wa-atomic-eng.wixstudio.com/us-en,200,,urlopen,9,26,0.1863636364,0.3375,0.0375,0.2,0.25,0,0.7622403312,1,0.1,0.2916666667,0,0,1,0,0,0,0,0.05,0.1,0.5,0.5,1,0,0,0,0,0,0,0,0,0.8461538462,0,0,0,0.2302442308,0.298530454,0,0,0.3126230769,0.3126230769,0.2905807692,0.2409625,0,0.1333333333
https://atiomicc-ex.wixstudio.com/en-us,1,Holdout8_PhishTank_Fill,2026-04-26T23:15:14+00:00,https://atiomicc-ex.wixstudio.com/en-us,200,,urlopen,11,28,0.1772727273,0.3125,0.0375,0.2,0.1666666667,0,0.7417768603,1,0.1,0.25,0,0,1,0,0,0,0,0.06111111111,0.1076923077,0.5,0.5,1,0,0,0,0,0,0,0,0,0.7857142857,0.07142857143,0,0,0.2214642857,0.2936265429,0,0,0.2981071429,0.3111321429,0.2795,0.2409625,0,0.1666666667
https://atiomicc-ex.wixstudio.com/usen,1,Holdout8_PhishTank_Fill,2026-04-26T23:15:14+00:00,https://atiomicc-ex.wixstudio.com/usen,200,,urlopen,11,28,0.1727272727,0.3125,0.03125,0.2,0.08333333333,0,0.7387640933,1,0.1,0.2083333333,0,0,1,0,0,0,0,0.06111111111,0.1076923077,0.5,0.5,1,0,0,0,0,0,0,0,0,0.7857142857,0.07142857143,0,0,0.2214642857,0.2936265429,0,0,0.2981071429,0.3111321429,0.2795,0.2409625,0,0.1666666667
https://en-exods-web3.wixstudio.com/en-us,1,Holdout8_PhishTank_Fill,2026-04-26T23:15:14+00:00,https://en-exods-web3.wixstudio.com/en-us,200,,urlopen,9,28,0.1863636364,0.3375,0.0375,0.2,0.25,0.0243902439,0.756718768,1,0.1,0.2916666667,0,0,1,0,0,0,0,0.05,0.1076923077,0.3333333333,0.6666666667,1,0,0,0,0,0,0,0,0,0.7857142857,0,0,0,0.2287044643,0.2967926618,0,0,0.3123616071,0.3123616071,0.2886375,0.2409625,0,0.1333333333
https://atonicio.wixstudio.com/extension,1,Holdout8_PhishTank_Fill,2026-04-26T23:15:14+00:00,https://atonicio.wixstudio.com/extension,200,,urlopen,9,28,0.1818181818,0.275,0.0625,0.2,0,0,0.7081069994,1,0.1,0.1666666667,0,0,1,0,0,0,0,0.05,0.1076923077,0.3333333333,0.6666666667,1,0,0,0,0,0,0,0,0,0.7857142857,0,0,0,0.2287044643,0.2967926618,0,0,0.3123616071,0.3123616071,0.2886375,0.2409625,0,0.1333333333
https://atomicc-ex.wixstudio.com/en-us,1,Holdout8_PhishTank_Fill,2026-04-26T23:15:14+00:00,https://atomicc-ex.wixstudio.com/en-us,200,,urlopen,9,26,0.1727272727,0.3,0.0375,0.2,0.1666666667,0,0.7447215694,1,0.1,0.25,0,0,1,0,0,0,0,0.05,0.1,0.5,0.5,1,0,0,0,0,0,0,0,0,0.8461538462,0,0,0,0.2302442308,0.298530454,0,0,0.3126230769,0.3126230769,0.2905807692,0.2409625,0,0.1333333333
https://atiomicc-ex.wixstudio.com/extension,1,Holdout8_PhishTank_Fill,2026-04-26T23:15:14+00:00,https://atiomicc-ex.wixstudio.com/extension,200,,urlopen,11,28,0.1954545455,0.3125,0.0625,0.2,0.08333333333,0,0.7286920338,1,0.1,0.2083333333,0,0,1,0,0,0,0,0.06111111111,0.1076923077,0.5,0.5,1,0,0,0,0,0,0,0,0,0.7857142857,0.07142857143,0,0,0.2214642857,0.2936265429,0,0,0.2981071429,0.3111321429,0.2795,0.2409625,0,0.1666666667
https://en-us-atomc.wixstudio.com/en-us,1,Holdout8_PhishTank_Fill,2026-04-26T23:15:14+00:00,https://en-us-atomc.wixstudio.com/en-us,200,,urlopen,9,26,0.1772727273,0.3125,0.0375,0.2,0.25,0,0.7417768603,1,0.1,0.2916666667,0,0,1,0,0,0,0,0.05,0.1,0.5,0.5,1,0,0,0,0,0,0,0,0,0.8461538462,0,0,0,0.2302442308,0.298530454,0,0,0.3126230769,0.3126230769,0.2905807692,0.2409625,0,0.1333333333
https://atomyc-extension.wixstudio.com/en-us,1,Holdout8_PhishTank_Fill,2026-04-26T23:15:14+00:00,https://atomyc-extension.wixstudio.com/en-us,200,,urlopen,9,34,0.2,0.375,0.0375,0.2,0.1666666667,0,0.7503545485,1,0.1,0.25,0,0,1,0,0,0,0,0.05,0.1307692308,0.6666666667,0.3333333333,1,0,0,0,0,0,0,0,0,0.6470588235,0,0,0,0.1936058824,0.2630442788,0,0,0.3064014706,0.3064014706,0.2443411765,0.2409625,0,0.1333333333
https://extension-atomec.wixstudio.com/en-us,1,Holdout8_PhishTank_Fill,2026-04-26T23:15:14+00:00,https://extension-atomec.wixstudio.com/en-us,200,,urlopen,11,28,0.2,0.375,0.0375,0.2,0.1666666667,0,0.7369449927,1,0.1,0.25,0,0,1,0,0,0,0,0.06111111111,0.1076923077,0.5,0.5,1,0,0,0,0,0,0,0,0,0.7857142857,0.07142857143,0,0,0.2214642857,0.2936265429,0,0,0.2981071429,0.3111321429,0.2795,0.2409625,0,0.1666666667
https://atomicc-extensions.wixstudio.com/us-en,1,Holdout8_PhishTank_Fill,2026-04-26T23:15:14+00:00,https://atomicc-extensions.wixstudio.com/us-en,200,,urlopen,11,28,0.2090909091,0.4,0.0375,0.2,0.1666666667,0,0.7345652926,1,0.1,0.25,0,0,1,0,0,0,0,0.06111111111,0.1076923077,0.5,0.5,1,0,0,0,0,0,0,0,0,0.7857142857,0.07142857143,0,0,0.2214642857,0.2936265429,0,0,0.2981071429,0.3111321429,0.2795,0.2409625,0,0.1666666667
https://atomicc-extensions.wixstudio.com/en-us,1,Holdout8_PhishTank_Fill,2026-04-26T23:15:14+00:00,https://atomicc-extensions.wixstudio.com/en-us,200,,urlopen,11,30,0.2090909091,0.4,0.0375,0.2,0.1666666667,0,0.7345652926,1,0.1,0.25,0,0,1,0,0,0,0,0.06111111111,0.1153846154,0.5,0.5,1,0,0,0,0,0,0,0,0,0.7333333333,0.1333333333,0,0,0.213855,0.2890814062,0,0,0.2857938462,0.30984,0.2698966667,0.2409625,0,0.1666666667
https://atiomc.wixstudio.com/en-us,1,Holdout8_PhishTank_Fill,2026-04-26T23:15:14+00:00,https://atiomc.wixstudio.com/en-us,200,,urlopen,9,26,0.1545454545,0.25,0.0375,0.2,0.08333333333,0,0.737722923,1,0.1,0.2083333333,0,0,1,0,0,0,0,0.05,0.1,0.5,0.5,1,0,0,0,0,0,0,0,0,0.8461538462,0,0,0,0.2302442308,0.298530454,0,0,0.3126230769,0.3126230769,0.2905807692,0.2409625,0,0.1333333333
https://eng-atomic-ext.wixstudio.com/en-us,1,Holdout8_PhishTank_Fill,2026-04-26T23:15:14+00:00,https://eng-atomic-ext.wixstudio.com/en-us,200,,urlopen,13,32,0.1909090909,0.35,0.0375,0.2,0.25,0,0.7547115423,1,0.1,0.2916666667,0,0,1,0,0,0,0,0.07222222222,0.1230769231,0.3333333333,0.6666666667,1,0,0,0,0,0,0,0,0,0.6875,0.125,0,0,0.2135320313,0.2879148204,0,0,0.2857390024,0.3097851563,0.2694890625,0.2409625,0,0.2
https://atomcwalt.zapier.app/en-exten,1,Holdout8_PhishTank_Fill,2026-04-26T23:15:15+00:00,https://atomcwalt.zapier.app/en-exten,200,,urlopen,4,66,0.1681818182,0.25,0.05625,0.2,0.08333333333,0,0.7291658307,1,0.1,0.2083333333,0,0,1,0,0,0,0,0.02222222222,0.2538461538,0,1,1,0,0,0,0,0,0,0,0,0.9696969697,0,0,0,0.249375,0.3152307306,0,0,0.3156204545,0.3156204545,0.3149787879,0.021175,0,0.03333333333
https://atomcio-extension.wixstudio.com/en-us,1,Holdout8_PhishTank_Fill,2026-04-26T23:15:14+00:00,https://atomcio-extension.wixstudio.com/en-us,200,,urlopen,11,28,0.2045454545,0.3875,0.0375,0.2,0.1666666667,0,0.7339371551,1,0.1,0.25,0,0,1,0,0,0,0,0.06111111111,0.1076923077,0.5,0.5,1,0,0,0,0,0,0,0,0,0.7857142857,0.07142857143,0,0,0.2214642857,0.2936265429,0,0,0.2981071429,0.3111321429,0.2795,0.2409625,0,0.1666666667
https://atomic-extensions.wixstudio.com/en-us,1,Holdout8_PhishTank_Fill,2026-04-26T23:15:15+00:00,https://atomic-extensions.wixstudio.com/en-us,200,,urlopen,11,30,0.2045454545,0.3875,0.0375,0.2,0.1666666667,0,0.7339371551,1,0.1,0.25,0,0,1,0,0,0,0,0.06111111111,0.1153846154,0.5,0.5,1,0,0,0,0,0,0,0,0,0.7333333333,0.1333333333,0,0,0.213855,0.2890814062,0,0,0.2857938462,0.30984,0.2698966667,0.2409625,0,0.1666666667
https://learn-iostarted.wixstudio.com/en-us,1,Holdout8_PhishTank_Fill,2026-04-26T23:15:14+00:00,https://learn-iostarted.wixstudio.com/en-us,200,,urlopen,9,26,0.1954545455,0.3625,0.0375,0.2,0.1666666667,0,0.7640600168,1,0.1,0.25,0,0,1,0,0,0,0,0.05,0.1,0.5,0.5,1,0,0,0,0,0,0,0,0,0.8461538462,0,0,0,0.2302442308,0.298530454,0,0,0.3126230769,0.3126230769,0.2905807692,0.2409625,0,0.1333333333
https://started-trrexor.wixstudio.com/en-us,1,Holdout8_PhishTank_Fill,2026-04-26T23:15:14+00:00,https://started-trrexor.wixstudio.com/en-us,200,,urlopen,9,28,0.1954545455,0.3625,0.0375,0.2,0.1666666667,0,0.7423042154,1,0.1,0.25,0,0,1,0,0,0,0,0.05,0.1076923077,0.3333333333,0.6666666667,1,0,0,0,0,0,0,0,0,0.7857142857,0,0,0,0.2287044643,0.2967926618,0,0,0.3123616071,0.3123616071,0.2886375,0.2409625,0,0.1333333333
https://trzrostrt.wixstudio.com/en-us,1,Holdout8_PhishTank_Fill,2026-04-26T23:15:14+00:00,https://trzrostrt.wixstudio.com/en-us,200,,urlopen,13,30,0.1681818182,0.2875,0.0375,0.2,0.08333333333,0,0.7320655382,1,0.1,0.2083333333,0,0,1,0,0,0,0,0.07222222222,0.1153846154,0.3333333333,0.6666666667,1,0,0,0,0,0,0,0,0,0.7333333333,0.06666666667,0,0,0.2206125,0.2921957061,0,0,0.2979625,0.3109875,0.278425,0.2409625,0,0.2
https://starrtio-trzore.wixstudio.com/en-start-us,1,Holdout8_PhishTank_Fill,2026-04-26T23:15:14+00:00,https://starrtio-trzore.wixstudio.com/en-start-us,200,,urlopen,9,26,0.2227272727,0.3625,0.075,0.2,0.25,0,0.733346341,1,0.1,0.2916666667,0,0,1,0,0,0,0,0.05,0.1,0.5,0.5,1,0,0,0,0,0,0,0,0,0.8461538462,0,0,0,0.2302442308,0.298530454,0,0,0.3126230769,0.3126230769,0.2905807692,0.2409625,0,0.1333333333
https://home-io-trezr.wixstudio.com/io-start,1,Holdout8_PhishTank_Fill,2026-04-26T23:15:14+00:00,https://home-io-trezr.wixstudio.com/io-start,200,,urlopen,11,28,0.2,0.3375,0.05625,0.2,0.25,0,0.735851346,1,0.1,0.2916666667,0,0,1,0,0,0,0,0.06111111111,0.1076923077,0.3333333333,0.6666666667,1,0,0,0,0,0,0,0,0,0.7857142857,0,0,0,0.2287044643,0.2967926618,0,0,0.3123616071,0.3123616071,0.2886375,0.2409625,0,0.1666666667
https://startt-entrezo.wixstudio.com/start-en,1,Holdout8_PhishTank_Fill,2026-04-26T23:15:14+00:00,https://startt-entrezo.wixstudio.com/start-en,200,,urlopen,9,28,0.2045454545,0.35,0.05625,0.2,0.1666666667,0,0.7336748053,1,0.1,0.25,0,0,1,0,0,0,0,0.05,0.1076923077,0.3333333333,0.6666666667,1,0,0,0,0,0,0,0,0,0.7857142857,0,0,0,0.2287044643,0.2967926618,0,0,0.3123616071,0.3123616071,0.2886375,0.2409625,0,0.1333333333
https://www.saramin.co.kr/zf_user,0,Holdout9_User_Normal,2026-04-26T23:20:15+00:00,http://www.saramin.co.kr/zf_user/,200,,urlopen,3,2,0.15,0.2125,0.05,0.3,0,0,0.7641353632,1,0.1,0.25,0,0,1,0,0,0,0,0.01666666667,0.007692307692,0,0,1,0,0,0,0,0,0,0,0,1,0,0,0,0.250425,0.31605,0,0,0.31605,0.31605,0.31605,0,0,0.03333333333
https://www.campuspick.com,0,Holdout9_User_Normal,2026-04-26T23:20:15+00:00,https://www.campuspick.com,200,,urlopen,5,20,0.1181818182,0.225,0,0.2,0,0,0.6849424487,1,0,0.125,0,0,1,0,0,0,0,0.02777777778,0.07692307692,0,0,0.1,0,0,0,0,0,0,0,0,1,0,0,0,0.05187375,0.0654675,0,0,0.0654675,0.28233375,0.0654675,0.2409625,0,0.06666666667
https://www.everytime.kr,0,Holdout9_User_Normal,2026-04-26T23:20:15+00:00,https://everytime.kr:443/,200,,urlopen,5,6,0.1090909091,0.2,0,0.2,0,0,0.6801093751,1,0,0.125,0,0,1,0,0,0,0,0.02777777778,0.02307692308,0,0,0.3333333333,0,0,0,0,0,0,0,0,1,0,0,0,0.10335,0.1304333333,0,0,0.1304333333,0.291075,0.1304333333,0.2409625,0,0.06666666667
https://www.wanted.co.kr/wdlist,0,Holdout9_User_Normal,2026-04-26T23:20:15+00:00,https://www.wanted.co.kr/wdlist,200,,urlopen,10,76,0.1409090909,0.2,0.04375,0.3,0,0,0.7065141944,1,0.1,0.2083333333,0,0,1,0,0,0,0,0.05555555556,0.2923076923,1,0,0.09677419355,0,0,0,0,0,0,0,0.02631578947,0.7894736842,0,0,0,0.05083815789,0.07111276168,0,0,0.06934620119,0.4319453947,0.06416052632,0.39075,0.02631578947,0.1333333333
https://www.incruit.com,0,Holdout9_User_Normal,2026-04-26T23:20:16+00:00,https://www.incruit.com,200,,urlopen,42,838,0.1045454545,0.1875,0,0.2,0,0,0.6840486165,1,0,0.125,0,0,1,0,0,0,0,0.2333333333,1,0.9798657718,0.02013422819,0.9826086957,0.25,0,0,0.1,0.1875,0,0,0,0.09685230024,0.181598063,0,0.009966777409,0.07073039505,0.09336986729,0.04390058962,0.05806867925,0.2169602635,0.2848630896,0.0939378382,0.2409625,0,0.4666666667
https://www.linkareer.com,0,Holdout9_User_Normal,2026-04-26T23:20:16+00:00,https://linkareer.com/,200,,urlopen,33,175,0.1136363636,0.2125,0,0.2,0,0,0.7370292163,1,0,0.125,0,0,1,0,0,0,0,0.1833333333,0.6730769231,0.5681818182,0.4318181818,0.04761904762,0.125,0,0,0,0.04375,0,0,0.01162790698,0.4186046512,0.1395348837,0,0,0.07511676136,0.08904367665,0.04533380682,0.04974261364,0.06037458063,0.4360838068,0.09474569667,0.39075,0.01142857143,0.4666666667
https://www.inflearn.com/courses,0,Holdout9_User_Normal,2026-04-26T23:20:15+00:00,https://www.inflearn.com/courses,200,,urlopen,5,70,0.1454545455,0.2,0.05,0.2,0,0,0.7484962358,1,0.1,0.1666666667,0,0,1,0,0,0,0,0.02777777778,0.2692307692,1,0,0,0,0,0,0,0,0,0,0,0.6571428571,0.1428571429,0,0,0.0298125,0.037625,0,0,0.037625,0.037625,0.037625,0,0,0.03333333333
https://www.rallit.com,0,Holdout9_User_Normal,2026-04-26T23:20:16+00:00,https://www.rallit.com,200,,urlopen,39,177,0.1,0.175,0,0.2,0,0,0.6826257901,1,0,0.125,0,0,1,0,0,0,0,0.2166666667,0.6807692308,0.8780487805,0.1219512195,0.02857142857,0.125,0,0,0,0.04375,0,0,0.01315789474,0.1842105263,0.2631578947,0,0,0.044584875,0.05202455922,0.040449875,0.03997475,0.05161416071,0.431199875,0.05401684625,0.391225125,0.01129943503,0.2
https://www.jobkorea.co.kr,0,Holdout9_User_Normal,2026-04-26T23:20:16+00:00,https://www.jobkorea.co.kr,200,,urlopen,26,123,0.1181818182,0.225,0,0.3,0,0,0.6989284627,1,0,0.1666666667,0,0,1,0,0,0,0,0.1444444444,0.4730769231,1,0,0,0,0,0,0,0,0,0,0,0.3333333333,0.01960784314,0,0,0.0326671875,0.03717204569,0,0.036096875,0.0385109375,0.0385109375,0.03780683594,0.0024140625,0,0.03333333333
https://www.superookie.com,0,Holdout9_User_Normal,2026-04-26T23:20:16+00:00,https://www.superookie.com,200,,urlopen,29,268,0.1181818182,0.225,0,0.2,0,0,0.7042073963,1,0,0.125,0,0,1,0,0,0,0,0.1611111111,1,0.8518518519,0.1481481481,1,0.25,0,0,0,0.0875,0,0,0,0.02290076336,0.1526717557,0,0.03571428571,0.07114333333,0.08546711812,0.0440525,0.04718,0.2007541304,0.285015,0.0939517037,0.2409625,0,0.4
https://www.jumpit.co.kr,0,Holdout9_User_Normal,2026-04-26T23:20:16+00:00,https://jumpit.saramin.co.kr/,200,,urlopen,18,154,0.1090909091,0.2,0,0.3,0,0,0.6952608902,1,0,0.1666666667,0,0,1,0,0,1,0.2,0.1,0.5923076923,0.8108108108,0.1891891892,0.325,0,0,0,0,0,0,0,0,0.3376623377,0.2857142857,0,0.1777777778,0.0620663961,0.06753037393,0,0,0.0845441664,0.2379836039,0.08176720779,0.195375,0,0.2333333333
https://www.rocketpunch.com/jobs,0,Holdout9_User_Normal,2026-04-26T23:20:16+00:00,https://www.rocketpunch.com/jobs,200,,urlopen,10,230,0.1454545455,0.2375,0.03125,0.2,0,0,0.7285543323,1,0.1,0.1666666667,0,0,1,0,0,0,0,0.05555555556,0.8846153846,1,0,0.01020408163,0,0,0,0,0,0,0,0,0.8672566372,0,0,0,0.03203269231,0.03991133586,0,0.03517307692,0.04050783948,0.2790115385,0.04001022354,0.2438384615,0,0.06666666667
https://www.codeit.kr,0,Holdout9_User_Normal,2026-04-26T23:20:16+00:00,https://www.codeit.kr,200,,urlopen,23,279,0.09545454545,0.1625,0,0.2,0,0,0.6816354188,1,0,0.125,0,0,1,0,0,0,0,0.1277777778,1,0.875,0.125,1,0.125,0,0,0,0.04375,0,0,0.007246376812,0.2173913043,0.4855072464,0,0,0.1348175893,0.1907079551,0.05349232143,0.06605964286,0.2297191803,0.4325985714,0.1839121773,0.37910625,0.01075268817,0.2666666667
https://school.programmers.co.kr,0,Holdout9_User_Normal,2026-04-26T23:20:15+00:00,https://school.programmers.co.kr,200,,urlopen,5,4,0.1454545455,0.3,0,0.3,0,0,0.6959671875,1,0,0.1666666667,0,0,1,0,0,0,0,0.02777777778,0.01538461538,0,0,0.5,0,0,0,0,0,0,0,0,1,0,0,0,0.14011875,0.1768375,0,0,0.1768375,0.29731875,0.1768375,0.2409625,0,0.06666666667
https://www.acmicpc.net,0,Holdout9_User_Normal,2026-04-26T23:20:16+00:00,https://www.acmicpc.net,200,,urlopen,25,447,0.1045454545,0.1875,0,0.2,0,0,0.6622708497,1,0,0.125,0,0,1,0,0,0,0,0.1388888889,1,0.9646464646,0.03535353535,0.8333333333,0.125,0,0,0,0.04375,0,0,0,0.08108108108,0.02702702703,0,0.01,0.05397438616,0.07809486432,0.0417156808,0.04250636161,0.2319677641,0.2826781808,0.06820883116,0.2409625,0,0.3333333333
https://www.elice.io,0,Holdout9_User_Normal,2026-04-26T23:20:16+00:00,https://elice.io/en,200,,urlopen,19,536,0.09090909091,0.15,0,0.2,0,0,0.6516697672,1,0,0.125,0,0,1,0,0,0,0,0.1055555556,1,0.8901098901,0.1098901099,0,0,0,0,0,0,0,0,0,0.1044776119,0.5559701493,0,0.02150537634,0.0364869403,0.04796695797,0,0,0.03875839552,0.2341333955,0.04604850746,0.195375,0,0.2666666667
https://www.catch.co.kr,0,Holdout9_User_Normal,2026-04-26T23:20:16+00:00,https://www.catch.co.kr,200,,urlopen,23,513,0.1045454545,0.1875,0,0.3,0,0,0.6404930829,1,0,0.1666666667,0,0,1,0,0,0,0,0.1277777778,1,0.9647058824,0.03529411765,0.09302325581,0,0,0,0,0,0,0,0.0078125,0.08984375,0.23828125,0,0.01734104046,0.04223302529,0.06309716042,0,0.03846167315,0.0675776389,0.4164708366,0.05358076201,0.3780091634,0.01364522417,0.3
https://www.codeup.kr,0,Holdout9_User_Normal,2026-04-26T23:20:16+00:00,https://www.codeup.kr,200,,urlopen,31,196,0.09545454545,0.1625,0,0.2,0,0,0.6881712414,1,0,0.125,0,0,1,0,0,0,0,0.1722222222,0.7538461538,0.8085106383,0.1914893617,1,0,0,0,0,0,0,0,0,0.04081632653,0,0,0.01052631579,0.07167168367,0.09562554737,0,0,0.2856956633,0.2856956633,0.09045357143,0.2409625,0,0.5
https://www.rememberapp.co.kr,0,Holdout9_User_Normal,2026-04-26T23:20:16+00:00,https://career.rememberapp.co.kr/job/postings,200,,urlopen,22,112,0.1318181818,0.2625,0,0.3,0,0,0.6965956824,1,0,0.1666666667,0,0,1,0,0,0,0,0.1222222222,0.4307692308,0.6153846154,0.3846153846,0,0.25,0,0,0,0.0875,0,0,0,0.6078431373,0.137254902,0,0,0.04596673729,0.05033243784,0.04050805085,0.04009110169,0.04050805085,0.2358830508,0.05702285263,0.1957919492,0,0.2
https://www.goorm.io,0,Holdout9_User_Normal,2026-04-26T23:20:16+00:00,https://www.goorm.io,200,,urlopen,21,122,0.09090909091,0.15,0,0.2,0,0,0.6448071536,1,0,0.125,0,0,1,0,0,0,0,0.1166666667,0.4692307692,0.5454545455,0.4545454545,0.05882352941,0,0,0,0,0,0,0,0.01639344262,0.1967213115,0.06557377049,0,0,0.09432479508,0.1198846626,0,0,0.07156521215,0.439329918,0.1190430328,0.39075,0.01639344262,0.3
https://www.kaggle.com/competitions,0,Holdout9_User_Normal,2026-04-26T23:20:16+00:00,https://www.kaggle.com/competitions,200,,urlopen,5,4,0.1590909091,0.175,0.08125,0.2,0,0,0.7338194446,1,0.1,0.1666666667,0,0,1,0,0,0,0,0.02777777778,0.01538461538,0,0,1,0,0,0,0,0,0,0,0,1,0,0,1,0.250425,0.31605,0,0,0.31605,0.31605,0.31605,0,0,0.06666666667
https://www.hackerrank.com,0,Holdout9_User_Normal,2026-04-26T23:20:16+00:00,https://www.hackerrank.com,200,,urlopen,28,326,0.1181818182,0.225,0,0.2,0,0,0.7094863299,1,0,0.125,0,0,1,0,0,0,0,0.1555555556,1,0.9387755102,0.0612244898,1,0,0,0,0,0,0,0,0,0.0981595092,0.3006134969,0,0.02,0.08865828221,0.1196675893,0,0,0.2142920316,0.2873397239,0.1205288344,0.2409625,0,0.4333333333
https://ecos.bok.or.kr,0,Holdout9_User_Normal,2026-04-26T23:20:16+00:00,https://ecos.bok.or.kr,200,,urlopen,3,12,0.1,0.175,0,0.3,0,0,0.6495679389,1,0,0.1666666667,0,0,1,0,0,0,0,0.01666666667,0.04615384615,0,0,0,0,0,0,0,0,0,0,0,1,0,0,0,0.0298125,0.037625,0,0,0.037625,0.037625,0.037625,0,0,0.03333333333
https://www.fastcampus.co.kr,0,Holdout9_User_Normal,2026-04-26T23:20:17+00:00,https://fastcampus.co.kr:443/event_online_last_2604,200,,urlopen,17,112,0.1272727273,0.25,0,0.3,0,0,0.6986129079,1,0,0.1666666667,0,0,1,0,0,0,0,0.09444444444,0.4307692308,0.7222222222,0.2777777778,0.02777777778,0.125,0,0,0,0.04375,0,0,0,0.6111111111,0.05555555556,0,0.05263157895,0.04750855263,0.05264738181,0.04062697368,0.04032894737,0.0443865223,0.2360019737,0.05997813943,0.1956730263,0,0.1666666667
https://opentutorials.org,0,Holdout9_User_Normal,2026-04-26T23:20:17+00:00,https://opentutorials.org,200,,urlopen,23,233,0.1136363636,0.2125,0,0.1,0,0,0.6933928527,1,0,0.08333333333,0,0,1,0,0,0,0,0.1277777778,0.8961538462,0.961038961,0.03896103896,0.5714285714,0.25,0.5,0.2,0.2,0.2875,0,0.125,0.008928571429,0.08035714286,0.2232142857,0,0.0253164557,0.05691081933,0.08209166409,0.3028811975,0.08437239496,0.09950512605,0.5633811975,0.0702502604,0.521,0.02145922747,0.2333333333
https://kosis.kr,0,Holdout9_User_Normal,2026-04-26T23:20:16+00:00,https://kosis.kr/index/index.do,200,,urlopen,93,400,0.07272727273,0.1,0,0.1,0,0,0.6050580966,1,0,0.08333333333,0,0,1,0,0,0,0,0.5166666667,1,0.9202898551,0.07971014493,0,0.875,0,0,0.04166666667,0.3479166667,0,0,0.0127388535,0.06369426752,0.05095541401,0,0.5306122449,0.04346408898,0.04760415782,0.04044369703,0.04462593573,0.04044369703,0.235818697,0.05082609613,0.195856303,0,0.2666666667
https://www.dacon.io,0,Holdout9_User_Normal,2026-04-26T23:20:17+00:00,https://www.dacon.io,200,,urlopen,9,8,0.09090909091,0.15,0,0.2,0,0,0.6698515854,1,0,0.125,0,0,1,0,0,0,0,0.05,0.03076923077,0,0,1,0,0,0,0,0,0,0,0,1,0,0,0,0.250425,0.31605,0,0,0.31605,0.31605,0.31605,0,0,0.1333333333
https://codeforces.com,0,Holdout9_User_Normal,2026-04-26T23:20:17+00:00,https://codeforces.com,200,,urlopen,26,888,0.1,0.175,0,0.1,0,0,0.6660968645,1,0,0.08333333333,0,0,1,0,0,0,0,0.1444444444,1,0.9586206897,0.04137931034,0.01342281879,0.25,0,0,0,0.0875,0,0,0,0.07972665148,0.2596810934,0,0.03333333333,0.0357329698,0.04575892304,0.0386488255,0.03637265101,0.04188322148,0.2796113255,0.04494137126,0.2432386745,0,0.2666666667
https://www.aihub.or.kr/aihubdata/data/list.do,0,Holdout9_User_Normal,2026-04-26T23:20:16+00:00,https://www.aihub.or.kr/aihubdata/data/list.do,200,,urlopen,38,260,0.2090909091,0.1875,0.14375,0.4,0,0,0.7048823874,1,0.3,0.3333333333,0,0,1,0,0,0,0,0.2111111111,1,0.8735632184,0.1264367816,0.0303030303,0.5,0,0,0,0.175,0,0,0.008333333333,0.1,0.1666666667,0,0.404109589,0.04777444853,0.05811572839,0.04079650735,0.04066801471,0.05263741644,0.4315465074,0.05946072124,0.3908784926,0.007692307692,0.3666666667
https://www.nomadcoders.co,0,Holdout9_User_Normal,2026-04-26T23:20:17+00:00,https://nomadcoders.co/,200,,urlopen,19,374,0.1181818182,0.225,0,0.2,0,0,0.7042073963,1,0,0.125,0,0,1,0,0,0,0,0.1055555556,1,0.9019607843,0.09803921569,0.01470588235,0,0,0,0,0,0,0,0,0.1711229947,2.812834225,0,0,0.03695474599,0.05022429478,0,0,0.0423814004,0.2798003342,0.04663890374,0.2409625,0,0.2666666667
https://www.topcoder.com,0,Holdout9_User_Normal,2026-04-26T23:20:17+00:00,https://www.topcoder.com,200,,urlopen,7,108,0.1090909091,0.2,0,0.2,0,0,0.6649578599,1,0,0.125,0,0,1,0,0,0,0,0.03888888889,0.4153846154,1,0,0.152173913,0,0,0,0,0,0,0,0,0.2592592593,1.185185185,0,0,0.03986041667,0.04559150528,0,0,0.05221467391,0.12399375,0.05030601852,0.0846625,0,0.06666666667
https://www.data.go.kr/iim/api/selectAPIAcountView.do,0,Holdout9_User_Normal,2026-04-26T23:20:16+00:00,https://auth.data.go.kr/sso/common-login?client_id=hagwng3yzgpdmbpr2rxn&redirect_url=https://data.go.kr/sso/profile.do,200,,urlopen,13,41,0.2409090909,0.175,0.19375,0.4,0,0,0.7962121463,1,0.3,0.3333333333,0,0,1,0,0,0,0,0.07222222222,0.1576923077,1,0,0,0.125,0,0.2857142857,0.2857142857,0.3294642857,0,0,0,0.5625,0.3125,0,0,0.0603046875,0.07597661529,0.0441640625,0.1053102679,0.0441640625,0.250078125,0.0619983724,0.2059140625,0.0487804878,0.03333333333
https://www.data.go.kr/tcs/dss/selectDataSetList.do,0,Holdout9_User_Normal,2026-04-26T23:20:18+00:00,https://www.data.go.kr/tcs/dss/selectDataSetList.do,200,,urlopen,224,374,0.2318181818,0.175,0.18125,0.4,0,0,0.7269504972,1,0.3,0.3333333333,0,0,1,0,0,0,0,1,1,0.7857142857,0.2142857143,0.119047619,0.375,0,0,0,0.13125,0,0,0,0.4761904762,0.02380952381,0,0.6842105263,0.04608580139,0.04611113302,0.04134690767,0.04176881533,0.07003291957,0.2823094077,0.0519656151,0.2409625,0,0.3333333333
https://www.theteams.kr,0,Holdout9_User_Normal,2026-04-26T23:20:33+00:00,https://www.theteams.kr,0,The read operation timed out,urlopen,1,0,0.1045454545,0.1875,0,0.2,0,0,0.6425852766,1,0,0.125,0,0,0,1,1,0,0,0.005555555556,0,0,0,0,0,0,0,0,0,0,0,0,0,0,0,0,0.25,0,0,0,0,0,0,0,0,0
https://www.bigdata-transportation.kr,0,Holdout9_User_Normal,2026-04-26T23:20:16+00:00,https://www.bigdata-transportation.kr,200,,urlopen,10,283,0.1681818182,0.3625,0,0.2,0.08333333333,0,0.7161190394,1,0,0.1666666667,0,0,1,0,0,0,0,0.05555555556,1,0.988372093,0.01162790698,0,0,0,0,0,0,0,0,0,0.1142857143,0.2714285714,0,0.1134020619,0.03126870629,0.03903743893,0,0.03487727273,0.03790113636,0.2332761364,0.03920395741,0.1983988636,0,0.06666666667
https://www.bigdata-sme.kr,0,Holdout9_User_Normal,2026-04-26T23:20:16+00:00,https://www.bigdata-sme.kr,200,,urlopen,5,20,0.1181818182,0.225,0,0.2,0.08333333333,0,0.7321794242,1,0,0.1666666667,0,0,1,0,0,0,0,0.02777777778,0.07692307692,0,0,0.6,0,0,0,0,0,0,0,0,1,0,0,0,0.16218,0.20468,0,0,0.20468,0.301065,0.20468,0.2409625,0,0.06666666667
https://www.rankey.com,0,Holdout9_User_Normal,2026-04-26T23:20:16+00:00,https://www.rankey.com,200,,urlopen,3,4,0.1,0.175,0,0.2,0,0,0.7219223811,1,0,0.125,0,0,1,0,0,0,0,0.01666666667,0.01538461538,0,0,0,0,0,0,0,0,0,0,0,0,1,0,0,0.0298125,0.037625,0,0,0.037625,0.037625,0.037625,0,0,0.03333333333
https://www.bigdata-finance.kr,0,Holdout9_User_Normal,2026-04-26T23:20:16+00:00,https://abp.bccard.com/aisearch/searchMainPage,200,,urlopen,24,86,0.1363636364,0.275,0,0.2,0.08333333333,0,0.757224578,1,0,0.1666666667,0,0,1,0,0,1,0.2,0.1333333333,0.3307692308,1,0,0,1,0,0.1111111111,0.1111111111,0.4611111111,0,0,0,0.375,0.04166666667,0,0.6,0.04595625,0.0522946759,0.04128557692,0.06416559829,0.04128557692,0.2443211538,0.04920558432,0.2030355769,0.02325581395,0.03333333333
https://www.consumerinsight.co.kr,0,Holdout9_User_Normal,2026-04-26T23:20:16+00:00,https://www.consumerinsight.co.kr,200,,urlopen,8,202,0.15,0.3125,0,0.3,0,0,0.7352366718,1,0,0.1666666667,0,0,1,0,0,0,0,0.04444444444,0.7769230769,1,0,0,0.25,0,0,0,0.0875,0,0,0,0.07142857143,0.112244898,0,0.04761904762,0.03000441176,0.03747395408,0.03768455882,0.03444411765,0.03768455882,0.03768455882,0.03762102076,0.003240441176,0,0.03333333333
https://www.bigdata-forest.kr,0,Holdout9_User_Normal,2026-04-26T23:20:17+00:00,https://www.bigdata-forest.kr,200,,urlopen,68,458,0.1318181818,0.2625,0,0.2,0.08333333333,0,0.7406054004,1,0,0.1666666667,0,0,1,0,0,0,0,0.3777777778,1,0.6179775281,0.3820224719,0.03703703704,0.375,0,0,0,0.13125,0,0,0,0.06696428571,0.5357142857,0,0.4294871795,0.06108506494,0.08611056997,0.04295925325,0.04499350649,0.05188379028,0.2839217532,0.07696661045,0.2409625,0,1
https://www.opensurvey.co.kr,0,Holdout9_User_Normal,2026-04-26T23:20:16+00:00,https://opensurvey.io:443/ko/,200,,urlopen,9,130,0.1272727273,0.25,0,0.3,0,0,0.7214036546,1,0,0.1666666667,0,0,1,0,0,1,0.2,0.05,0.5,1,0,1,0,0,0,0,0,0,0,0.01538461538,0.01538461538,0.8461538462,0,0,0.1042978846,0.1437196275,0,0,0.1430480229,0.4410234615,0.1316296154,0.39075,0.01538461538,0.1333333333
https://analytics.naver.com,0,Holdout9_User_Normal,2026-04-26T23:20:16+00:00,https://analytics.naver.com,200,,urlopen,11,41,0.1227272727,0.2375,0,0.2,0,0,0.7331460441,1,0,0.125,0,0.3333333333,1,0,0,0,0,0.06111111111,0.1576923077,0.8571428571,0.1428571429,0.1538461538,0,0,0,0,0,0,0,0,0.35,0.3,0,0.5625,0.05344285714,0.06699356902,0,0,0.07109945055,0.2702946429,0.06871462585,0.2373303571,0,0.1
https://www.openads.co.kr,0,Holdout9_User_Normal,2026-04-26T23:20:17+00:00,https://www.openads.co.kr/home,200,,urlopen,37,191,0.1136363636,0.2125,0,0.3,0,0,0.7024482163,1,0,0.1666666667,0,0,1,0,0,0,0,0.2055555556,0.7346153846,0.7727272727,0.2272727273,0.2602739726,0,0,0,0,0,0,0,0.01052631579,0.6736842105,0.08421052632,0,0.08333333333,0.07562109375,0.09672257043,0,0.04982890625,0.09807832299,0.4244832031,0.09567410889,0.37910625,0.01570680628,0.5333333333
https://analytics.google.com,0,Holdout9_User_Normal,2026-04-26T23:20:17+00:00,https://analytics.google.com/analytics/web/,200,,urlopen,2,1,0.1272727273,0.25,0,0.2,0,0,0.7214036546,1,0,0.125,0,0.3333333333,1,0,0,0,0,0.01111111111,0.003846153846,0,0,0,0,0,0,0,0,0,0,0,0,0,0,0,0.02475,0.02525,0,0,0,0.02525,0.02525,0,0,0
https://www.bizspring.co.kr,0,Holdout9_User_Normal,2026-04-26T23:20:16+00:00,https://www.bizspring.co.kr,200,,urlopen,70,478,0.1227272727,0.2375,0,0.3,0,0,0.7196780307,1,0,0.1666666667,0,0,1,0,0,0,0,0.3888888889,1,0.7454545455,0.2545454545,0.1916666667,0.25,0.5,0,0,0.0875,0,0.125,0.008695652174,0.1434782609,0.3695652174,0,0.3413173653,0.07082332317,0.1032437316,0.3050849085,0.04824481707,0.08641545541,0.5655849085,0.08963532,0.521,0.01673640167,0.8
https://www.logger.co.kr,0,Holdout9_User_Normal,2026-04-26T23:20:16+00:00,https://www.logger.co.kr,200,,urlopen,5,6,0.1090909091,0.2,0,0.3,0,0,0.6858282198,1,0,0.1666666667,0,0,1,0,0,0,0,0.02777777778,0.02307692308,0,0,0.6666666667,0,0,0,0,0,0,0,0.6666666667,0.3333333333,0,0,0,0.2683125,0.3711875,0,0,0.338625,0.468875,0.338625,0.39075,0.6666666667,0.06666666667
https://searchadvisor.naver.com,0,Holdout9_User_Normal,2026-04-26T23:20:17+00:00,https://searchadvisor.naver.com,200,,urlopen,9,72,0.1409090909,0.2875,0,0.2,0,0,0.7232576136,1,0,0.125,0,0.3333333333,1,0,0,0,0,0.05,0.2769230769,1,0,0.3333333333,0,0,0,0,0,0,0,0,0.1428571429,0.02857142857,0,0,0.03865439189,0.04851139032,0,0.03722567568,0.1032461712,0.2678878378,0.04913616691,0.2397371622,0,0.06666666667
https://www.appsflyer.com,0,Holdout9_User_Normal,2026-04-26T23:20:16+00:00,https://www.appsflyer.com,200,,urlopen,80,599,0.1136363636,0.2125,0,0.2,0,0,0.7169936708,1,0,0.125,0,0,1,0,0,0,0,0.4444444444,1,0.9349112426,0.0650887574,0.03773584906,0.125,0,0,0,0.04375,0,0,0.003636363636,0.1090909091,0.2727272727,0,0.02312138728,0.04050696594,0.049106782,0.0396374613,0.0383499226,0.05011004385,0.4303874613,0.04960518013,0.3920375387,0.003338898164,0.4666666667
https://www.mobon.net,0,Holdout9_User_Normal,2026-04-26T23:20:17+00:00,https://www.mobon.net/main/m2/,200,,urlopen,21,87,0.09545454545,0.1625,0,0.2,0,0,0.6470033842,1,0,0.125,0,0,1,0,0,0,0,0.1166666667,0.3346153846,0.9166666667,0.08333333333,0.1333333333,0.125,0,0.1428571429,0.1428571429,0.1866071429,0,0,0,0.2051282051,0.1794871795,0,0,0.05532606383,0.07035767513,0.04240744681,0.07284346505,0.07453578014,0.2833699468,0.06550802399,0.2409625,0.01149425287,0.1666666667
https://trends.google.com,0,Holdout9_User_Normal,2026-04-26T23:20:17+00:00,https://trends.google.com/trends/,200,,urlopen,2,1,0.1136363636,0.2125,0,0.2,0,0,0.7024482163,1,0,0.125,0,0.3333333333,1,0,0,0,0,0.01111111111,0.003846153846,0,0,0,0,0,0,0,0,0,0,0,0,0,0,0,0.02475,0.02525,0,0,0,0.02525,0.02525,0,0,0
http://allegro-lokalnie.rpo328g2.bond/,1,Holdout9_PhishTank,2026-04-26T23:20:17+00:00,http://allegro-lokalnie.rpo328g2.bond/,200,,urlopen,3,2,0.1727272727,0.375,0.00625,0.2,0.08333333333,0.1052631579,0.7687385551,0,0,0.1666666667,0,0,1,0,0,0,0,0.01666666667,0.007692307692,0,0,1,0,0,0,0,0,0,0,0,1,0,0,0,0.250425,0.31605,0,0,0.31605,0.31605,0.31605,0,0,0.03333333333
https://atomicc-extensions.wixstudio.com/eng-us,1,Holdout9_PhishTank,2026-04-26T23:20:17+00:00,https://atomicc-extensions.wixstudio.com/eng-us,200,,urlopen,9,26,0.2136363636,0.4,0.04375,0.2,0.1666666667,0,0.7459452421,1,0.1,0.25,0,0,1,0,0,0,0,0.05,0.1,0.5,0.5,1,0,0,0,0,0,0,0,0,0.8461538462,0,0,0,0.2302442308,0.298530454,0,0,0.3126230769,0.3126230769,0.2905807692,0.2409625,0,0.1333333333
https://trzriostrt.wixstudio.com/home,1,Holdout9_PhishTank,2026-04-26T23:20:17+00:00,https://trzriostrt.wixstudio.com/home,200,,urlopen,15,48,0.1681818182,0.3,0.03125,0.2,0,0,0.7086999976,1,0.1,0.1666666667,0,0,1,0,0,0,0,0.08333333333,0.1846153846,0.08333333333,0.9166666667,1,0,0,0,0,0,0,0,0,0.4583333333,0.04166666667,0,0,0.216140625,0.2836148818,0,0,0.297203125,0.310228125,0.27278125,0.2409625,0,0.2333333333
https://strttrezrio.wixstudio.com/en-us,1,Holdout9_PhishTank,2026-04-26T23:20:17+00:00,https://strttrezrio.wixstudio.com/en-us,200,,urlopen,13,32,0.1772727273,0.3125,0.0375,0.2,0.08333333333,0,0.7347382822,1,0.1,0.2083333333,0,0,1,0,0,0,0,0.07222222222,0.1230769231,0.25,0.75,1,0,0,0,0,0,0,0,0,0.6875,0.0625,0,0,0.2198671875,0.290895609,0,0,0.2978359375,0.3108609375,0.277484375,0.2409625,0,0.2
https://gettingstarts.wixstudio.com/start-en-us,1,Holdout9_PhishTank,2026-04-26T23:20:17+00:00,https://gettingstarts.wixstudio.com/start-en-us,200,,urlopen,9,26,0.2136363636,0.3375,0.075,0.2,0.1666666667,0,0.7331404294,1,0.1,0.25,0,0,1,0,0,0,0,0.05,0.1,0.5,0.5,1,0,0,0,0,0,0,0,0,0.8461538462,0,0,0,0.2302442308,0.298530454,0,0,0.3126230769,0.3126230769,0.2905807692,0.2409625,0,0.1333333333
https://trzrestarts-en.zapier.app/new-trazr,1,Holdout9_PhishTank,2026-04-26T23:20:17+00:00,https://trzrestarts-en.zapier.app/new-trazr,200,,urlopen,4,66,0.1954545455,0.3125,0.0625,0.2,0.1666666667,0,0.6682671118,1,0.1,0.25,0,0,1,0,0,0,0,0.02222222222,0.2538461538,0,1,1,0,0,0,0,0,0,0,0,0.9696969697,0,0,0,0.249375,0.3152307306,0,0,0.3156204545,0.3156204545,0.3149787879,0.021175,0,0.03333333333
https://trzrestarts-en.zapier.app/startstrzr,1,Holdout9_PhishTank,2026-04-26T23:20:19+00:00,https://trzrestarts-en.zapier.app/startstrzr,200,,urlopen,4,66,0.2,0.3125,0.06875,0.2,0.08333333333,0,0.6309471231,1,0.1,0.2083333333,0,0,1,0,0,0,0,0.02222222222,0.2538461538,0,1,1,0,0,0,0,0,0,0,0,0.9696969697,0,0,0,0.249375,0.3152307306,0,0,0.3156204545,0.3156204545,0.3149787879,0.021175,0,0.03333333333
https://trzrestarts-en.zapier.app/trzer-io,1,Holdout9_PhishTank,2026-04-26T23:20:17+00:00,https://trzrestarts-en.zapier.app/trzer-io,200,,urlopen,4,66,0.1909090909,0.3125,0.05625,0.2,0.1666666667,0,0.6685637738,1,0.1,0.25,0,0,1,0,0,0,0,0.02222222222,0.2538461538,0,1,1,0,0,0,0,0,0,0,0,0.9696969697,0,0,0,0.249375,0.3152307306,0,0,0.3156204545,0.3156204545,0.3149787879,0.021175,0,0.03333333333
https://started-desktop.framer.ai/us-en,1,Holdout9_PhishTank,2026-04-26T23:20:17+00:00,https://started-desktop.framer.ai/us-en,200,,urlopen,7,8,0.1772727273,0.3125,0.0375,0.2,0.1666666667,0,0.7284679886,1,0.1,0.25,0,0,1,0,0,0,0,0.03888888889,0.03076923077,0,1,1,0,0,0,0,0,0,0,0,0.5,0.25,0,0,0.2120625,0.2889100216,0,0,0.274721875,0.304659375,0.2769125,0.08120625,0,0.06666666667
https://trezrio.wixstudio.com/started,1,Holdout9_PhishTank,2026-04-26T23:20:17+00:00,https://trezrio.wixstudio.com/started,200,,urlopen,13,32,0.1681818182,0.2625,0.05,0.2,0,0,0.7246464964,1,0.1,0.1666666667,0,0,1,0,0,0,0,0.07222222222,0.1230769231,0.25,0.75,1,0,0,0,0,0,0,0,0,0.6875,0.0625,0,0,0.2198671875,0.290895609,0,0,0.2978359375,0.3108609375,0.277484375,0.2409625,0,0.2
https://profile-iostarts.wixstudio.com/us-start,1,Holdout9_PhishTank,2026-04-26T23:20:17+00:00,https://profile-iostarts.wixstudio.com/us-start,200,,urlopen,13,30,0.2136363636,0.375,0.05625,0.2,0.1666666667,0,0.736536331,1,0.1,0.25,0,0,1,0,0,0,0,0.07222222222,0.1153846154,0.3333333333,0.6666666667,1,0,0,0,0,0,0,0,0,0.7333333333,0.06666666667,0,0,0.2206125,0.2921957061,0,0,0.2979625,0.3109875,0.278425,0.2409625,0,0.2
https://strt-trzrio.wixstudio.com/en-us,1,Holdout9_PhishTank,2026-04-26T23:20:17+00:00,https://strt-trzrio.wixstudio.com/en-us,200,,urlopen,13,38,0.1772727273,0.3125,0.0375,0.2,0.1666666667,0,0.7347382822,1,0.1,0.25,0,0,1,0,0,0,0,0.07222222222,0.1461538462,0.1428571429,0.8571428571,1,0,0,0,0,0,0,0,0,0.5789473684,0.05263157895,0,0,0.2181019737,0.2876203778,0,0,0.2975361842,0.3105611842,0.2752565789,0.2409625,0,0.2
https://trezrio.wixstudio.com/start,1,Holdout9_PhishTank,2026-04-26T23:20:17+00:00,https://trezrio.wixstudio.com/start,200,,urlopen,13,32,0.1590909091,0.2625,0.0375,0.2,0,0,0.7181334705,1,0.1,0.1666666667,0,0,1,0,0,0,0,0.07222222222,0.1230769231,0.25,0.75,1,0,0,0,0,0,0,0,0,0.6875,0.0625,0,0,0.2198671875,0.290895609,0,0,0.2978359375,0.3108609375,0.277484375,0.2409625,0,0.2
https://liveapps-us.wixstudio.com/en-home,1,Holdout9_PhishTank,2026-04-26T23:20:17+00:00,https://liveapps-us.wixstudio.com/en-home,200,,urlopen,11,28,0.1863636364,0.3125,0.05,0.2,0.1666666667,0,0.7677618944,1,0.1,0.25,0,0,1,0,0,0,0,0.06111111111,0.1076923077,0.5,0.5,1,0,0,0,0,0,0,0,0,0.7857142857,0.07142857143,0,0,0.2214642857,0.2936265429,0,0,0.2981071429,0.3111321429,0.2795,0.2409625,0,0.1666666667
https://stop-desktop.wixstudio.com/desktop,1,Holdout9_PhishTank,2026-04-26T23:20:17+00:00,https://stop-desktop.wixstudio.com/desktop,200,,urlopen,9,26,0.1909090909,0.325,0.05,0.2,0.08333333333,0,0.7023311723,1,0.1,0.2083333333,0,0,1,0,0,0,0,0.05,0.1,0.5,0.5,1,0,0,0,0,0,0,0,0,0.8461538462,0,0,0,0.2302442308,0.298530454,0,0,0.3126230769,0.3126230769,0.2905807692,0.2409625,0,0.1333333333
https://trezzorious.wixstudio.com/us-en,1,Holdout9_PhishTank,2026-04-26T23:20:18+00:00,https://trezzorious.wixstudio.com/us-en,200,,urlopen,13,36,0.1772727273,0.3125,0.0375,0.2,0.08333333333,0,0.7452961493,1,0.1,0.2083333333,0,0,1,0,0,0,0,0.07222222222,0.1384615385,0.3333333333,0.6666666667,1,0,0,0,0,0,0,0,0,0.6111111111,0.05555555556,0,0,0.2086875,0.2790661913,0,0,0.2959375,0.3089625,0.263375,0.2409625,0,0.2
https://webtrezo.wixstudio.com/home,1,Holdout9_PhishTank,2026-04-26T23:20:18+00:00,https://webtrezo.wixstudio.com/home,200,,urlopen,9,34,0.1590909091,0.275,0.03125,0.2,0,0,0.7377409381,1,0.1,0.1666666667,0,0,1,0,0,0,0,0.05,0.1307692308,0.6666666667,0.3333333333,1,0,0,0,0,0,0,0,0,0.6470588235,0,0,0,0.1936058824,0.2630442788,0,0,0.3064014706,0.3064014706,0.2443411765,0.2409625,0,0.1333333333
https://gettrezorstart.wixstudio.com/io-start,1,Holdout9_PhishTank,2026-04-26T23:20:17+00:00,https://gettrezorstart.wixstudio.com/io-start,200,,urlopen,9,26,0.2045454545,0.35,0.05625,0.2,0.08333333333,0,0.7236132902,1,0.1,0.2083333333,0,0,1,0,0,0,0,0.05,0.1,0.5,0.5,1,0,0,0,0,0,0,0,0,0.8461538462,0,0,0,0.2302442308,0.298530454,0,0,0.3126230769,0.3126230769,0.2905807692,0.2409625,0,0.1333333333
https://try-desktop.wixstudio.com/desktop,1,Holdout9_PhishTank,2026-04-26T23:20:18+00:00,https://try-desktop.wixstudio.com/desktop,200,,urlopen,9,26,0.1863636364,0.3125,0.05,0.2,0.08333333333,0,0.7356327924,1,0.1,0.2083333333,0,0,1,0,0,0,0,0.05,0.1,0.5,0.5,1,0,0,0,0,0,0,0,0,0.8461538462,0,0,0,0.2302442308,0.298530454,0,0,0.3126230769,0.3126230769,0.2905807692,0.2409625,0,0.1333333333
https://officials-desktop.wixstudio.com/en-us,1,Holdout9_PhishTank,2026-04-26T23:20:18+00:00,https://officials-desktop.wixstudio.com/en-us,200,,urlopen,11,28,0.2045454545,0.3875,0.0375,0.2,0.1666666667,0,0.7707832782,1,0.1,0.25,0,0,1,0,0,0,0,0.06111111111,0.1076923077,0.5,0.5,1,0,0,0,0,0,0,0,0,0.7857142857,0.07142857143,0,0,0.2214642857,0.2936265429,0,0,0.2981071429,0.3111321429,0.2795,0.2409625,0,0.1666666667
https://trzrious.wixstudio.com/strt,1,Holdout9_PhishTank,2026-04-26T23:20:18+00:00,https://trzrious.wixstudio.com/strt,200,,urlopen,15,42,0.1590909091,0.275,0.03125,0.2,0,0,0.6908861329,1,0.1,0.1666666667,0,0,1,0,0,0,0,0.08333333333,0.1615384615,0.1111111111,0.8888888889,1,0,0,0,0,0,0,0,0,0.5238095238,0.04761904762,0,0,0.2172053571,0.2858408148,0,0,0.2973839286,0.3104089286,0.274125,0.2409625,0,0.2333333333
https://eng-live-desktop.wixstudio.com/desktop-en,1,Holdout9_PhishTank,2026-04-26T23:20:18+00:00,https://eng-live-desktop.wixstudio.com/desktop-en,200,,urlopen,11,28,0.2227272727,0.375,0.06875,0.2,0.25,0,0.7648499588,1,0.1,0.2916666667,0,0,1,0,0,0,0,0.06111111111,0.1076923077,0.5,0.5,1,0,0,0,0,0,0,0,0,0.7857142857,0.07142857143,0,0,0.2214642857,0.2936265429,0,0,0.2981071429,0.3111321429,0.2795,0.2409625,0,0.1666666667
https://startlive-desktop.wixstudio.com/eng-us,1,Holdout9_PhishTank,2026-04-26T23:20:18+00:00,https://startlive-desktop.wixstudio.com/eng-us,200,,urlopen,9,26,0.2090909091,0.3875,0.04375,0.2,0.1666666667,0,0.7823908478,1,0.1,0.25,0,0,1,0,0,0,0,0.05,0.1,0.5,0.5,1,0,0,0,0,0,0,0,0,0.8461538462,0,0,0,0.2302442308,0.298530454,0,0,0.3126230769,0.3126230769,0.2905807692,0.2409625,0,0.1333333333
https://started-desktop-us.wixstudio.com/en-desktop,1,Holdout9_PhishTank,2026-04-26T23:20:18+00:00,https://started-desktop-us.wixstudio.com/en-desktop,200,,urlopen,9,26,0.2318181818,0.4,0.06875,0.2,0.25,0,0.7410615703,1,0.1,0.2916666667,0,0,1,0,0,0,0,0.05,0.1,0.5,0.5,1,0,0,0,0,0,0,0,0,0.8461538462,0,0,0,0.2302442308,0.298530454,0,0,0.3126230769,0.3126230769,0.2905807692,0.2409625,0,0.1333333333
https://homepage-learn-us.wixstudio.com/desktop,1,Holdout9_PhishTank,2026-04-26T23:20:18+00:00,https://homepage-learn-us.wixstudio.com/desktop,200,,urlopen,11,28,0.2136363636,0.3875,0.05,0.2,0.1666666667,0,0.7874502941,1,0.1,0.25,0,0,1,0,0,0,0,0.06111111111,0.1076923077,0.5,0.5,1,0,0,0,0,0,0,0,0,0.7857142857,0.07142857143,0,0,0.2214642857,0.2936265429,0,0,0.2981071429,0.3111321429,0.2795,0.2409625,0,0.1666666667
https://starttrzr.wixstudio.com/en-us,1,Holdout9_PhishTank,2026-04-26T23:20:18+00:00,https://starttrzr.wixstudio.com/en-us,200,,urlopen,15,42,0.1681818182,0.2875,0.0375,0.2,0.08333333333,0,0.7456030689,1,0.1,0.2083333333,0,0,1,0,0,0,0,0.08333333333,0.1615384615,0.1111111111,0.8888888889,1,0,0,0,0,0,0,0,0,0.5238095238,0.04761904762,0,0,0.2172053571,0.2858408148,0,0,0.2973839286,0.3104089286,0.274125,0.2409625,0,0.2333333333
https://build-desktop.wixstudio.com/en-us,1,Holdout9_PhishTank,2026-04-26T23:20:18+00:00,https://build-desktop.wixstudio.com/en-us,200,,urlopen,9,26,0.1863636364,0.3375,0.0375,0.2,0.1666666667,0,0.7622403312,1,0.1,0.25,0,0,1,0,0,0,0,0.05,0.1,0.5,0.5,1,0,0,0,0,0,0,0,0,0.8461538462,0,0,0,0.2302442308,0.298530454,0,0,0.3126230769,0.3126230769,0.2905807692,0.2409625,0,0.1333333333
https://trzrestarts-en.zapier.app/app-starts,1,Holdout9_PhishTank,2026-04-26T23:20:18+00:00,https://trzrestarts-en.zapier.app/app-starts,200,,urlopen,4,66,0.2,0.3125,0.06875,0.2,0.1666666667,0,0.6393183278,1,0.1,0.25,0,0,1,0,0,0,0,0.02222222222,0.2538461538,0,1,1,0,0,0,0,0,0,0,0,0.9696969697,0,0,0,0.249375,0.3152307306,0,0,0.3156204545,0.3156204545,0.3149787879,0.021175,0,0.03333333333
https://suiteapps-eng.wixstudio.com/en-us,1,Holdout9_PhishTank,2026-04-26T23:20:18+00:00,https://suiteapps-eng.wixstudio.com/en-us,200,,urlopen,11,28,0.1863636364,0.3375,0.0375,0.2,0.1666666667,0,0.7462330563,1,0.1,0.25,0,0,1,0,0,0,0,0.06111111111,0.1076923077,0.5,0.5,1,0,0,0,0,0,0,0,0,0.7857142857,0.07142857143,0,0,0.2214642857,0.2936265429,0,0,0.2981071429,0.3111321429,0.2795,0.2409625,0,0.1666666667
https://trzrestarts-en.zapier.app/en-start,1,Holdout9_PhishTank,2026-04-26T23:20:18+00:00,https://trzrestarts-en.zapier.app/en-start,200,,urlopen,4,66,0.1909090909,0.3125,0.05625,0.2,0.1666666667,0,0.6513477027,1,0.1,0.25,0,0,1,0,0,0,0,0.02222222222,0.2538461538,0,1,1,0,0,0,0,0,0,0,0,0.9696969697,0,0,0,0.249375,0.3152307306,0,0,0.3156204545,0.3156204545,0.3149787879,0.021175,0,0.03333333333
https://liveledgr-desktop.wixstudio.com/en-us,1,Holdout9_PhishTank,2026-04-26T23:20:18+00:00,https://liveledgr-desktop.wixstudio.com/en-us,200,,urlopen,9,26,0.2045454545,0.3875,0.0375,0.2,0.1666666667,0,0.7842983407,1,0.1,0.25,0,0,1,0,0,0,0,0.05,0.1,0.5,0.5,1,0,0,0,0,0,0,0,0,0.8461538462,0,0,0,0.2302442308,0.298530454,0,0,0.3126230769,0.3126230769,0.2905807692,0.2409625,0,0.1333333333
https://trzrestarts-en.zapier.app/starting,1,Holdout9_PhishTank,2026-04-26T23:20:19+00:00,https://trzrestarts-en.zapier.app/starting,200,,urlopen,4,66,0.1909090909,0.3125,0.05625,0.2,0.08333333333,0,0.6653958088,1,0.1,0.2083333333,0,0,1,0,0,0,0,0.02222222222,0.2538461538,0,1,1,0,0,0,0,0,0,0,0,0.9696969697,0,0,0,0.249375,0.3152307306,0,0,0.3156204545,0.3156204545,0.3149787879,0.021175,0,0.03333333333
https://con-qrszl.ho2dh9.cn/ghticg/lub-iu_louik/,1,Holdout9_PhishTank,2026-04-26T23:20:18+00:00,https://con-qrszl.ho2dh9.cn/ghticg/lub-iu_louik/,200,,urlopen,3,2,0.2181818182,0.2375,0.13125,0.2,0.1666666667,0.04166666667,0.7952243733,1,0.2,0.3333333333,0,0,1,0,0,0,0,0.01666666667,0.007692307692,0,0,0,0,0,0,0,0,0,0,0,1,0,0,0,0.0298125,0.037625,0,0,0.037625,0.037625,0.037625,0,0,0.03333333333
https://gpmpnf.fnjsbkt.cn/ghticg/lub-iu_louik/,1,Holdout9_PhishTank,2026-04-26T23:20:18+00:00,https://gpmpnf.fnjsbkt.cn/ghticg/lub-iu_louik/,200,,urlopen,3,2,0.2090909091,0.2125,0.13125,0.2,0.08333333333,0,0.7695643162,1,0.2,0.2916666667,0,0,1,0,0,0,0,0.01666666667,0.007692307692,0,0,0,0,0,0,0,0,0,0,0,1,0,0,0,0.0298125,0.037625,0,0,0.037625,0.037625,0.037625,0,0,0.03333333333
https://treezorwalletrhwr.webflow.io/,1,Holdout9_PhishTank,2026-04-26T23:20:18+00:00,https://treezorwalletrhwr.webflow.io/,200,,urlopen,8,8,0.1681818182,0.35,0.00625,0.2,0,0,0.7001725406,1,0,0.125,0,0,1,0,0,0,0,0.04444444444,0.03076923077,0,1,1,0,0,0,0,0,0,0,0,0.5,0.25,0,0,0.210290625,0.2858143319,0,0,0.275903125,0.308203125,0.27258125,0.08475,0,0.1
https://trzrestarts-en.zapier.app/us-started,1,Holdout9_PhishTank,2026-04-26T23:20:18+00:00,https://trzrestarts-en.zapier.app/us-started,200,,urlopen,4,66,0.2,0.3125,0.06875,0.2,0.1666666667,0,0.6718567699,1,0.1,0.25,0,0,1,0,0,0,0,0.02222222222,0.2538461538,0,1,1,0,0,0,0,0,0,0,0,0.9696969697,0,0,0,0.249375,0.3152307306,0,0,0.3156204545,0.3156204545,0.3149787879,0.021175,0,0.03333333333
https://kkgyqft.jvjme.cn/ghticg/lub-iu_louik/,1,Holdout9_PhishTank,2026-04-26T23:20:18+00:00,https://kkgyqft.jvjme.cn/ghticg/lub-iu_louik/,200,,urlopen,3,2,0.2045454545,0.2,0.13125,0.2,0.08333333333,0,0.8020371671,1,0.2,0.2916666667,0,0,1,0,0,0,0,0.01666666667,0.007692307692,0,0,0,0,0,0,0,0,0,0,0,1,0,0,0,0.0298125,0.037625,0,0,0.037625,0.037625,0.037625,0,0,0.03333333333
https://coinbase-referral-code.vercel.app/,1,Holdout9_PhishTank,2026-04-26T23:20:18+00:00,https://coinbase-referral-code.vercel.app/,200,,urlopen,5,36,0.1909090909,0.4125,0.00625,0.2,0.1666666667,0,0.7443636656,1,0,0.2083333333,0,0,1,0,0,0,0,0.02777777778,0.1384615385,0.4444444444,0.5555555556,0,0,0,0,0,0,0,0,0,0,0,0,0,0.1291875,0.1630416667,0,0,0,0.249875,0.1630416667,0.195375,0,0.06666666667
https://oxussid.waazsz.cn/ghticg/lub-iu_louik/,1,Holdout9_PhishTank,2026-04-26T23:20:18+00:00,https://oxussid.waazsz.cn/ghticg/lub-iu_louik/,200,,urlopen,3,2,0.2090909091,0.2125,0.13125,0.2,0.08333333333,0,0.7814992965,1,0.2,0.2916666667,0,0,1,0,0,0,0,0.01666666667,0.007692307692,0,0,0,0,0,0,0,0,0,0,0,1,0,0,0,0.0298125,0.037625,0,0,0.037625,0.037625,0.037625,0,0,0.03333333333
https://gemini.luovo.top/,1,Holdout9_PhishTank,2026-04-26T23:20:18+00:00,https://gemini.luovo.top/,200,,urlopen,15,19,0.1136363636,0.2,0.00625,0.2,0,0,0.6969581254,1,0,0.125,0,0,1,0,0,0,0,0.08333333333,0.07307692308,0,1,0.3333333333,0.125,0,1,1,1,0,0,0,0.125,0.25,0,0,0.16286625,0.1807958333,0.06121625,0.2841825,0.1063308333,0.2841825,0.193874125,0.22296625,0.05263157895,0.1666666667
https://gavertyery.vercel.app/,1,Holdout9_PhishTank,2026-04-26T23:20:18+00:00,https://gavertyery.vercel.app/,200,,urlopen,8,7,0.1363636364,0.2625,0.00625,0.2,0,0,0.6799222295,1,0,0.125,0,0,1,0,0,0,0,0.04444444444,0.02692307692,0,0,1,0.125,0,0.3333333333,1,1,0,0,0,1,0,0,1,0.2193975,0.2148452723,0.0754925,0.252235,0.316455,0.316455,0.2297305,0.2409625,0.1428571429,0.06666666667
https://safetrezor.wixstudio.com/suite-en,1,Holdout9_PhishTank,2026-04-26T23:20:18+00:00,https://safetrezor.wixstudio.com/suite-en,200,,urlopen,9,26,0.1863636364,0.3,0.05625,0.2,0.08333333333,0,0.7617974688,1,0.1,0.2083333333,0,0,1,0,0,0,0,0.05,0.1,0.5,0.5,1,0,0,0,0,0,0,0,0,0.8461538462,0,0,0,0.2302442308,0.298530454,0,0,0.3126230769,0.3126230769,0.2905807692,0.2409625,0,0.1333333333
http://www.aephotograph.com/aycczyom/,1,Holdout9_PhishTank,2026-04-26T23:20:18+00:00,http://www.aephotograph.com/aycczyom/,200,,urlopen,5,4,0.1681818182,0.25,0.0625,0.2,0,0,0.6988719878,0,0.1,0.1666666667,0,0,1,0,0,0,0,0.02777777778,0.01538461538,0,0,0.5,0,0,0,0,0,0,0,0,1,0,0,0,0.14011875,0.1768375,0,0,0.1768375,0.29731875,0.1768375,0.2409625,0,0.06666666667
https://studio-desktop.wixstudio.com/en-us,1,Holdout9_PhishTank,2026-04-26T23:20:18+00:00,https://studio-desktop.wixstudio.com/en-us,200,,urlopen,9,26,0.1909090909,0.35,0.0375,0.2,0.1666666667,0,0.7283051983,1,0.1,0.25,0,0,1,0,0,0,0,0.05,0.1,0.5,0.5,1,0,0,0,0,0,0,0,0,0.8461538462,0,0,0,0.2302442308,0.298530454,0,0,0.3126230769,0.3126230769,0.2905807692,0.2409625,0,0.1333333333
https://official-suitesapp.wixstudio.com/eng-suite,1,Holdout9_PhishTank,2026-04-26T23:20:19+00:00,https://official-suitesapp.wixstudio.com/eng-suite,200,,urlopen,9,26,0.2272727273,0.4,0.0625,0.2,0.1666666667,0,0.7625066037,1,0.1,0.25,0,0,1,0,0,0,0,0.05,0.1,0.5,0.5,1,0,0,0,0,0,0,0,0,0.8461538462,0,0,0,0.2302442308,0.298530454,0,0,0.3126230769,0.3126230769,0.2905807692,0.2409625,0,0.1333333333
https://faqhelp.zapier.app/desktop-en,1,Holdout9_PhishTank,2026-04-26T23:20:19+00:00,https://faqhelp.zapier.app/desktop-en,200,,urlopen,4,66,0.1681818182,0.225,0.06875,0.2,0.08333333333,0,0.7320655382,1,0.1,0.2083333333,0,0,1,0,0,0,0,0.02222222222,0.2538461538,0,1,1,0,0,0,0,0,0,0,0,0.9696969697,0,0,0,0.249375,0.3152307306,0,0,0.3156204545,0.3156204545,0.3149787879,0.021175,0,0.03333333333
https://lbpiaccess.bankcom.org.ph,1,Holdout9_PhishTank,2026-04-26T23:20:19+00:00,https://www.google.com/search?q=Clean%20the%20ceiling%20fans,200,,urlopen,4,7,0.15,0.3125,0,0.3,0,0,0.7462559555,1,0,0.1666666667,0,0,1,0,0,1,0.2,0.02222222222,0.02692307692,1,0,0,0,0,0,0,0,0,0,0,0,0,0,0,0.028546875,0.0314375,0,0,0,0.037625,0.03453125,0.012375,0,0.03333333333
https://bright-bridge.wixstudio.com/us-en,1,Holdout9_PhishTank,2026-04-26T23:20:19+00:00,https://bright-bridge.wixstudio.com/us-en,200,,urlopen,9,28,0.1863636364,0.3375,0.0375,0.2,0.1666666667,0,0.7722831804,1,0.1,0.25,0,0,1,0,0,0,0,0.05,0.1076923077,0.3333333333,0.6666666667,1,0,0,0,0,0,0,0,0,0.7857142857,0,0,0,0.2287044643,0.2967926618,0,0,0.3123616071,0.3123616071,0.2886375,0.2409625,0,0.1333333333
https://pub-abdb764554b0439c836fb9286892e457.r2.dev/webmail0.2.html,1,Holdout9_PhishTank,2026-04-26T23:20:19+00:00,https://pub-abdb764554b0439c836fb9286892e457.r2.dev/webmail0.2.html,200,,urlopen,10,11,0.3045454545,0.5375,0.1,0.4,0.08333333333,0.3880597015,0.8565372815,1,0.1,0.25,0,0,1,0,0,0,0,0.05555555556,0.04230769231,0,0,1,0.125,0,0.3333333333,0.3333333333,0.3770833333,0,0,0.3333333333,0.6666666667,0.3333333333,0,0,0.1554910714,0.1565557801,0.06120178571,0.1490369048,0.2500642857,0.3021642857,0.1797864796,0.2409625,0.09090909091,0.1
https://gemini.mianmian.rest/,1,Holdout9_PhishTank,2026-04-26T23:20:19+00:00,https://gemini.mianmian.rest/,200,,urlopen,17,21,0.1318181818,0.25,0.00625,0.2,0,0,0.6637109646,1,0,0.125,0,0,1,0,0,0,0,0.09444444444,0.08076923077,0,1,0.5,0.125,0,1,1,1,0,0,0,0.2222222222,0.2222222222,0,0,0.1708261364,0.1941109499,0.06247727273,0.2867045455,0.1565538352,0.3034397727,0.2050956612,0.2409625,0.04761904762,0.2
https://www.k-health.com,0,Holdout10_User_Normal,2026-04-26T23:28:25+00:00,https://www.k-health.com,200,,urlopen,19,703,0.1090909091,0.2,0,0.2,0.08333333333,0,0.6952608902,1,0,0.125,0,0,1,0,0,0,0,0.1055555556,1,0.99,0.01,0.08163265306,0.125,0,0,0,0.04375,0,0,0.002865329513,0.1232091691,0.01432664756,0,0,0.03430421388,0.04539228226,0.03839943343,0.03587386686,0.06112672935,0.4291494334,0.04319316091,0.3932755666,0.002844950213,0.2
https://www.cdc.gov,0,Holdout10_User_Normal,2026-04-26T23:28:25+00:00,https://www.cdc.gov,200,,urlopen,27,545,0.08636363636,0.1375,0,0.2,0,0,0.6502941173,1,0,0.125,0,0,1,0,0,0,0,0.15,1,0.9453781513,0.05462184874,0,0.375,0,0,0,0.13125,0,0,0,0.03358208955,0.07835820896,0,0.0703125,0.03840643248,0.04787917514,0.03909940693,0.03727381387,0.03909940693,0.2344744069,0.04834903548,0.1972005931,0,0.3333333333
https://www.e-health.go.kr,0,Holdout10_User_Normal,2026-04-26T23:28:25+00:00,https://www.e-health.go.kr,200,,urlopen,43,437,0.1181818182,0.225,0,0.3,0.08333333333,0,0.6936495291,1,0,0.1666666667,0,0,1,0,0,0,0,0.2388888889,1,0.8888888889,0.1111111111,0,0.25,0,0,0,0.0875,0,0,0,0.07547169811,0.07547169811,0,0.04255319149,0.04625011211,0.05567705713,0.04047180493,0.04001860987,0.04047180493,0.2358468049,0.05797593607,0.1958281951,0,0.5
https://www.health.kr,0,Holdout10_User_Normal,2026-04-26T23:28:25+00:00,https://health.kr:443/,200,,urlopen,64,436,0.09545454545,0.1625,0,0.2,0,0,0.6404675617,1,0,0.125,0,0,1,0,0,0,0,0.3555555556,1,0.9736842105,0.02631578947,0.05063291139,0.25,0,0,0,0.0875,0,0,0.00518134715,0.0310880829,0.3730569948,0,0.04201680672,0.03754419087,0.04543807599,0.0392004668,0.03747593361,0.05131866301,0.4299504668,0.04527571151,0.3924745332,0.004587155963,0.2333333333
https://www.who.int/health-topics,0,Holdout10_User_Normal,2026-04-26T23:28:25+00:00,https://www.who.int/health-topics,200,,urlopen,34,679,0.15,0.1375,0.0875,0.2,0.08333333333,0,0.6837491899,1,0.1,0.2083333333,0,0,1,0,0,0,0,0.1888888889,1,0.9966216216,0.003378378378,0.2121212121,0,0,0,0,0,0,0,0.003039513678,0.08510638298,0.01215805471,0,0.01333333333,0.03571489286,0.04675219373,0,0.03649464286,0.09436209416,0.4294598214,0.04438233929,0.3929651786,0.0029455081,0.1666666667
https://www.msdmanuals.com,0,Holdout10_User_Normal,2026-04-26T23:28:25+00:00,https://www.msdmanuals.com,200,,urlopen,21,136,0.1181818182,0.225,0,0.2,0,0,0.6989284627,1,0,0.125,0,0,1,0,0,0,0,0.1166666667,0.5230769231,0.619047619,0.380952381,0.2978723404,0,0,0,0,0,0,0,0.01470588235,0.4411764706,0.4852941176,0,0.04545454545,0.073040625,0.087290216,0,0,0.08002227394,0.435715625,0.09218125,0.39075,0.01470588235,0.3
https://www.fao.org,0,Holdout10_User_Normal,2026-04-26T23:28:25+00:00,https://www.fao.org/home/en/,200,,urlopen,7,14,0.08636363636,0.1375,0,0.2,0,0,0.6502941173,1,0,0.125,0,0,1,0,0,0,0,0.03888888889,0.05384615385,0,0,0.4285714286,0,0,0,0,0,0,0,0,1,0,0,0,0.1243607143,0.15695,0,0,0.15695,0.2946428571,0.15695,0.2409625,0,0.1
https://www.wto.org,0,Holdout10_User_Normal,2026-04-26T23:28:25+00:00,https://www.wto.org,200,,urlopen,11,156,0.08636363636,0.1375,0,0.2,0,0,0.5928778493,1,0,0.125,0,0,1,0,0,0,0,0.06111111111,0.6,0.9347826087,0.0652173913,0.0625,0,0,0,0,0,0,0,0,0.2692307692,0.141025641,0,0.02127659574,0.04234903846,0.05581550319,0,0,0.0548140024,0.2807163462,0.05344679487,0.2409625,0,0.1333333333
https://www.uptodate.com,0,Holdout10_User_Normal,2026-04-26T23:28:26+00:00,https://www.uptodate.com/login,200,,urlopen,5,10,0.1090909091,0.2,0,0.2,0,0,0.6763955494,1,0,0.125,0,0,1,0,0,0,0,0.02777777778,0.03846153846,0,0,0.2,0,0,0,0,0,0,0,0,1,0,0,0,0.073935,0.09331,0,0,0.09331,0.28608,0.09331,0.2409625,0,0.06666666667
https://www.medlineplus.gov,0,Holdout10_User_Normal,2026-04-26T23:28:25+00:00,https://www.medlineplus.gov,200,,urlopen,19,143,0.1227272727,0.2375,0,0.2,0,0,0.7382294617,1,0,0.125,0,0,1,0,0,0,0,0.1055555556,0.55,0.7592592593,0.2407407407,0.06666666667,0.125,1,0,0,0.04375,0,0.125,0.01449275362,0.08695652174,0.115942029,0,0.03571428571,0.07974554795,0.1233458348,0.5205383562,0.04927671233,0.07115085616,0.5205383562,0.1078118503,0.4754375,0.09090909091,0.2
https://www.webmd.com,0,Holdout10_User_Normal,2026-04-26T23:28:25+00:00,https://www.webmd.com,200,,urlopen,33,533,0.09545454545,0.1625,0,0.2,0,0,0.6600750292,1,0,0.125,0,0,1,0,0,0,0,0.1833333333,1,0.971291866,0.02870813397,0.9607843137,0.25,0,0,0,0.0875,0,0,0,0.03846153846,0.1576923077,0,0.004761904762,0.05691669742,0.06906009493,0.041675,0.042425,0.1988243873,0.2826375,0.07571333026,0.2409625,0,0.3
https://www.healthi.kr,0,Holdout10_User_Normal,2026-04-26T23:28:26+00:00,https://www.healthi.kr,200,,urlopen,15,42,0.1,0.175,0,0.2,0,0,0.6598581248,1,0,0.125,0,0,1,0,0,0,0,0.08333333333,0.1615384615,0.1,0.9,0.1111111111,0.125,0,0.5,0.5,0.54375,0,0,0,0.05263157895,0.4210526316,0,0.5454545455,0.12898125,0.1658070413,0.05511363636,0.1706397727,0.08188724747,0.2960761364,0.1564949897,0.2409625,0.02380952381,0.1666666667
https://www.worldbank.org/en/topic/health,0,Holdout10_User_Normal,2026-04-26T23:28:25+00:00,https://www.worldbank.org/ext/en/topic/health,200,,urlopen,27,246,0.1863636364,0.2125,0.1,0.2,0,0,0.747406726,1,0.3,0.25,0,0,1,0,0,0,0,0.15,0.9461538462,0.8333333333,0.1666666667,0,0,0,0,0,0,0,0,0,0.0243902439,0.1951219512,0,0.01030927835,0.05308079268,0.06923993633,0,0,0.04157621951,0.2369512195,0.06699085366,0.195375,0,0.4
https://www.boj.or.jp/en,0,Holdout10_User_Normal,2026-04-26T23:28:25+00:00,https://www.boj.or.jp/en,200,,urlopen,17,615,0.1090909091,0.1625,0.01875,0.3,0,0,0.6649578599,1,0.1,0.2083333333,0,0,1,0,0,0,0,0.09444444444,1,0.984496124,0.01550387597,0,0.125,0,0,0,0.04375,0,0,0,0.0131147541,0.1409836066,0,0.007692307692,0.03222305825,0.04053613323,0.03804769417,0.03517038835,0.03804769417,0.2334226942,0.04054888538,0.1982523058,0,0.1666666667
https://www.healthline.com,0,Holdout10_User_Normal,2026-04-26T23:28:26+00:00,https://www.healthline.com,200,,urlopen,55,570,0.1181818182,0.225,0,0.2,0,0,0.6989284627,1,0,0.125,0,0,1,0,0,0,0,0.3055555556,1,0.8894472362,0.1105527638,0.8372093023,0,0,0,0,0,0,0,0.00350877193,0.06666666667,0.2315789474,0,0,0.06621513158,0.07950502917,0,0,0.1255914627,0.2847690789,0.08356710526,0.2409625,0,0.8666666667
https://www.rxlist.com,0,Holdout10_User_Normal,2026-04-26T23:28:25+00:00,https://www.rxlist.com,200,,urlopen,20,536,0.1,0.175,0,0.2,0,0,0.6826257901,1,0,0.125,0,0,1,0,0,0,0,0.1111111111,1,0.9565217391,0.04347826087,0.6,0,0,0,0,0,0,0,0,0.03358208955,0.0223880597,0,0,0.04308959888,0.05728244324,0,0,0.1595502892,0.2808202892,0.05453330224,0.2409625,0,0.2666666667
https://kind.krx.co.kr,0,Holdout10_User_Normal,2026-04-26T23:28:25+00:00,https://kind.krx.co.kr,200,,urlopen,3,2,0.1,0.175,0,0.3,0,0,0.6826257901,1,0,0.1666666667,0,0,1,0,0,0,0,0.01666666667,0.007692307692,0,0,0,0,0,0,0,0,0,0,0,1,0,0,0,0.0298125,0.037625,0,0,0.037625,0.037625,0.037625,0,0,0.03333333333
https://www.federalreserve.gov,0,Holdout10_User_Normal,2026-04-26T23:28:25+00:00,https://www.federalreserve.gov,200,,urlopen,36,650,0.1363636364,0.275,0,0.2,0,0,0.7035594084,1,0,0.125,0,0,1,0,0,0,0,0.2,1,0.9194630872,0.08053691275,0.125,0.25,1,0,0,0.0875,0,0.25,0,0.03726708075,0.03726708075,0,0.006666666667,0.04727519172,0.06863294961,0.544697431,0.04021986196,0.05766774348,0.544697431,0.05978817442,0.504477569,0.007692307692,0.5
https://www.krx.co.kr/main/main.jsp,0,Holdout10_User_Normal,2026-04-26T23:28:25+00:00,https://www.krx.co.kr/main/main.jsp,200,,urlopen,14,672,0.1590909091,0.1625,0.0875,0.4,0,0,0.7312728213,1,0.2,0.2916666667,0,0,1,0,0,0,0,0.07777777778,1,0.9932432432,0.006756756757,0,0.125,0,0,0,0.04375,0,0,0,0.06606606607,0.04504504505,0,0.01333333333,0.03098676036,0.0388031131,0.03784068047,0.03475636095,0.03784068047,0.2332156805,0.03896024474,0.1984593195,0,0.1
https://www.nih.gov,0,Holdout10_User_Normal,2026-04-26T23:28:26+00:00,https://www.nih.gov,200,,urlopen,35,249,0.08636363636,0.1375,0,0.2,0,0,0.6502941173,1,0,0.125,0,0,1,0,0,0,0,0.1944444444,0.9576923077,0.8762886598,0.1237113402,0.12,0.125,1,0,0,0.04375,0,0.125,0.008196721311,0.04918032787,0.1475409836,0,0.0202020202,0.05760982143,0.08984780237,0.5379973214,0.04369464286,0.07721682143,0.5379973214,0.07299299178,0.4956875,0.02008032129,0.4666666667
https://www.koscom.co.kr,0,Holdout10_User_Normal,2026-04-26T23:28:25+00:00,https://www.koscom.co.kr/portal/main.do,200,,urlopen,27,294,0.1090909091,0.2,0,0.3,0,0,0.6498063448,1,0,0.1666666667,0,0,1,0,0,0,0,0.15,1,0.9338842975,0.06611570248,0.1153846154,0.125,0,0,0,0.04375,0,0,0,0.1224489796,0.05442176871,0,0.02419354839,0.0440494898,0.05789945688,0,0,0.06784596743,0.281005102,0.05559285714,0.2409625,0,0.4
https://www.bankofengland.co.uk,0,Holdout10_User_Normal,2026-04-26T23:28:26+00:00,https://www.bankofengland.co.uk,200,,urlopen,29,427,0.1409090909,0.2875,0,0.3,0,0,0.7584482294,1,0,0.1666666667,0,0,1,0,0,0,0,0.1611111111,1,0.9356435644,0.06435643564,0,0.125,0,0,0.3333333333,0.3770833333,0,0,0,0.01895734597,0.02369668246,0,0.09009009009,0.04161662791,0.05265271449,0.03967825581,0.07573984496,0.03967825581,0.2350532558,0.05199481287,0.1966217442,0,0.3666666667
https://www.kofia.or.kr/index.do,0,Holdout10_User_Normal,2026-04-26T23:28:26+00:00,https://www.kofia.or.kr/index.do,200,,urlopen,32,500,0.1454545455,0.1875,0.05625,0.4,0,0,0.725768963,1,0.1,0.25,0,0,1,0,0,0,0,0.1777777778,1,0.8878504673,0.1121495327,0,0.25,0,0,0,0.0875,0,0,0,0.02834008097,0.5384615385,0,0.1229508197,0.03844228088,0.05070866526,0.03910139442,0.03727778884,0.03910139442,0.2344763944,0.04842750115,0.1971986056,0,0.4333333333
https://www.ilo.org,0,Holdout10_User_Normal,2026-04-26T23:28:26+00:00,https://www.ilo.org,200,,urlopen,30,234,0.08636363636,0.1375,0,0.2,0,0,0.6502941173,1,0,0.125,0,0,1,0,0,0,0,0.1666666667,0.9,0.8831168831,0.1168831169,0.05555555556,0.25,0,0,0,0.0875,0,0,0.008849557522,0.09734513274,0.2123893805,0,0.0253164557,0.04853004202,0.06445633138,0.04084968487,0.04077436975,0.05839725432,0.4315996849,0.06093192218,0.3908253151,0.008547008547,0.3666666667
https://www.fss.or.kr/fss/main/main.do,0,Holdout10_User_Normal,2026-04-26T23:28:26+00:00,https://www.fss.or.kr/fss/main/main.do,200,,urlopen,49,807,0.1727272727,0.1625,0.10625,0.4,0,0,0.705488407,1,0.3,0.3333333333,0,0,1,0,0,0,0,0.2722222222,1,0.9730639731,0.02693602694,0,0.125,0,0,0,0.04375,0,0,0,0.02319587629,0.2113402062,0,0.01,0.03391498206,0.04121389092,0.03841707536,0.03590915072,0.03841707536,0.2337920754,0.04198231504,0.1978829246,0,0.2666666667
https://www.ema.europa.eu,0,Holdout10_User_Normal,2026-04-26T23:28:27+00:00,https://www.ema.europa.eu/en/homepage,200,,urlopen,24,332,0.1136363636,0.2125,0,0.3,0,0,0.6678672163,1,0,0.1666666667,0,0,1,0,0,0,0,0.1333333333,1,0.9779411765,0.02205882353,0,0.25,0,0,0,0.0875,0,0,0,0.0253164557,0.1139240506,0,0.01449275362,0.03361526163,0.04068808995,0.03836671512,0.03580843023,0.03836671512,0.2337417151,0.04159593361,0.1979332849,0,0.1333333333
https://www.credit4u.or.kr,0,Holdout10_User_Normal,2026-04-26T23:28:26+00:00,https://www.credit4u.or.kr:2443/,200,,urlopen,17,98,0.1181818182,0.225,0,0.3,0,0.03846153846,0.7076355431,1,0,0.1666666667,0,0,1,0,0,0,0,0.09444444444,0.3769230769,0.7714285714,0.2285714286,0,0.125,0,0,0,0.04375,0,0,0,0.152173913,0.08695652174,0,0.72,0.05846105769,0.0653030615,0,0.04437211538,0.04264855769,0.2380235577,0.07290512204,0.195375,0,0.1333333333
https://www.kcredit.or.kr,0,Holdout10_User_Normal,2026-04-26T23:28:26+00:00,https://www.kcredit.or.kr:1441/,200,,urlopen,57,134,0.1136363636,0.2125,0,0.3,0,0,0.6769225799,1,0,0.1666666667,0,0,1,0,0,0,0,0.3166666667,0.5153846154,0.325,0.675,0,0.5,0,0,0,0.175,0,0,0,0.1636363636,0.1090909091,0,0.7674418605,0.09392041139,0.08988450451,0,0.05693322785,0.04892911392,0.2443041139,0.1181344776,0.195375,0,0.5
https://www.crefia.or.kr,0,Holdout10_User_Normal,2026-04-26T23:28:25+00:00,https://www.crefia.or.kr,200,,urlopen,3,2,0.1090909091,0.2,0,0.3,0,0,0.6952608902,1,0,0.1666666667,0,0,1,0,0,0,0,0.01666666667,0.007692307692,0,0,0,0.125,0,0,0,0.04375,0,0,0,0,0,0,0,0.0298125,0.037625,0.037625,0,0,0.037625,0.037625,0,0,0.03333333333
https://www.allcredit.co.kr,0,Holdout10_User_Normal,2026-04-26T23:28:26+00:00,https://www.allcredit.co.kr/screen/sc4558891189,200,,urlopen,17,251,0.1227272727,0.2375,0,0.3,0,0,0.7145946131,1,0,0.1666666667,0,0,1,0,0,0,0,0.09444444444,0.9653846154,0.9489795918,0.05102040816,0.07407407407,0,0,0,0,0,0,0,0.008,0.088,0.12,0,0.44,0.04176339286,0.05837079098,0,0.03834285714,0.06513902116,0.4187401786,0.05284203515,0.3803973214,0.01195219124,0.2
https://www.kdic.or.kr,0,Holdout10_User_Normal,2026-04-26T23:28:26+00:00,https://www.kdic.or.kr/sp/main.do,200,,urlopen,43,511,0.1,0.175,0,0.3,0,0,0.6660968645,1,0,0.1666666667,0,0,1,0,0,0,0,0.2388888889,1,0.9908256881,0.009174311927,0,0.25,0,0,0,0.0875,0,0,0,0.07594936709,0.004219409283,0,0.2733333333,0.0323152114,0.03838378005,0.03821686581,0.03550873162,0.03821686581,0.2335918658,0.03932488629,0.1980831342,0,0.1
https://www.bis.org,0,Holdout10_User_Normal,2026-04-26T23:28:29+00:00,https://www.bis.org,200,,urlopen,17,105,0.08636363636,0.1375,0,0.2,0,0,0.6502941173,1,0,0.125,0,0,1,0,0,0,0,0.09444444444,0.4038461538,0.8461538462,0.1538461538,0,0.25,0,0,0,0.0875,0,0,0,0.08163265306,0.1224489796,0,0.152173913,0.05023125,0.05844715074,0.04116875,0.0414125,0.04116875,0.23654375,0.062890625,0.195375,0,0.1666666667
https://www.unep.org,0,Holdout10_User_Normal,2026-04-26T23:28:27+00:00,https://www.unep.org,200,,urlopen,46,426,0.09090909091,0.15,0,0.2,0,0,0.6698515854,1,0,0.125,0,0,1,0,0,0,0,0.2555555556,1,0.9333333333,0.06666666667,0.7,0.25,0,0,0,0.0875,0,0,0,0.08095238095,0.0619047619,0,0.01639344262,0.05429386682,0.0715556571,0.04178382009,0.04264264019,0.1529113201,0.2827463201,0.06852111047,0.2409625,0,0.6333333333
https://www.ecb.europa.eu,0,Holdout10_User_Normal,2026-04-26T23:28:28+00:00,https://www.ecb.europa.eu/home/html/index.en.html,200,,urlopen,18,542,0.1136363636,0.2125,0,0.3,0,0,0.6824126708,1,0,0.1666666667,0,0,1,0,0,0,0,0.1,1,1,0,0,0.25,0,0,0,0.0875,0,0,0,0.01140684411,0.03802281369,0,0.1666666667,0.03023650722,0.03731023805,0.03775658845,0.0345881769,0.03775658845,0.03775658845,0.03761932874,0.003168411552,0,0.03333333333
https://www.unesco.org,0,Holdout10_User_Normal,2026-04-26T23:28:29+00:00,https://www.unesco.org/en,200,,urlopen,39,621,0.1,0.175,0,0.2,0,0,0.6888645298,1,0,0.125,0,0,1,0,0,0,0,0.2166666667,1,0.9467680608,0.05323193916,0.02325581395,0.25,0,0,0,0.0875,0,0,0.003267973856,0.009803921569,0.1274509804,0,0.01498127341,0.03911261981,0.05085038864,0.03922623802,0.03752747604,0.04831344732,0.429976238,0.04918632169,0.392448762,0.003220611916,0.5
https://www.clevelandclinic.org,0,Holdout10_User_Normal,2026-04-26T23:28:26+00:00,https://my.clevelandclinic.org/,200,,urlopen,41,322,0.1409090909,0.2875,0,0.2,0,0,0.7467180241,1,0,0.125,0,0,1,0,0,0,0,0.2277777778,1,0.9024390244,0.09756097561,0.2105263158,0,0,0,0,0,0,0,0.006211180124,0.05590062112,0.1739130435,0,0.1086956522,0.05406987578,0.07911201682,0,0,0.09230174281,0.432494177,0.06823913043,0.39075,0.006211180124,0.6333333333
https://www.fsc.go.kr/no010101,0,Holdout10_User_Normal,2026-04-26T23:28:28+00:00,https://www.fsc.go.kr/no010101,200,,urlopen,35,633,0.1363636364,0.1625,0.05625,0.3,0,0.2,0.71171079,1,0.1,0.2083333333,0,0,1,0,0,0,0,0.1944444444,1,0.9151943463,0.08480565371,0,0.375,0,0,0,0.13125,0,0,0,0.05555555556,0.01960784314,0,0.05666666667,0.043515625,0.05216486387,0.040015625,0.03910625,0.040015625,0.235390625,0.05444574653,0.196284375,0,0.2666666667
https://www.klia.or.kr/consumer/main.do,0,Holdout10_User_Normal,2026-04-26T23:28:26+00:00,https://www.klia.or.kr/consumer/main.do,200,,urlopen,3,2,0.1772727273,0.175,0.10625,0.4,0,0,0.7546201586,1,0.2,0.2916666667,0,0,1,0,0,0,0,0.01666666667,0.007692307692,0,0,0,0,0,0,0,0,0,0,0,0,1,0,1,0.0298125,0.037625,0,0,0.037625,0.037625,0.037625,0,0,0.03333333333
https://www.kcmi.re.kr,0,Holdout10_User_Normal,2026-04-26T23:28:26+00:00,https://www.kcmi.re.kr,200,,urlopen,15,216,0.1,0.175,0,0.3,0,0,0.6660968645,1,0,0.1666666667,0,0,1,0,0,0,0,0.08333333333,0.8307692308,0.9565217391,0.04347826087,0.1333333333,0,0,0,0,0,0,0,0,0.07476635514,0.06542056075,0,0.03157894737,0.04060424312,0.05303343392,0,0.03804059633,0.0716111315,0.2804452982,0.05104739079,0.2424047018,0,0.1666666667
https://www.hri.co.kr,0,Holdout10_User_Normal,2026-04-26T23:28:26+00:00,https://www.hri.co.kr/kor/main/main.html,200,,urlopen,17,395,0.09545454545,0.1625,0,0.3,0,0,0.6470033842,1,0,0.1666666667,0,0,1,0,0,0,0,0.09444444444,1,0.9912280702,0.008771929825,0.01298701299,0.375,0,0,0,0.13125,0,0,0,0.1204188482,0.2827225131,0,0.1492537313,0.03214085821,0.04047590095,0.03806828358,0.03521156716,0.0411976667,0.2790307836,0.04013962928,0.2438192164,0,0.1
https://www.kiep.go.kr/gallery.es?mid=a10101010000,0,Holdout10_User_Normal,2026-04-26T23:28:26+00:00,https://www.kiep.go.kr/gallery.es?mid=a10101010000,200,,urlopen,39,661,0.2272727273,0.175,0.06875,0.4,0,0.22,0.7791878637,1,0.1,0.3333333333,0,0,1,0,0,0,0,0.2166666667,1,0.9732441472,0.02675585284,0.1,0.375,0,0,0,0.13125,0,0,0,0.0407523511,0.02194357367,0,0.003333333333,0.0354039823,0.04331695782,0.03864347345,0.0363619469,0.05492472345,0.2796059735,0.04410022581,0.2432440265,0,0.3
https://www.knia.or.kr/main,0,Holdout10_User_Normal,2026-04-26T23:28:26+00:00,https://www.knia.or.kr/main,200,,urlopen,29,570,0.1227272727,0.175,0.03125,0.3,0,0,0.6876585862,1,0.1,0.2083333333,0,0,1,0,0,0,0,0.1611111111,1,0.9266409266,0.07335907336,0.1428571429,0.375,0.3333333333,0,0,0.13125,0,0.125,0,0.05,0.025,0,0.1366666667,0.04606228223,0.06387139216,0.2043437137,0.03977909408,0.08629311847,0.532327047,0.0583540355,0.492547953,0.00701754386,0.3333333333
https://www.lgeri.com,0,Holdout10_User_Normal,2026-04-26T23:28:26+00:00,https://www.lgeri.com/index.do,200,,urlopen,38,137,0.09545454545,0.1625,0,0.2,0,0,0.7054872587,1,0,0.125,0,0,1,0,0,0,0,0.2111111111,0.5269230769,0.5142857143,0.4857142857,0,0,0,0,0,0,0,0,0,0.1176470588,0.3676470588,0,0.3,0.074025,0.09688723879,0,0.04938043478,0.04515271739,0.2405277174,0.09334985822,0.195375,0,0.5666666667
https://www.knia.or.kr,0,Holdout10_User_Normal,2026-04-26T23:28:26+00:00,https://www.knia.or.kr/main,200,,urlopen,29,570,0.1,0.175,0,0.3,0,0,0.6660968645,1,0,0.1666666667,0,0,1,0,0,0,0,0.1611111111,1,0.9266409266,0.07335907336,0.1428571429,0.375,0.3333333333,0,0,0.13125,0,0.125,0,0.05,0.025,0,0.1366666667,0.04606228223,0.06387139216,0.2043437137,0.03977909408,0.08629311847,0.532327047,0.0583540355,0.492547953,0.00701754386,0.3333333333
https://www.iwest.co.kr/kor/main/main.asp,0,Holdout10_User_Normal,2026-04-26T23:28:26+00:00,https://www.iwest.co.kr/kor/main/main.asp,200,,urlopen,4,43,0.1863636364,0.1875,0.1125,0.4,0,0,0.7141039544,1,0.3,0.3333333333,0,0,1,0,0,0,0,0.02222222222,0.1653846154,0,0,0,0,0,0,0,0,0,0,0,1,0,0,0,0.03025738636,0.03746322982,0,0.03460113636,0.03776306818,0.03776306818,0.03761934401,0.003161931818,0,0.03333333333
https://www.kidi.or.kr,0,Holdout10_User_Normal,2026-04-26T23:28:26+00:00,https://www.kidi.or.kr/home/homeIndex.do,200,,urlopen,56,514,0.1,0.175,0,0.3,0,0,0.6495679389,1,0,0.1666666667,0,0,1,0,0,0,0,0.3111111111,1,0.8842105263,0.1157894737,0.02,0.125,0,0,0,0.04375,0,0,0,0.05416666667,0.1541666667,0,0.2276422764,0.04618269231,0.05381082938,0.04056607143,0.04020714286,0.04538532143,0.2815285714,0.05715115123,0.2413214286,0,0.3333333333
https://www.komipo.co.kr/kor/main/main.do,0,Holdout10_User_Normal,2026-04-26T23:28:26+00:00,https://www.komipo.co.kr/kor/main/main.do,200,,urlopen,38,376,0.1863636364,0.2,0.10625,0.4,0,0,0.7069658591,1,0.3,0.3333333333,0,0,1,0,0,0,0,0.2111111111,1,0.8846153846,0.1153846154,0.03333333333,0.125,0,0,0,0.04375,0,0,0.005376344086,0.06989247312,0.08602150538,0,0.48,0.04884464286,0.0633750954,0.04087142857,0.04081785714,0.05389642857,0.4316214286,0.06154546485,0.3908035714,0.005319148936,0.5333333333
https://www.kepco-enc.com,0,Holdout10_User_Normal,2026-04-26T23:28:26+00:00,https://www.kepco-enc.com,200,,urlopen,15,675,0.1136363636,0.2125,0,0.2,0.08333333333,0,0.6879027617,1,0,0.1666666667,0,0,1,0,0,0,0,0.08333333333,1,0.9829931973,0.01700680272,0,0.125,0,0,0,0.04375,0,0,0,0.02388059701,0.09850746269,0,0.02,0.03253738938,0.04088985629,0.03809988938,0.03527477876,0.03809988938,0.2334748894,0.04095652557,0.1982001106,0,0.1333333333
https://www.kea.kr,0,Holdout10_User_Normal,2026-04-26T23:28:26+00:00,https://www.kea.kr/main/,200,,urlopen,12,514,0.08181818182,0.125,0,0.2,0,0,0.6293309346,1,0,0.125,0,0,1,0,0,0,0,0.06666666667,1,0.9476439791,0.05235602094,0.015625,0.125,0,0,0,0.04375,0,0,0,0.04705882353,0.2039215686,0,0.3633333333,0.03767659884,0.04839170088,0.03897107558,0.03701715116,0.04273611464,0.2799335756,0.04746256648,0.2429164244,0,0.1
https://www.kier.re.kr/menu?menuId=MENU00317,0,Holdout10_User_Normal,2026-04-26T23:28:26+00:00,https://www.kier.re.kr/board?menuId=MENU00325&siteId=null,200,,urlopen,42,108,0.2,0.175,0.03125,0.3,0,0.1136363636,0.8313861207,1,0.1,0.2916666667,0,0,1,0,0,0,0,0.2333333333,0.4153846154,0.5833333333,0.4166666667,0.07692307692,0.125,0,0,0,0.04375,0,0,0,0.1836734694,0.08163265306,0,0.2941176471,0.08122693966,0.08697433435,0.04654547414,0.05216594828,0.06508105106,0.2875079741,0.1020032551,0.2409625,0,0.5
https://desktop-trexersuit.wixstudio.com/en-us,1,Holdout10_PhishTank,2026-04-26T23:28:27+00:00,https://desktop-trexersuit.wixstudio.com/en-us,200,,urlopen,9,26,0.2090909091,0.4,0.0375,0.2,0.1666666667,0,0.7428651561,1,0.1,0.25,0,0,1,0,0,0,0,0.05,0.1,0.5,0.5,1,0,0,0,0,0,0,0,0,0.8461538462,0,0,0,0.2302442308,0.298530454,0,0,0.3126230769,0.3126230769,0.2905807692,0.2409625,0,0.1333333333
https://suitesapp-trzre.wixstudio.com/en-us,1,Holdout10_PhishTank,2026-04-26T23:28:27+00:00,https://suitesapp-trzre.wixstudio.com/en-us,200,,urlopen,9,26,0.1954545455,0.3625,0.0375,0.2,0.1666666667,0,0.7540620127,1,0.1,0.25,0,0,1,0,0,0,0,0.05,0.1,0.5,0.5,1,0,0,0,0,0,0,0,0,0.8461538462,0,0,0,0.2302442308,0.298530454,0,0,0.3126230769,0.3126230769,0.2905807692,0.2409625,0,0.1333333333
https://trezrsuite-trezr.wixstudio.com/en-us,1,Holdout10_PhishTank,2026-04-26T23:28:27+00:00,https://trezrsuite-trezr.wixstudio.com/en-us,200,,urlopen,9,26,0.2,0.375,0.0375,0.2,0.1666666667,0,0.73735766,1,0.1,0.25,0,0,1,0,0,0,0,0.05,0.1,0.5,0.5,1,0,0,0,0,0,0,0,0,0.8461538462,0,0,0,0.2302442308,0.298530454,0,0,0.3126230769,0.3126230769,0.2905807692,0.2409625,0,0.1333333333
https://engsuittrezo.wixstudio.com/us-en,1,Holdout10_PhishTank,2026-04-26T23:28:27+00:00,https://engsuittrezo.wixstudio.com/us-en,200,,urlopen,11,28,0.1818181818,0.325,0.0375,0.2,0.08333333333,0,0.7522411173,1,0.1,0.2083333333,0,0,1,0,0,0,0,0.06111111111,0.1076923077,0.5,0.5,1,0,0,0,0,0,0,0,0,0.7857142857,0.07142857143,0,0,0.2214642857,0.2936265429,0,0,0.2981071429,0.3111321429,0.2795,0.2409625,0,0.1666666667
https://started-trexer.wixstudio.com/suite,1,Holdout10_PhishTank,2026-04-26T23:28:27+00:00,https://started-trexer.wixstudio.com/suite,200,,urlopen,9,26,0.1909090909,0.35,0.0375,0.2,0.08333333333,0,0.72104409,1,0.1,0.2083333333,0,0,1,0,0,0,0,0.05,0.1,0.5,0.5,1,0,0,0,0,0,0,0,0,0.8461538462,0,0,0,0.2302442308,0.298530454,0,0,0.3126230769,0.3126230769,0.2905807692,0.2409625,0,0.1333333333
https://appstarttrzo.wixstudio.com/suite-app,1,Holdout10_PhishTank,2026-04-26T23:28:27+00:00,https://appstarttrzo.wixstudio.com/suite-app,200,,urlopen,9,26,0.2,0.325,0.0625,0.2,0.08333333333,0,0.727001307,1,0.1,0.2083333333,0,0,1,0,0,0,0,0.05,0.1,0.5,0.5,1,0,0,0,0,0,0,0,0,0.8461538462,0,0,0,0.2302442308,0.298530454,0,0,0.3126230769,0.3126230769,0.2905807692,0.2409625,0,0.1333333333
https://suitapps-trez.wixstudio.com/en-us,1,Holdout10_PhishTank,2026-04-26T23:28:27+00:00,https://suitapps-trez.wixstudio.com/en-us,200,,urlopen,9,34,0.1863636364,0.3375,0.0375,0.2,0.1666666667,0,0.7513117571,1,0.1,0.25,0,0,1,0,0,0,0,0.05,0.1307692308,0.6666666667,0.3333333333,1,0,0,0,0,0,0,0,0,0.6470588235,0,0,0,0.1936058824,0.2630442788,0,0,0.3064014706,0.3064014706,0.2443411765,0.2409625,0,0.1333333333
https://suitee-trezo.wixstudio.com/en-us,1,Holdout10_PhishTank,2026-04-26T23:28:27+00:00,https://suitee-trezo.wixstudio.com/en-us,200,,urlopen,9,26,0.1818181818,0.325,0.0375,0.2,0.1666666667,0,0.737490606,1,0.1,0.25,0,0,1,0,0,0,0,0.05,0.1,0.5,0.5,1,0,0,0,0,0,0,0,0,0.8461538462,0,0,0,0.2302442308,0.298530454,0,0,0.3126230769,0.3126230769,0.2905807692,0.2409625,0,0.1333333333
https://home-suiiteapp.wixstudio.com/us-en,1,Holdout10_PhishTank,2026-04-26T23:28:27+00:00,https://home-suiiteapp.wixstudio.com/us-en,200,,urlopen,9,26,0.1909090909,0.35,0.0375,0.2,0.1666666667,0,0.7389735682,1,0.1,0.25,0,0,1,0,0,0,0,0.05,0.1,0.5,0.5,1,0,0,0,0,0,0,0,0,0.8461538462,0,0,0,0.2302442308,0.298530454,0,0,0.3126230769,0.3126230769,0.2905807692,0.2409625,0,0.1333333333
https://tresuite-trezo.zapier.app/us-en,1,Holdout10_PhishTank,2026-04-26T23:28:28+00:00,https://tresuite-trezo.zapier.app/us-en,200,,urlopen,4,66,0.1772727273,0.3125,0.0375,0.2,0.1666666667,0,0.6929918092,1,0.1,0.25,0,0,1,0,0,0,0,0.02222222222,0.2538461538,0,1,1,0,0,0,0,0,0,0,0,0.9696969697,0,0,0,0.249375,0.3152307306,0,0,0.3156204545,0.3156204545,0.3149787879,0.021175,0,0.03333333333
http://okta-amazon.com,1,Holdout10_PhishTank,2026-04-26T23:28:26+00:00,http://okta-amazon.com,200,,urlopen,3,2,0.1,0.1875,0,0.1,0.08333333333,0,0.6598581248,0,0,0.125,0,0,1,0,0,0,0,0.01666666667,0.007692307692,0,0,1,0,0,0,0,0,0,0,0,1,0,0,0,0.250425,0.31605,0,0,0.31605,0.31605,0.31605,0,0,0.03333333333
https://trezor-bridgeapp.typedream.app/,1,Holdout10_PhishTank,2026-04-26T23:28:27+00:00,https://trezor-bridgeapp.typedream.app/,200,,urlopen,3,38,0.1772727273,0.375,0.00625,0.2,0.08333333333,0,0.7138048323,1,0,0.1666666667,0,0,1,0,0,0,0,0.01666666667,0.1461538462,0,0,0,0,0,0,0,0,0,0,0,1,0,0,0,0.0298125,0.037625,0,0,0.037625,0.037625,0.037625,0,0,0.03333333333
https://fenobedov.z21.web.core.windows.net/p69t0mbm7zo4.html,1,Holdout10_PhishTank,2026-04-26T23:28:27+00:00,https://fenobedov.z21.web.core.windows.net/p69t0mbm7zo4.html,200,,urlopen,5,4,0.2727272727,0.425,0.1125,0.6,0,0.1166666667,0.8190918236,1,0.1,0.3333333333,0,0,1,0,0,0,0,0.02777777778,0.01538461538,0,0,1,0,0,0,0,0,0,0,0,0.5,0.5,0,0,0.178875,0.2678307692,0,0,0.22575,0.3039,0.22575,0.1563,0,0.06666666667
https://station-bridge.wixstudio.com/en-us,1,Holdout10_PhishTank,2026-04-26T23:28:27+00:00,https://station-bridge.wixstudio.com/en-us,200,,urlopen,9,28,0.1909090909,0.35,0.0375,0.2,0.1666666667,0,0.7677831874,1,0.1,0.25,0,0,1,0,0,0,0,0.05,0.1076923077,0.3333333333,0.6666666667,1,0,0,0,0,0,0,0,0,0.7857142857,0,0,0,0.2287044643,0.2967926618,0,0,0.3123616071,0.3123616071,0.2886375,0.2409625,0,0.1333333333
https://my-lipscomb.webflow.io/,1,Holdout10_PhishTank,2026-04-26T23:28:27+00:00,https://my-lipscomb.webflow.io/,200,,urlopen,12,14,0.1409090909,0.275,0.00625,0.2,0.08333333333,0,0.7394153115,1,0,0.1666666667,0,0,1,0,0,0,0,0.06666666667,0.05384615385,0,0,1,0.125,0,0.25,0.25,0.29375,0,0,0,0.5,0.5,0,0,0.1426625,0.1405738309,0.0577625,0.12526875,0.250275,0.298725,0.1733263889,0.2409625,0.07142857143,0.1
https://uconnonlinecancellationform.weebly.com/,1,Holdout10_PhishTank,2026-04-26T23:28:27+00:00,https://uconnonlinecancellationform.weebly.com/,200,,urlopen,19,39,0.2136363636,0.475,0.00625,0.2,0,0,0.7444351472,1,0,0.125,0,0,1,0,0,0,0,0.1055555556,0.15,1,0,0.7,0.125,0,0,0,0.04375,0,0,0,0.6923076923,0.07692307692,0,0.4,0.0911385,0.09232081349,0.048479,0.056033,0.20746275,0.2859700714,0.11539626,0.2374910714,0,0.06666666667
https://www.aephotograph.com/aycczyom,1,Holdout10_PhishTank,2026-04-26T23:28:28+00:00,http://www.aephotograph.com/aycczyom/,200,,urlopen,5,4,0.1681818182,0.25,0.05625,0.2,0,0,0.7148184866,1,0.1,0.1666666667,0,0,1,0,0,0,0,0.02777777778,0.01538461538,0,0,0.5,0,0,0,0,0,0,0,0,1,0,0,0,0.14011875,0.1768375,0,0,0.1768375,0.29731875,0.1768375,0.2409625,0,0.06666666667
https://zxcvpoiuytre.framer.website/,1,Holdout10_PhishTank,2026-04-26T23:28:27+00:00,https://zxcvpoiuytre.framer.website/,200,,urlopen,22,23,0.1636363636,0.3375,0.00625,0.2,0,0,0.770745076,1,0,0.125,0,0,1,0,0,0,0,0.1222222222,0.08846153846,0,1,1,0.125,0,0,0,0.04375,0,0,0,0.5,0.25,0,0,0.07738125,0.06991253676,0.0464,0.051875,0.25388125,0.28381875,0.09694791667,0.23741875,0,0.1
https://able-neptune-166625.framer.app/,1,Holdout10_PhishTank,2026-04-26T23:28:27+00:00,https://able-neptune-166625.framer.app/,200,,urlopen,36,110,0.1772727273,0.375,0.00625,0.2,0.1666666667,0.1538461538,0.7604248789,1,0,0.2083333333,0,0,1,0,0,0,0,0.2,0.4230769231,0.9666666667,0.03333333333,1,0.25,0,0,0,0.0875,0,0,0,0.05,0.2,0,0,0.05475606618,0.05362791423,0.04188345588,0.04284191176,0.2049715809,0.2793022059,0.06941352725,0.23741875,0,0.1
https://gateway-bridge.wixstudio.com/us-en,1,Holdout10_PhishTank,2026-04-26T23:28:27+00:00,https://gateway-bridge.wixstudio.com/us-en,200,,urlopen,13,30,0.1909090909,0.35,0.0375,0.2,0.1666666667,0,0.7941895314,1,0.1,0.25,0,0,1,0,0,0,0,0.07222222222,0.1153846154,0.3333333333,0.6666666667,1,0,0,0,0,0,0,0,0,0.7333333333,0.06666666667,0,0,0.2206125,0.2921957061,0,0,0.2979625,0.3109875,0.278425,0.2409625,0,0.2
https://asuportallog.weebly.com/,1,Holdout10_PhishTank,2026-04-26T23:28:27+00:00,https://asuportallog.weebly.com/,200,,urlopen,20,45,0.1454545455,0.2875,0.00625,0.2,0,0,0.7442071022,1,0,0.125,0,0,1,0,0,0,0,0.1111111111,0.1730769231,1,0,0.6666666667,0.125,0,0,0,0.04375,0,0,0,0.625,0.125,0,0.2,0.092446875,0.09656622773,0.04865401786,0.05638303571,0.2012206845,0.2865790179,0.117076132,0.237925,0,0.06666666667
https://clear-english-162680.framer.app/,1,Holdout10_PhishTank,2026-04-26T23:28:27+00:00,https://clear-english-162680.framer.app/,200,,urlopen,22,27,0.1818181818,0.3875,0.00625,0.2,0.1666666667,0.15,0.7959213013,1,0,0.2083333333,0,0,1,0,0,0,0,0.1222222222,0.1038461538,0,1,1,0.125,0,0.07692307692,0.07692307692,0.1206730769,0,0,0,0.3333333333,0.5,0,0,0.099388125,0.09176392341,0.050230625,0.07512663462,0.232344375,0.287649375,0.1227536563,0.23741875,0.03703703704,0.1
https://foolish-millions-080653.framer.app/,1,Holdout10_PhishTank,2026-04-26T23:28:27+00:00,https://foolish-millions-080653.framer.app/,200,,urlopen,23,24,0.1954545455,0.425,0.00625,0.2,0.1666666667,0.1395348837,0.7898522598,1,0,0.2083333333,0,0,1,0,0,0,0,0.1277777778,0.09230769231,0,1,1,0.125,0,0,0,0.04375,0,0,0,0.5,0.25,0,0,0.07539276316,0.0682574313,0.04609802632,0.05127105263,0.2535792763,0.2835167763,0.09405117729,0.23741875,0,0.1
https://goforsucces.weebly.com/,1,Holdout10_PhishTank,2026-04-26T23:28:27+00:00,https://goforsucces.weebly.com/,200,,urlopen,17,38,0.1409090909,0.275,0.00625,0.2,0,0,0.7378630388,1,0,0.125,0,0,1,0,0,0,0,0.09444444444,0.1461538462,1,0,0.5833333333,0.125,0,0,0,0.04375,0,0,0,0.6428571429,0.2142857143,0,0,0.09519456522,0.1008536319,0.04902663043,0.05712826087,0.1815130888,0.2865177019,0.1209679584,0.2374910714,0,0.06666666667
https://specific-listening-859148.framer.app/,1,Holdout10_PhishTank,2026-04-26T23:28:27+00:00,https://specific-listening-859148.framer.app/,200,,urlopen,22,25,0.2045454545,0.45,0.00625,0.2,0.1666666667,0.1333333333,0.7923791488,1,0,0.2083333333,0,0,1,0,0,0,0,0.1222222222,0.09615384615,0,1,1,0.125,0,0.07692307692,0.07692307692,0.1206730769,0,0,0,0.4,0.4,0,0,0.09769144737,0.09085474528,0.05020131579,0.07506801619,0.2418278783,0.2876200658,0.1189390582,0.23741875,0.04,0.1
https://pages-bridge.wixstudio.com/en-us,1,Holdout10_PhishTank,2026-04-26T23:28:28+00:00,https://pages-bridge.wixstudio.com/en-us,200,,urlopen,9,26,0.1818181818,0.325,0.0375,0.2,0.1666666667,0,0.7811707899,1,0.1,0.25,0,0,1,0,0,0,0,0.05,0.1,0.5,0.5,1,0,0,0,0,0,0,0,0,0.8461538462,0,0,0,0.2302442308,0.298530454,0,0,0.3126230769,0.3126230769,0.2905807692,0.2409625,0,0.1333333333
https://asuportwinmore.weebly.com/,1,Holdout10_PhishTank,2026-04-26T23:28:27+00:00,https://asuportwinmore.weebly.com/,200,,urlopen,20,45,0.1545454545,0.3125,0.00625,0.2,0,0,0.7591132973,1,0,0.125,0,0,1,0,0,0,0,0.1111111111,0.1730769231,1,0,0.6666666667,0.125,0,0,0,0.04375,0,0,0,0.625,0.125,0,0.2,0.092446875,0.09656622773,0.04865401786,0.05638303571,0.2012206845,0.2865790179,0.117076132,0.237925,0,0.06666666667
https://bridge-enus.wixstudio.com/en-us,1,Holdout10_PhishTank,2026-04-26T23:28:27+00:00,https://bridge-enus.wixstudio.com/en-us,200,,urlopen,13,30,0.1772727273,0.3125,0.0375,0.2,0.1666666667,0,0.7662295992,1,0.1,0.25,0,0,1,0,0,0,0,0.07222222222,0.1153846154,0.3333333333,0.6666666667,1,0,0,0,0,0,0,0,0,0.7333333333,0.06666666667,0,0,0.2206125,0.2921957061,0,0,0.2979625,0.3109875,0.278425,0.2409625,0,0.2
https://gateway-bridge.wixstudio.com/en-us,1,Holdout10_PhishTank,2026-04-26T23:28:27+00:00,https://gateway-bridge.wixstudio.com/en-us,200,,urlopen,9,26,0.1909090909,0.35,0.0375,0.2,0.1666666667,0,0.7941895314,1,0.1,0.25,0,0,1,0,0,0,0,0.05,0.1,0.5,0.5,1,0,0,0,0,0,0,0,0,0.8461538462,0,0,0,0.2302442308,0.298530454,0,0,0.3126230769,0.3126230769,0.2905807692,0.2409625,0,0.1333333333
http://krakeenlugenss.godaddysites.com,1,Holdout10_PhishTank,2026-04-26T23:28:27+00:00,http://krakeenlugenss.godaddysites.com,200,,urlopen,3,2,0.1727272727,0.3875,0,0.2,0,0,0.7651266531,0,0,0.125,0,0,1,0,0,0,0,0.01666666667,0.007692307692,0,0,1,0,0,0,0,0,0,0,0,1,0,0,0,0.250425,0.31605,0,0,0.31605,0.31605,0.31605,0,0,0.03333333333
https://vosvoices.weebly.com/,1,Holdout10_PhishTank,2026-04-26T23:28:27+00:00,https://vosvoices.weebly.com/,200,,urlopen,17,38,0.1318181818,0.25,0.00625,0.2,0,0,0.7138677044,1,0,0.125,0,0,1,0,0,0,0,0.09444444444,0.1461538462,1,0,0.5833333333,0.125,0,0,0,0.04375,0,0,0,0.6428571429,0.2142857143,0,0,0.09519456522,0.1008536319,0.04902663043,0.05712826087,0.1815130888,0.2865177019,0.1209679584,0.2374910714,0,0.06666666667
https://kokatat.weebly.com/,1,Holdout10_PhishTank,2026-04-26T23:28:27+00:00,https://kokatat.weebly.com/,200,,urlopen,17,36,0.1227272727,0.225,0.00625,0.2,0,0,0.7112934347,1,0,0.125,0,0,1,0,0,0,0,0.09444444444,0.1384615385,1,0,0.6363636364,0.125,0,0,0,0.04375,0,0,0,0.6923076923,0.1538461538,0,0,0.09816647727,0.1021702504,0.04954488636,0.05816477273,0.1940755682,0.2870359578,0.1249447314,0.2374910714,0,0.06666666667
https://learn-begin-startapp.wixstudio.com/ledgr-en,1,Holdout10_PhishTank,2026-04-26T23:28:28+00:00,https://learn-begin-startapp.wixstudio.com/ledgr-en,200,,urlopen,11,28,0.2318181818,0.425,0.05625,0.2,0.25,0,0.7901780818,1,0.1,0.2916666667,0,0,1,0,0,0,0,0.06111111111,0.1076923077,0.5,0.5,1,0,0,0,0,0,0,0,0,0.7857142857,0.07142857143,0,0,0.2214642857,0.2936265429,0,0,0.2981071429,0.3111321429,0.2795,0.2409625,0,0.1666666667
https://com-leger.wixstudio.com/en-us,1,Holdout10_PhishTank,2026-04-26T23:28:28+00:00,https://com-leger.wixstudio.com/en-us,200,,urlopen,9,28,0.1681818182,0.2875,0.0375,0.2,0.1666666667,0,0.7713775775,1,0.1,0.25,0,0,1,0,0,0,0,0.05,0.1076923077,0.3333333333,0.6666666667,1,0,0,0,0,0,0,0,0,0.7857142857,0,0,0,0.2287044643,0.2967926618,0,0,0.3123616071,0.3123616071,0.2886375,0.2409625,0,0.1333333333
https://ledegr-comstart.wixstudio.com/en-us,1,Holdout10_PhishTank,2026-04-26T23:28:28+00:00,https://ledegr-comstart.wixstudio.com/en-us,200,,urlopen,11,28,0.1954545455,0.3625,0.0375,0.2,0.1666666667,0,0.7757085897,1,0.1,0.25,0,0,1,0,0,0,0,0.06111111111,0.1076923077,0.5,0.5,1,0,0,0,0,0,0,0,0,0.7857142857,0.07142857143,0,0,0.2214642857,0.2936265429,0,0,0.2981071429,0.3111321429,0.2795,0.2409625,0,0.1666666667
https://mondialr.team.ceo/captcha.php,1,Holdout10_PhishTank,2026-04-26T23:28:29+00:00,https://www.lemonde.fr/,200,,urlopen,15,788,0.1681818182,0.2125,0.075,0.3,0,0,0.7062910296,1,0.1,0.2083333333,0,0,1,0,0,1,0.2,0.08333333333,1,0.9932432432,0.006756756757,0.9270833333,0.125,0,0,0,0.04375,0,0,0.002551020408,0.02040816327,0.2219387755,0,0.01333333333,0.04930433544,0.05580470248,0.04094189873,0.04095879747,0.1242476279,0.4316918987,0.0621776805,0.39075,0.002538071066,0.1666666667
https://mondial.kobolife.info/captcha.php,1,Holdout10_PhishTank,2026-04-26T23:28:29+00:00,https://www.lemonde.fr/,200,,urlopen,12,807,0.1863636364,0.2625,0.075,0.3,0,0,0.7411543555,1,0.1,0.2083333333,0,0,1,0,0,1,0.2,0.06666666667,1,0.9932432432,0.006756756757,0.9716981132,0.125,0,0,0,0.04375,0,0,0,0.009950248756,0.2537313433,0,0.01333333333,0.05083830446,0.05533753986,0.04119882426,0.04147264851,0.1249397441,0.2821613243,0.06413833249,0.2409625,0,0.1333333333
https://mondialr.team.ceo/,1,Holdout10_PhishTank,2026-04-26T23:28:30+00:00,https://www.lemonde.fr/,200,,urlopen,12,805,0.1181818182,0.2125,0.00625,0.2,0,0,0.7181934103,1,0,0.125,0,0,1,0,0,1,0.2,0.06666666667,1,0.9932432432,0.006756756757,0.9714285714,0.125,0,0,0,0.04375,0,0,0,0.009975062344,0.2518703242,0,0.01333333333,0.05069813896,0.05521582658,0.04117503102,0.04142506203,0.1249071739,0.282137531,0.06396132142,0.2409625,0,0.1333333333
https://mondial.kobolife.info/,1,Holdout10_PhishTank,2026-04-26T23:28:30+00:00,https://www.lemonde.fr/,200,,urlopen,12,805,0.1363636364,0.2625,0.00625,0.2,0,0,0.7254360174,1,0,0.125,0,0,1,0,0,1,0.2,0.06666666667,1,0.9932432432,0.006756756757,0.9714285714,0.125,0,0,0,0.04375,0,0,0,0.009975062344,0.2518703242,0,0.01333333333,0.05069813896,0.05521582658,0.04117503102,0.04142506203,0.1249071739,0.282137531,0.06396132142,0.2409625,0,0.1333333333
http://allegro-lokalnie.prowiu127f18.click/,1,Holdout10_PhishTank,2026-04-26T23:28:29+00:00,https://allegro-lokalnie.prowiu127f18.click/,200,,urlopen,1,0,0.1954545455,0.4375,0.00625,0.2,0.08333333333,0.1162790698,0.8010785686,0,0,0.1666666667,0,0,0,0,0,0,0,0.005555555556,0,0,0,0,0,0,0,0,0,0,0,0,0,0,0,0,0,0,0,0,0,0,0,0,0,0
https://myndaxuilogin.webflow.io/,1,Holdout10_PhishTank,2026-04-26T23:28:28+00:00,https://myndaxuilogin.webflow.io/,200,,urlopen,8,8,0.15,0.3,0.00625,0.2,0,0,0.7834729666,1,0,0.125,0,0,1,0,0,0,0,0.04444444444,0.03076923077,0,1,1,0,0,0,0,0,0,0,0,0.5,0.25,0,0,0.210290625,0.2858143319,0,0,0.275903125,0.308203125,0.27258125,0.08475,0,0.1
https://console-bridge.wixstudio.com/us-en,1,Holdout10_PhishTank,2026-04-26T23:28:28+00:00,https://console-bridge.wixstudio.com/us-en,200,,urlopen,13,30,0.1909090909,0.35,0.0375,0.2,0.1666666667,0,0.7768735141,1,0.1,0.25,0,0,1,0,0,0,0,0.07222222222,0.1153846154,0.3333333333,0.6666666667,1,0,0,0,0,0,0,0,0,0.7333333333,0.06666666667,0,0,0.2206125,0.2921957061,0,0,0.2979625,0.3109875,0.278425,0.2409625,0,0.2
https://official-bridgepage.wixstudio.com/download,1,Holdout10_PhishTank,2026-04-26T23:28:28+00:00,https://official-bridgepage.wixstudio.com/download,200,,urlopen,9,26,0.2272727273,0.4125,0.05625,0.2,0.08333333333,0,0.7953049674,1,0.1,0.2083333333,0,0,1,0,0,0,0,0.05,0.1,0.5,0.5,1,0,0,0,0,0,0,0,0,0.8461538462,0,0,0,0.2302442308,0.298530454,0,0,0.3126230769,0.3126230769,0.2905807692,0.2409625,0,0.1333333333
https://en-homepage.wixstudio.com/bridge,1,Holdout10_PhishTank,2026-04-26T23:28:28+00:00,https://en-homepage.wixstudio.com/bridge,200,,urlopen,9,44,0.1818181818,0.3125,0.04375,0.2,0.08333333333,0,0.7811707899,1,0.1,0.2083333333,0,0,1,0,0,0,0,0.05,0.1692307692,0.9090909091,0.09090909091,1,0,0,0,0,0,0,0,0,0.5,0,0,0,0.1482494318,0.2149990057,0,0,0.2986994318,0.2986994318,0.1870988636,0.2409625,0,0.1333333333
https://linhabranca-oficial1.vercel.app/lote/1001,1,Holdout10_PhishTank,2026-04-26T23:28:28+00:00,https://linhabranca-oficial1.vercel.app/lote/1001,200,,urlopen,7,8,0.2227272727,0.3875,0.0625,0.2,0.08333333333,0.1020408163,0.7680215839,1,0.2,0.25,0,0,1,0,0,0,0,0.03888888889,0.03076923077,0,0,0.75,0,0,0,0,0,0,0,0,0.5,0.5,0,0,0.123721875,0.1657872596,0,0,0.15614375,0.294534375,0.15614375,0.2409625,0,0.1
https://actualizar-entrar.iceiy.com/,1,Holdout10_PhishTank,2026-04-26T23:28:28+00:00,https://actualizar-entrar.iceiy.com/,200,,urlopen,3,2,0.1636363636,0.3375,0.00625,0.2,0.08333333333,0,0.7429179295,1,0,0.1666666667,0,0,1,0,0,0,0,0.01666666667,0.007692307692,0,0,0,0,0,0,0,0,0,0,0,1,0,0,0,0.0298125,0.037625,0,0,0.037625,0.037625,0.037625,0,0,0.03333333333
https://actualizar-entrar.iceiy.com/?i=1,1,Holdout10_PhishTank,2026-04-26T23:28:28+00:00,https://actualizar-entrar.iceiy.com/?i=1,200,,urlopen,3,2,0.1818181818,0.3375,0.00625,0.2,0.08333333333,0.025,0.7755111877,1,0,0.1666666667,0,0,1,0,0,0,0,0.01666666667,0.007692307692,0,0,0,0,0,0,0,0,0,0,0,1,0,0,0,0.0298125,0.037625,0,0,0.037625,0.037625,0.037625,0,0,0.03333333333
https://worldmvps.com/dmmf,1,Holdout10_PhishTank,2026-04-26T23:28:29+00:00,https://worldmvps.com/dmmf/,200,,urlopen,3,2,0.1181818182,0.1625,0.03125,0.1,0,0,0.6955003159,1,0.1,0.125,0,0,1,0,0,0,0,0.01666666667,0.007692307692,0,0,0,0,0,0,0,0,0,0,0,1,0,0,0,0.0298125,0.037625,0,0,0.037625,0.037625,0.037625,0,0,0.03333333333
http://www.olisfranchis.com/aycczyom/,1,Holdout10_PhishTank,2026-04-26T23:28:28+00:00,http://www.olisfranchis.com/aycczyom/,200,,urlopen,5,4,0.1681818182,0.25,0.0625,0.2,0,0,0.7431941009,0,0.1,0.1666666667,0,0,1,0,0,0,0,0.02777777778,0.01538461538,0,0,0.5,0,0,0,0,0,0,0,0,1,0,0,0,0.14011875,0.1768375,0,0,0.1768375,0.29731875,0.1768375,0.2409625,0,0.06666666667
https://verifytrezor.io/,1,Holdout10_PhishTank,2026-04-26T23:28:29+00:00,https://verifytrezor.io/,200,,urlopen,21,146,0.1090909091,0.1875,0.00625,0.1,0,0,0.6801093751,1,0,0.08333333333,0,0,1,0,0,0,0,0.1166666667,0.5615384615,0.01923076923,0.9807692308,0.04761904762,0,0,0,0,0,0,0,0,0.02739726027,0.4246575342,0,0.01886792453,0.1578020548,0.2192417874,0,0,0.0708334801,0.3003215753,0.1991547945,0.2409625,0,0.3
https://www.nocutnews.co.kr,0,Holdout11_User_Normal,2026-04-26T23:34:40+00:00,https://www.nocutnews.co.kr,200,,urlopen,39,610,0.1227272727,0.2375,0,0.3,0,0,0.6792739903,1,0,0.1666666667,0,0,1,0,0,0,0,0.2166666667,1,0.9547169811,0.04528301887,0.2972972973,0.125,0,0,0,0.04375,0,0,0.02649006623,0.07947019868,0.01655629139,0,0.03284671533,0.0479634772,0.07186888969,0.04072516287,0.04052532573,0.1407008385,0.4314751629,0.06040855261,0.3909498371,0.02295081967,0.5
https://www.ohmynews.com,0,Holdout11_User_Normal,2026-04-26T23:34:40+00:00,https://www.ohmynews.com,200,,urlopen,29,758,0.1090909091,0.2,0,0.2,0,0,0.6669628789,1,0,0.125,0,0,1,0,0,0,0,0.1611111111,1,0.9146757679,0.08532423208,0.01204819277,0.125,0,0,0,0.04375,0,0,0.005319148936,0.03457446809,0.1808510638,0,0.02333333333,0.04259143701,0.05550042488,0.03980944882,0.03869389764,0.04451728014,0.4305594488,0.05364320944,0.3918655512,0.002638522427,0.3333333333
https://www.pressian.com,0,Holdout11_User_Normal,2026-04-26T23:34:40+00:00,https://www.pressian.com,200,,urlopen,21,536,0.1090909091,0.2,0,0.2,0,0,0.7009797349,1,0,0.125,0,0,1,0,0,0,0,0.1166666667,1,0.9913419913,0.008658008658,0.4,0.125,0,0,0,0.04375,0,0,0.003759398496,0.06766917293,0.06015037594,0,0.02118644068,0.04329326208,0.0634652087,0.0399097119,0.03889442379,0.1422007833,0.4190159619,0.05466401273,0.3801215381,0.005597014925,0.2333333333
https://www.edaily.co.kr,0,Holdout11_User_Normal,2026-04-26T23:34:40+00:00,https://www.edaily.co.kr,200,,urlopen,28,741,0.1090909091,0.2,0,0.3,0,0,0.7312827652,1,0,0.1666666667,0,0,1,0,0,0,0,0.1555555556,1,0.9691780822,0.03082191781,0.05194805195,0,0,0,0,0,0,0,0,0.0325203252,0.1761517615,0,0.02666666667,0.03659122984,0.04818600444,0,0.03664939516,0.05130473005,0.2797496976,0.04608776638,0.2431003024,0,0.3666666667
https://www.bloter.net,0,Holdout11_User_Normal,2026-04-26T23:34:40+00:00,https://www.bloter.net,200,,urlopen,33,511,0.1,0.175,0,0.2,0,0,0.6558066786,1,0,0.125,0,0,1,0,0,0,0,0.1833333333,1,0.963800905,0.03619909502,0.15625,0.125,0,0,0,0.04375,0,0,0,0.1106719368,0.01581027668,0,0.02643171806,0.03978691634,0.05181064318,0.0393348249,0.03774464981,0.07698521553,0.2802973249,0.05008596099,0.2425526751,0,0.4333333333
https://www.etoday.co.kr,0,Holdout11_User_Normal,2026-04-26T23:34:40+00:00,https://www.etoday.co.kr,200,,urlopen,30,854,0.1090909091,0.2,0,0.3,0,0,0.6952608902,1,0,0.1666666667,0,0,1,0,0,0,0,0.1666666667,1,0.9364548495,0.0635451505,0.064,0.125,0,0,0,0.04375,0,0,0.009433962264,0.01886792453,0.266509434,0,0.003333333333,0.0434208042,0.06309084064,0.03985769231,0.03879038462,0.05939791231,0.4306076923,0.05533608571,0.3918173077,0.01756440281,0.3333333333
https://www.mediatoday.co.kr,0,Holdout11_User_Normal,2026-04-26T23:34:40+00:00,https://www.mediatoday.co.kr,200,,urlopen,21,485,0.1272727273,0.25,0,0.3,0,0,0.7294888007,1,0,0.1666666667,0,0,1,0,0,0,0,0.1166666667,1,0.9953271028,0.004672897196,0.2,0.125,0,0,0,0.04375,0,0,0.004184100418,0.08368200837,0.01673640167,0,0.02727272727,0.03580438776,0.04864869715,0.03867056122,0.03641612245,0.09285456122,0.4294205612,0.04495098084,0.3930044388,0.00412371134,0.2
https://www.ajunews.com,0,Holdout11_User_Normal,2026-04-26T23:34:40+00:00,https://www.ajunews.com,200,,urlopen,28,749,0.1045454545,0.1875,0,0.2,0,0,0.6959835968,1,0,0.125,0,0,1,0,0,0,0,0.1555555556,1,0.9288135593,0.07118644068,0.1666666667,0.125,0,0,0,0.04375,0,0,0.008042895442,0.02412868633,0.1769436997,0,0.01666666667,0.0462768,0.06476608348,0.0403007,0.0396764,0.06955416737,0.4310507,0.05923930187,0.3913743,0.02002670227,0.3666666667
https://www.ddaily.co.kr,0,Holdout11_User_Normal,2026-04-26T23:34:40+00:00,https://www.ddaily.co.kr,200,,urlopen,27,873,0.1090909091,0.2,0,0.3,0,0,0.7161312501,1,0,0.1666666667,0,0,1,0,0,0,0,0.15,1,0.9657534247,0.03424657534,0.09027777778,0,0,0,0,0,0,0,0.02293577982,0.02293577982,0.2844036697,0,0.02666666667,0.04368243707,0.0725511622,0,0.03902374142,0.07252515196,0.4307243707,0.05516913472,0.3917006293,0.02405498282,0.3666666667
https://www.fnnews.com,0,Holdout11_User_Normal,2026-04-26T23:34:40+00:00,https://www.fnnews.com,200,,urlopen,29,794,0.1,0.175,0,0.2,0,0,0.6620454183,1,0,0.125,0,0,1,0,0,0,0,0.1611111111,1,0.9566666667,0.04333333333,0.04301075269,0.25,0,0,0,0.0875,0,0,0.002544529262,0.01017811705,0.2239185751,0,0,0.03766296992,0.04959965181,0.03895723684,0.03698947368,0.04875300297,0.4297072368,0.04752162643,0.3927177632,0.002518891688,0.3333333333
https://www.news1.kr,0,Holdout11_User_Normal,2026-04-26T23:34:40+00:00,https://www.news1.kr,200,,urlopen,15,907,0.09090909091,0.15,0,0.2,0,0.05,0.6403505627,1,0,0.125,0,0,1,0,0,0,0,0.08333333333,1,0.9933333333,0.006666666667,0.006711409396,0.375,0,0,0,0.13125,0,0,0.002227171492,0.03563474388,0.3518930958,0,0,0.03144956044,0.04109951903,0.03791206044,0.03489912088,0.04053454366,0.4286620604,0.03960977732,0.3937629396,0.002205071665,0.1333333333
https://www.techradar.com,0,Holdout11_User_Normal,2026-04-26T23:34:40+00:00,https://www.techradar.com,200,,urlopen,3,2,0.1136363636,0.2125,0,0.2,0,0,0.6879027617,1,0,0.125,0,0,1,0,0,0,0,0.01666666667,0.007692307692,0,0,0,0,0,0,0,0,0,0,0,1,0,0,0,0.0298125,0.037625,0,0,0.037625,0.037625,0.037625,0,0,0.03333333333
https://www.theverge.com/tech,0,Holdout11_User_Normal,2026-04-26T23:34:40+00:00,https://www.theverge.com/tech,200,,urlopen,77,628,0.1318181818,0.2,0.03125,0.2,0,0,0.6684438016,1,0.1,0.1666666667,0,0,1,0,0,0,0,0.4277777778,1,0.7523809524,0.2476190476,0.1089108911,0.25,0,0,0,0.0875,0,0,0,0.09324758842,0.231511254,0,0.004739336493,0.06669785714,0.08992549328,0.04388964286,0.04685428571,0.06853877652,0.2848521429,0.08418921995,0.2409625,0,1
https://www.macworld.com,0,Holdout11_User_Normal,2026-04-26T23:34:40+00:00,https://www.macworld.com,200,,urlopen,32,337,0.1090909091,0.2,0,0.2,0,0,0.6821143941,1,0,0.125,0,0,1,0,0,0,0,0.1777777778,1,0.7969924812,0.2030075188,0.08571428571,0,0,0,0,0,0,0,0,0.08928571429,0.119047619,0,0.06338028169,0.06236427515,0.08095576248,0,0.04539659763,0.06381472739,0.2841232988,0.07866522662,0.2409625,0,0.4666666667
https://www.scientificamerican.com,0,Holdout11_User_Normal,2026-04-26T23:34:40+00:00,https://www.scientificamerican.com,200,,urlopen,20,328,0.1545454545,0.325,0,0.2,0,0,0.7137110246,1,0,0.125,0,0,1,0,0,0,0,0.1111111111,1,0.9508196721,0.04918032787,0,0.125,0,0,0,0.04375,0,0,0,0.006172839506,0.2407407407,0,0.01612903226,0.03643568182,0.04624321708,0.03876636364,0.03660772727,0.03876636364,0.2341413636,0.0458447438,0.1975336364,0,0.2333333333
https://www.pcworld.com,0,Holdout11_User_Normal,2026-04-26T23:34:40+00:00,https://www.pcworld.com,200,,urlopen,25,660,0.1045454545,0.1875,0,0.2,0,0,0.6643630434,1,0,0.125,0,0,1,0,0,0,0,0.1388888889,1,0.9246575342,0.07534246575,0.07894736842,0,0,0,0,0,0,0,0,0.04545454545,0.0696969697,0,0.01683501684,0.04374306818,0.05674266103,0,0,0.05901392344,0.2809530682,0.05520613636,0.2409625,0,0.3666666667
https://www.androidauthority.com,0,Holdout11_User_Normal,2026-04-26T23:34:41+00:00,https://www.androidauthority.com,200,,urlopen,16,155,0.1454545455,0.3,0,0.2,0,0,0.7300580966,1,0,0.125,0,0,1,0,0,0,0,0.08888888889,0.5961538462,1,0,0.1627906977,0,0,0,0,0,0,0,0,0.2207792208,0.3376623377,0,0,0.04423269231,0.06199455737,0,0.03925769231,0.06841314848,0.2810538462,0.05569395957,0.2417961538,0,0.2
https://www.networkworld.com,0,Holdout11_User_Normal,2026-04-26T23:34:41+00:00,https://www.networkworld.com,200,,urlopen,33,444,0.1272727273,0.25,0,0.2,0,0,0.6979644308,1,0,0.125,0,0,1,0,0,0,0,0.1833333333,1,0.8930481283,0.1069518717,0.1142857143,0,0,0,0,0,0,0,0,0.05855855856,0.0990990991,0,0,0.04925777027,0.06439278006,0,0,0.06399988417,0.281889527,0.06216599099,0.2409625,0,0.5
https://www.infoworld.com,0,Holdout11_User_Normal,2026-04-26T23:34:41+00:00,https://www.infoworld.com,200,,urlopen,31,414,0.1136363636,0.2125,0,0.2,0,0,0.7079383072,1,0,0.125,0,0,1,0,0,0,0,0.1722222222,1,0.8870056497,0.1129943503,0.1,0,0,0,0,0,0,0,0,0.05797101449,0.08695652174,0,0,0.04960108696,0.06405833377,0,0,0.05987157609,0.2819478261,0.06259927536,0.2409625,0,0.4666666667
https://www.tomshardware.com,0,Holdout11_User_Normal,2026-04-26T23:34:41+00:00,https://www.tomshardware.com,200,,urlopen,7,16,0.1272727273,0.25,0,0.2,0,0,0.6873444826,1,0,0.125,0,0,1,0,0,0,0,0.03888888889,0.06153846154,0,0,0.25,0,0,0,0,0,0,0,0,1,0,0,0,0.084965625,0.10723125,0,0,0.10723125,0.287953125,0.10723125,0.2409625,0,0.1
https://www.livescience.com,0,Holdout11_User_Normal,2026-04-26T23:34:40+00:00,https://www.livescience.com,200,,urlopen,7,20,0.1227272727,0.2375,0,0.2,0,0,0.7011265997,1,0,0.125,0,0,1,0,0,0,0,0.03888888889,0.07692307692,0,0,0.3,0,0,0,0,0,0,0,0,1,0,0,0,0.09599625,0.1211525,0,0,0.1211525,0.28982625,0.1211525,0.2409625,0,0.1
https://www.history.com,0,Holdout11_User_Normal,2026-04-26T23:34:40+00:00,https://www.history.com,200,,urlopen,39,590,0.1045454545,0.1875,0,0.2,0,0,0.6682383398,1,0,0.125,0,0,1,0,0,0,0,0.2166666667,1,0.8288288288,0.1711711712,0.5555555556,0.125,0,0,0,0.04375,0,0,0,0.09863945578,0.1462585034,0,0.01333333333,0.06331697635,0.07385885526,0,0.04572246622,0.09035845533,0.2386987331,0.07986274482,0.195375,0,0.5666666667
https://www.smithsonianmag.com,0,Holdout11_User_Normal,2026-04-26T23:34:41+00:00,https://www.smithsonianmag.com,200,,urlopen,55,609,0.1363636364,0.275,0,0.2,0,0,0.6920434416,1,0,0.125,0,0,1,0,0,0,0,0.3055555556,1,0.9021276596,0.09787234043,0.8870967742,0.25,0,0,0,0.0875,0,0,0.003367003367,0.02693602694,0.1784511785,0,0.004237288136,0.05993383065,0.071220193,0.04278875,0.0446525,0.1329133468,0.43353875,0.07537536694,0.39075,0.00328407225,0.6666666667
https://www.wunderground.com,0,Holdout11_User_Normal,2026-04-26T23:34:40+00:00,https://www.wunderground.com,200,,urlopen,13,86,0.1272727273,0.25,0,0.2,0,0,0.7182203754,1,0,0.125,0,0,1,0,0,0,0,0.07222222222,0.3307692308,0.5,0.5,0,0,0,0,0,0,0,0,0,0.09523809524,0.09523809524,0,0.02857142857,0.09936818182,0.1171838636,0,0.05807272727,0.04949886364,0.2448738636,0.1253743802,0.195375,0,0.1333333333
https://www.cio.com,0,Holdout11_User_Normal,2026-04-26T23:34:42+00:00,https://www.cio.com,200,,urlopen,37,548,0.08636363636,0.1375,0,0.2,0,0,0.6311553613,1,0,0.125,0,0,1,0,0,0,0,0.2055555556,1,0.8632478632,0.1367521368,0.1,0,0,0,0,0,0,0,0,0.04744525547,0.09854014599,0,0,0.05340136861,0.06949125291,0,0,0.06181940693,0.2825931569,0.06739543796,0.2409625,0,0.5666666667
https://www.jma.go.jp,0,Holdout11_User_Normal,2026-04-26T23:34:40+00:00,https://www.jma.go.jp/jma/index.html,200,,urlopen,23,181,0.09545454545,0.1625,0,0.3,0,0,0.6470033842,1,0,0.1666666667,0,0,1,0,0,0,0,0.1277777778,0.6961538462,0.9019607843,0.09803921569,0.02941176471,0.25,0.5,0,0,0.0875,0,0.125,0,0.1411764706,0.2588235294,0,0,0.04747739362,0.07128086711,0.3012271277,0.04052925532,0.04781426001,0.5617271277,0.05921066376,0.5211978723,0.01104972376,0.2
https://www.computerworld.com,0,Holdout11_User_Normal,2026-04-26T23:34:42+00:00,https://www.computerworld.com,200,,urlopen,41,510,0.1318181818,0.2625,0,0.2,0,0,0.6982550085,1,0,0.125,0,0,1,0,0,0,0,0.2277777778,1,0.8858447489,0.1141552511,0.08333333333,0,0,0,0,0,0,0,0,0.04705882353,0.09411764706,0,0,0.04938352941,0.06377672731,0,0,0.05668692402,0.2819108824,0.06232470588,0.2409625,0,0.6333333333
https://www.wired.com/category/business,0,Holdout11_User_Normal,2026-04-26T23:34:44+00:00,https://www.wired.com/category/business/,200,,urlopen,15,210,0.1772727273,0.1625,0.1125,0.2,0,0,0.7581394477,1,0.2,0.2083333333,0,0,1,0,0,0,0,0.08333333333,0.8076923077,1,0,0.175,0,0,0,0,0,0,0,0.009523809524,0.08571428571,0.2857142857,0,0.01515151515,0.04582607143,0.07507761905,0,0,0.08625741071,0.4310942857,0.057835,0.39075,0.009523809524,0.2
https://www.metoffice.gov.uk,0,Holdout11_User_Normal,2026-04-26T23:34:41+00:00,https://www.metoffice.gov.uk,200,,urlopen,32,792,0.1272727273,0.25,0,0.3,0,0,0.7294888007,1,0,0.1666666667,0,0,1,0,0,0,0,0.1777777778,1,0.9531914894,0.04680851064,0.006329113924,0.25,0,0,0,0.0875,0,0,0,0.04071246819,0.3613231552,0,0.008438818565,0.03537374055,0.04584951189,0.03857629093,0.03622758186,0.04010137005,0.2795387909,0.04458483018,0.2433112091,0,0.4333333333
https://www.weather.go.kr/w/index.do,0,Holdout11_User_Normal,2026-04-26T23:34:40+00:00,https://www.weather.go.kr/w/index.do,200,,urlopen,34,416,0.1636363636,0.2125,0.06875,0.4,0,0,0.7121105281,1,0.2,0.25,0,0,1,0,0,0,0,0.1888888889,1,0.6690647482,0.3309352518,0.07462686567,0,0,0,0,0,0,0,0.004854368932,0.286407767,0.03883495146,0,0.3738738739,0.07421357143,0.08737356288,0,0.04906892857,0.06004033814,0.2859594643,0.09491279932,0.2409625,0,0.4
https://www.kma.go.kr/w/index.do,0,Holdout11_User_Normal,2026-04-26T23:34:40+00:00,https://www.weather.go.kr/w/index.do,200,,urlopen,34,416,0.1454545455,0.1625,0.06875,0.4,0,0,0.7272727273,1,0.2,0.25,0,0,1,0,0,1,0.2,0.1888888889,1,0.6690647482,0.3309352518,0.07462686567,0,0,0,0,0,0,0,0.004854368932,0.286407767,0.03883495146,0,0.3738738739,0.07421357143,0.08737356288,0,0.04906892857,0.06004033814,0.2859594643,0.09491279932,0.2409625,0,0.4
https://www.itworld.co.kr,0,Holdout11_User_Normal,2026-04-26T23:34:41+00:00,https://www.itworld.co.kr,200,,urlopen,39,374,0.1136363636,0.2125,0,0.3,0,0,0.6733573072,1,0,0.1666666667,0,0,1,0,0,0,0,0.2166666667,1,0.813253012,0.186746988,0.09523809524,0,0,0,0,0,0,0,0,0.05882352941,0.05347593583,0,0,0.06182506684,0.07929261034,0,0,0.06600990578,0.2840235963,0.07802660428,0.2409625,0,0.6
https://www.engadget.com,0,Holdout11_User_Normal,2026-04-26T23:34:48+00:00,https://www.engadget.com/,200,,requests,23,220,0.1090909091,0.2,0,0.2,0,0,0.7009797349,1,0,0.125,0,0,1,0,0,0,0,0.1277777778,0.8461538462,0.8709677419,0.1290322581,0.3571428571,0.125,0,0,0,0.04375,0,0,0,0.08411214953,0.04672897196,0,0,0.05278761161,0.06141342737,0.04157555804,0.04222611607,0.07181216518,0.236950558,0.06631140386,0.195375,0,0.2666666667
https://www.weather.gov,0,Holdout11_User_Normal,2026-04-26T23:34:41+00:00,https://www.weather.gov,200,,urlopen,40,291,0.1045454545,0.1875,0,0.2,0,0,0.6583955533,1,0,0.125,0,0,1,0,0,0,0,0.2222222222,1,0.7610619469,0.2389380531,0.08333333333,0.375,0.3333333333,0,0,0.13125,0,0.125,0,0.08759124088,0.08759124088,0,0.01739130435,0.06892599338,0.08825090894,0.2095393488,0.04769536424,0.06439039045,0.5399976821,0.08695281128,0.4956875,0.01030927835,0.4
https://www.yr.no,0,Holdout11_User_Normal,2026-04-26T23:34:41+00:00,https://www.yr.no/nb,200,,urlopen,20,89,0.07727272727,0.1125,0,0.2,0,0,0.6281495273,1,0,0.125,0,0,1,0,0,0,0,0.1111111111,0.3423076923,0.5333333333,0.4666666667,0.2307692308,0.125,0,0,0,0.04375,0,0,0,0.1395348837,0.2558139535,0,0.03225806452,0.091995,0.1051789367,0.04802,0.055115,0.07991519231,0.243395,0.1174101667,0.195375,0,0.2333333333
https://www.space.com,0,Holdout11_User_Normal,2026-04-26T23:34:42+00:00,https://www.space.com,200,,urlopen,7,20,0.09545454545,0.1625,0,0.2,0,0,0.6535392067,1,0,0.125,0,0,1,0,0,0,0,0.03888888889,0.07692307692,0,0,0.3,0,0,0,0,0,0,0,0,1,0,0,0,0.09599625,0.1211525,0,0,0.1211525,0.28982625,0.1211525,0.2409625,0,0.1
https://www.airkorea.or.kr/web,0,Holdout11_User_Normal,2026-04-26T23:34:41+00:00,https://www.airkorea.or.kr/web/,200,,urlopen,129,458,0.1363636364,0.225,0.025,0.3,0,0,0.6769511689,1,0.1,0.2083333333,0,0,1,0,0,0,0,0.7166666667,1,0.4076923077,0.5923076923,0.01265822785,0,0,0,0,0,0,0,0,0.1483253589,0.2296650718,0,0.04411764706,0.08758554217,0.09429629321,0,0.05438795181,0.05070663413,0.2886189759,0.1101227271,0.2409625,0,1
https://www.androidpolice.com,0,Holdout11_User_Normal,2026-04-26T23:34:42+00:00,https://www.androidpolice.com,200,,urlopen,44,145,0.1318181818,0.2625,0,0.2,0,0,0.7358725634,1,0,0.125,0,0,1,0,0,0,0,0.2444444444,0.5576923077,0.8301886792,0.1698113208,1,0.125,0,0,0,0.04375,0,0,0,0.1194029851,0.08955223881,0,0.01851851852,0.08271818182,0.09836334954,0.04644821429,0.05197142857,0.2458821429,0.2874107143,0.106190538,0.2409625,0,0.5333333333
https://www.nationalgeographic.com,0,Holdout11_User_Normal,2026-04-26T23:34:42+00:00,https://www.nationalgeographic.com,200,,urlopen,32,534,0.1545454545,0.325,0,0.2,0,0,0.737722923,1,0,0.125,0,0,1,0,0,0,0,0.1777777778,1,0.7935222672,0.2064777328,0.15,0,0,0,0,0,0,0,0,0.07490636704,0.01123595506,0,0,0.06645842697,0.08368952524,0,0,0.07999226826,0.2848103933,0.0838741573,0.2409625,0,0.5
https://www.data.go.kr/data/15000581/openapi.do,0,Holdout11_User_Normal,2026-04-26T23:34:41+00:00,https://www.data.go.kr/data/15000581/openapi.do,200,,requests,3,16,0.2136363636,0.175,0.15625,0.4,0,0.170212766,0.7507619248,1,0.3,0.3333333333,0,0,1,0,0,0,0,0.01666666667,0.06153846154,0,0,0,0,0,0,0,0,0,0,0,1,0,0,1,0.0298125,0.037625,0,0,0.037625,0.037625,0.037625,0,0,0.03333333333
https://www.noaa.gov/weather,0,Holdout11_User_Normal,2026-04-26T23:34:41+00:00,https://www.noaa.gov/weather,200,,urlopen,45,398,0.1272727273,0.15,0.05,0.2,0,0,0.6775407488,1,0.1,0.1666666667,0,0,1,0,0,0,0,0.25,1,0.8513513514,0.1486486486,0.04237288136,0.375,0.5,0,0,0.13125,0,0.1875,0.005208333333,0.4583333333,0.1510416667,0,0.05128205128,0.04860330882,0.06540640131,0.2886849265,0.04075735294,0.05232083749,0.5365286765,0.06117272924,0.4957713235,0.01256281407,0.5
https://www.earthsky.org,0,Holdout11_User_Normal,2026-04-26T23:34:42+00:00,https://earthsky.org/,200,,urlopen,45,433,0.1090909091,0.2,0,0.2,0,0,0.6858282198,1,0,0.125,0,0,1,0,0,0,0,0.25,1,0.9142857143,0.08571428571,0.05970149254,0.375,0.6666666667,0,0,0.13125,0,0.25,0,0.07246376812,0.2512077295,0,0.01408450704,0.04824383408,0.07383421719,0.388168367,0.04074506726,0.05522085453,0.5618350336,0.06033808492,0.5210899664,0.009237875289,0.4666666667
https://www.gsmarena.com,0,Holdout11_User_Normal,2026-04-26T23:34:42+00:00,https://www.gsmarena.com,200,,urlopen,29,488,0.1090909091,0.2,0,0.2,0,0,0.7066985797,1,0,0.125,0,0,1,0,0,0,0,0.1611111111,1,0.9270833333,0.07291666667,0.1063829787,0.25,0,0.1666666667,0.1666666667,0.2541666667,0,0,0,0.01673640167,0.179916318,0,0.02040816327,0.04395880567,0.05640237033,0.04005991903,0.07297400472,0.05685188711,0.281022419,0.05496132394,0.241827581,0.002049180328,0.3
https://www.ciokorea.com,0,Holdout11_User_Normal,2026-04-26T23:34:43+00:00,https://www.cio.com/,200,,urlopen,37,548,0.1090909091,0.2,0,0.2,0,0,0.7009797349,1,0,0.125,0,0,1,0,0,1,0.2,0.2055555556,1,0.8632478632,0.1367521368,0.1,0,0,0,0,0,0,0,0,0.04744525547,0.09854014599,0,0,0.05340136861,0.06949125291,0,0,0.06181940693,0.2825931569,0.06739543796,0.2409625,0,0.5666666667
https://www.meteoblue.com,0,Holdout11_User_Normal,2026-04-26T23:34:43+00:00,https://www.meteoblue.com/en/weather/week/cheongju-si_south-korea_1845604,200,,urlopen,39,427,0.1136363636,0.2125,0,0.2,0,0,0.6824126708,1,0,0.125,0,0,1,0,0,0,0,0.2166666667,1,0.8524590164,0.1475409836,0.06741573034,0.125,0,0,0,0.04375,0,0,0.004739336493,0.01421800948,0.4028436019,0,0.2823529412,0.04905680233,0.06797039502,0.04091209302,0.04089918605,0.05181504246,0.431662093,0.06178220362,0.390762907,0.004683840749,0.5333333333
https://www.seoul.go.kr/seoul/seoul.do,0,Holdout11_User_Normal,2026-04-26T23:34:41+00:00,https://www.seoul.go.kr/seoul/seoul.do,200,,urlopen,35,213,0.1727272727,0.1875,0.09375,0.4,0,0,0.6832155743,1,0.2,0.2916666667,0,0,1,0,0,0,0,0.1944444444,0.8192307692,0.7662337662,0.2337662338,0.08333333333,0.25,0,0,0.1428571429,0.2303571429,0,0,0,0.1881188119,0.0495049505,0,0.1149425287,0.06538193182,0.07690627544,0.04381045455,0.06268519481,0.06389066288,0.2847729545,0.08136316529,0.2409625,0,0.4
https://news.seoul.go.kr,0,Holdout11_User_Normal,2026-04-26T23:34:41+00:00,https://news.seoul.go.kr,200,,urlopen,22,104,0.1090909091,0.2,0,0.3,0,0,0.7009797349,1,0,0.1666666667,0,0,1,0,0,0,0,0.1222222222,0.4,0.7222222222,0.2777777778,0.0625,0,0,0,0,0,0,0,0.01923076923,0.07692307692,0.2115384615,0,0.07692307692,0.06845408654,0.09067403214,0,0,0.0592469351,0.2851492788,0.08639278846,0.2409625,0,0.3
https://opengov.seoul.go.kr,0,Holdout11_User_Normal,2026-04-26T23:34:41+00:00,https://opengov.seoul.go.kr,200,,urlopen,23,142,0.1227272727,0.2375,0,0.3,0,0,0.6978254213,1,0,0.1666666667,0,0,1,0,0,0,0,0.1277777778,0.5461538462,0.9302325581,0.06976744186,0.16,0.125,0,0,0,0.04375,0,0,0,0.25,0.1176470588,0,0.02272727273,0.04806369863,0.0603798768,0.04075958904,0.04059417808,0.07508883904,0.281722089,0.06041833365,0.241127911,0,0.2333333333
https://www.busan.go.kr/tour/index,0,Holdout11_User_Normal,2026-04-26T23:34:41+00:00,https://www.busan.go.kr/tour/index,200,,urlopen,5,8,0.1545454545,0.1875,0.06875,0.3,0,0,0.7524549417,1,0.2,0.25,0,0,1,0,0,0,0,0.02777777778,0.03076923077,1,0,0,0,0,0,0,0,0,0,0,0.25,0.25,0,0.3333333333,0.0298125,0.037625,0,0,0.037625,0.037625,0.037625,0,0,0.03333333333
https://parks.seoul.go.kr,0,Holdout11_User_Normal,2026-04-26T23:34:41+00:00,https://parks.seoul.go.kr,200,,urlopen,27,555,0.1136363636,0.2125,0,0.3,0,0,0.6879027617,1,0,0.1666666667,0,0,1,0,0,0,0,0.15,1,0.8907103825,0.1092896175,0.06382978723,0,0,0,0,0,0,0,0,0.09025270758,0.2490974729,0,0.1605504587,0.04496600719,0.05744622667,0,0.03946034173,0.04779858842,0.2811551709,0.05678661932,0.2416948291,0,0.3666666667
http://allegro-lokalnie.5239f892398f283.cfd/,1,Holdout11_PhishTank,2026-04-26T23:34:41+00:00,http://allegro-lokalnie.5239f892398f283.cfd/,200,,urlopen,3,2,0.2,0.45,0.00625,0.2,0.08333333333,0.2954545455,0.8003539926,0,0,0.1666666667,0,0,1,0,0,0,0,0.01666666667,0.007692307692,0,0,1,0,0,0,0,0,0,0,0,1,0,0,0,0.250425,0.31605,0,0,0.31605,0.31605,0.31605,0,0,0.03333333333
https://kabinetdesign.com/Brossman009.php,1,Holdout11_PhishTank,2026-04-26T23:34:42+00:00,https://kabinetdesign.com/Brossman009.php,200,,urlopen,6,5,0.1863636364,0.2125,0.1,0.2,0,0.07317073171,0.7833263068,1,0.1,0.1666666667,0,0,1,0,0,0,0,0.03333333333,0.01923076923,0,0,0,0.125,0,0.3333333333,0.3333333333,0.3770833333,0,0,0,0,0,0,1,0.120065625,0.1174199176,0.0568625,0.1403583333,0,0.275475,0.119484375,0.2186125,0.2,0.03333333333
https://actualizacion-2025.iceiy.com/,1,Holdout11_PhishTank,2026-04-26T23:34:42+00:00,https://actualizacion-2025.iceiy.com/,200,,urlopen,3,2,0.1681818182,0.35,0.00625,0.2,0.08333333333,0.1081081081,0.7689686094,1,0,0.1666666667,0,0,1,0,0,0,0,0.01666666667,0.007692307692,0,0,0,0,0,0,0,0,0,0,0,1,0,0,0,0.0298125,0.037625,0,0,0.037625,0.037625,0.037625,0,0,0.03333333333
https://actualizacion-2025.iceiy.com/?i=1,1,Holdout11_PhishTank,2026-04-26T23:34:42+00:00,https://actualizacion-2025.iceiy.com/?i=1,200,,urlopen,3,2,0.1863636364,0.35,0.00625,0.2,0.08333333333,0.1219512195,0.7972741872,1,0,0.1666666667,0,0,1,0,0,0,0,0.01666666667,0.007692307692,0,0,0,0,0,0,0,0,0,0,0,1,0,0,0,0.0298125,0.037625,0,0,0.037625,0.037625,0.037625,0,0,0.03333333333
https://en-trezrbridg.wixstudio.com/en-us,1,Holdout11_PhishTank,2026-04-26T23:34:42+00:00,https://en-trezrbridg.wixstudio.com/en-us,200,,urlopen,11,28,0.1863636364,0.3375,0.0375,0.2,0.1666666667,0,0.7799786904,1,0.1,0.25,0,0,1,0,0,0,0,0.06111111111,0.1076923077,0.5,0.5,1,0,0,0,0,0,0,0,0,0.7857142857,0.07142857143,0,0,0.2214642857,0.2936265429,0,0,0.2981071429,0.3111321429,0.2795,0.2409625,0,0.1666666667
https://suiteappss-trezer.wixstudio.com/us-en,1,Holdout11_PhishTank,2026-04-26T23:34:42+00:00,https://suiteappss-trezer.wixstudio.com/us-en,200,,urlopen,9,30,0.2045454545,0.3875,0.0375,0.2,0.1666666667,0,0.7474522176,1,0.1,0.25,0,0,1,0,0,0,0,0.05,0.1153846154,0.5,0.5,1,0,0,0,0,0,0,0,0,0.7333333333,0,0,0,0.215445,0.284448806,0,0,0.31011,0.31011,0.2719033333,0.2409625,0,0.1333333333
https://bridgehub.zapier.app/web-eng,1,Holdout11_PhishTank,2026-04-26T23:34:42+00:00,https://bridgehub.zapier.app/web-eng,200,,urlopen,4,66,0.1636363636,0.25,0.05,0.2,0.08333333333,0,0.7404420457,1,0.1,0.2083333333,0,0,1,0,0,0,0,0.02222222222,0.2538461538,0,1,1,0,0,0,0,0,0,0,0,0.9696969697,0,0,0,0.249375,0.3152307306,0,0,0.3156204545,0.3156204545,0.3149787879,0.021175,0,0.03333333333
https://suites-trexoio.wixstudio.com/us-en,1,Holdout11_PhishTank,2026-04-26T23:34:42+00:00,https://suites-trexoio.wixstudio.com/us-en,200,,urlopen,11,28,0.1909090909,0.35,0.0375,0.2,0.1666666667,0,0.7229151009,1,0.1,0.25,0,0,1,0,0,0,0,0.06111111111,0.1076923077,0.5,0.5,1,0,0,0,0,0,0,0,0,0.7857142857,0.07142857143,0,0,0.2214642857,0.2936265429,0,0,0.2981071429,0.3111321429,0.2795,0.2409625,0,0.1666666667
https://www.webercountyutah.gov/Surveyor/Research/udot-maps.php?udot-maps-dir=%22%2F%3E%3Cimg%20src%3D%22https%3A%2F%2Fgoogle.com%2FHLDMXInx6sm2b.jpg%22%20onerror%3D%22window.location%3DdecodeURIComponent%28atob%28%27Njg3NDc0NzA3MzNhMmYyZjc3NmM2YjcxNjc3NzZkNjc2YzcwNjQyZTczNzA2MTcyNmI2MTczNzM2NTJlNzE3MDZmNmU%3D%27%29.replace%28%2F%28..%29%2Fg%2C%20%27%25%241%27%29%29%3B%22%3E,1,Holdout11_PhishTank,2026-04-26T23:34:42+00:00,https://www.webercountyutah.gov/Surveyor/Research/udot-maps.php?udot-maps-dir=%22%2F%3E%3Cimg%20src%3D%22https%3A%2F%2Fgoogle.com%2FHLDMXInx6sm2b.jpg%22%20onerror%3D%22window.location%3DdecodeURIComponent%28atob%28%27Njg3NDc0NzA3MzNhMmYyZjc3NmM2YjcxNjc3NzZkNjc2YzcwNjQyZTczNzA2MTcyNmI2MTczNzM2NTJlNzE3MDZmNmU%3D%27%29.replace%28%2F%28..%29%2Fg%2C%20%27%25%241%27%29%29%3B%22%3E,200,,urlopen,54,230,1,0.2875,0.2,0.9,0.25,0.1962864721,0.9562073266,1,0.3,1,0,0,1,0,0,0,0,0.3,0.8846153846,0.6730769231,0.3269230769,0.3636363636,0,0,0,0,0,0,0,0,0.06956521739,0.02608695652,0,0.0796460177,0.08927608696,0.1142145082,0,0,0.1261093898,0.2886596739,0.1128482609,0.2409625,0,0.8333333333
https://improve-bridge.wixstudio.com/us-en,1,Holdout11_PhishTank,2026-04-26T23:34:42+00:00,https://improve-bridge.wixstudio.com/us-en,200,,urlopen,13,30,0.1909090909,0.35,0.0375,0.2,0.1666666667,0,0.7822636115,1,0.1,0.25,0,0,1,0,0,0,0,0.07222222222,0.1153846154,0.3333333333,0.6666666667,1,0,0,0,0,0,0,0,0,0.7333333333,0.06666666667,0,0,0.2206125,0.2921957061,0,0,0.2979625,0.3109875,0.278425,0.2409625,0,0.2
https://program-bridge.wixstudio.com/bridge-en-us,1,Holdout11_PhishTank,2026-04-26T23:34:42+00:00,https://program-bridge.wixstudio.com/bridge-en-us,200,,urlopen,9,26,0.2227272727,0.35,0.08125,0.2,0.25,0,0.7832344428,1,0.1,0.2916666667,0,0,1,0,0,0,0,0.05,0.1,0.5,0.5,1,0,0,0,0,0,0,0,0,0.8461538462,0,0,0,0.2302442308,0.298530454,0,0,0.3126230769,0.3126230769,0.2905807692,0.2409625,0,0.1333333333
https://qrcodedynamic.com/8tjijm4/,1,Holdout11_PhishTank,2026-04-26T23:34:44+00:00,https://pub-c62ceae5d4554ed4bbacea9f803000e3.r2.dev/blob.html,200,,urlopen,3,2,0.1545454545,0.2125,0.05625,0.1,0,0.05882352941,0.7631501289,1,0.1,0.125,0,0,1,0,0,1,0.2,0.01666666667,0.007692307692,0,0,1,0,0,0,0,0,0,0,0,1,0,0,0,0.250425,0.31605,0,0,0.31605,0.31605,0.31605,0,0,0.03333333333
https://backpackweb.wixstudio.com/en-us,1,Holdout11_PhishTank,2026-04-26T23:34:43+00:00,https://backpackweb.wixstudio.com/en-us,200,,urlopen,9,26,0.1772727273,0.3125,0.0375,0.2,0.08333333333,0,0.7790728976,1,0.1,0.2083333333,0,0,1,0,0,0,0,0.05,0.1,0.5,0.5,1,0,0,0,0,0,0,0,0,0.8461538462,0,0,0,0.2302442308,0.298530454,0,0,0.3126230769,0.3126230769,0.2905807692,0.2409625,0,0.1333333333
https://home-coin-learn.wixstudio.com/secure,1,Holdout11_PhishTank,2026-04-26T23:34:43+00:00,https://home-coin-learn.wixstudio.com/secure,200,,urlopen,11,30,0.2,0.3625,0.04375,0.2,0.1666666667,0,0.7704155112,1,0.1,0.25,0.1666666667,0,1,0,0,0,0,0.06111111111,0.1153846154,0.3333333333,0.6666666667,1,0,0,0,0,0,0,0,0,0.7333333333,0.06666666667,0,0,0.2206125,0.2921957061,0,0,0.2979625,0.3109875,0.278425,0.2409625,0,0.1666666667
https://eng-live-desktop.wixstudio.com/us-en,1,Holdout11_PhishTank,2026-04-26T23:34:43+00:00,https://eng-live-desktop.wixstudio.com/us-en,200,,urlopen,11,28,0.2,0.375,0.0375,0.2,0.25,0,0.773534881,1,0.1,0.2916666667,0,0,1,0,0,0,0,0.06111111111,0.1076923077,0.5,0.5,1,0,0,0,0,0,0,0,0,0.7857142857,0.07142857143,0,0,0.2214642857,0.2936265429,0,0,0.2981071429,0.3111321429,0.2795,0.2409625,0,0.1666666667
https://opendesktop.wixstudio.com/us-en,1,Holdout11_PhishTank,2026-04-26T23:34:43+00:00,https://opendesktop.wixstudio.com/us-en,200,,urlopen,11,30,0.1772727273,0.3125,0.0375,0.2,0.08333333333,0,0.73597214,1,0.1,0.2083333333,0,0,1,0,0,0,0,0.06111111111,0.1153846154,0.3333333333,0.6666666667,1,0,0,0,0,0,0,0,0,0.7333333333,0.06666666667,0,0,0.2206125,0.2921957061,0,0,0.2979625,0.3109875,0.278425,0.2409625,0,0.1666666667
https://reference-desktop.wixstudio.com/us-en,1,Holdout11_PhishTank,2026-04-26T23:34:43+00:00,https://reference-desktop.wixstudio.com/us-en,200,,urlopen,13,30,0.2045454545,0.3875,0.0375,0.2,0.1666666667,0,0.7600559165,1,0.1,0.25,0,0,1,0,0,0,0,0.07222222222,0.1153846154,0.3333333333,0.6666666667,1,0,0,0,0,0,0,0,0,0.7333333333,0.06666666667,0,0,0.2206125,0.2921957061,0,0,0.2979625,0.3109875,0.278425,0.2409625,0,0.2
https://www.jpvoteshop.shop/?vid=001,1,Holdout11_PhishTank,2026-04-26T23:34:42+00:00,https://www.jpvoteshop.shop/?vid=001,200,,urlopen,4,88,0.1636363636,0.2375,0.00625,0.2,0,0.08333333333,0.7251917931,1,0,0.2083333333,0,0,1,0,0,0,0,0.02222222222,0.3384615385,0,0,0,0,0,0,0,0,0,0,0,0.06818181818,0.9318181818,0,0,0.0298125,0.037625,0,0,0.037625,0.037625,0.037625,0,0,0.03333333333
https://liveapp-ledjer.wixstudio.com/live-en,1,Holdout11_PhishTank,2026-04-26T23:34:43+00:00,https://liveapp-ledjer.wixstudio.com/live-en,200,,urlopen,9,26,0.2,0.35,0.05,0.2,0.1666666667,0,0.7834123997,1,0.1,0.25,0,0,1,0,0,0,0,0.05,0.1,0.5,0.5,1,0,0,0,0,0,0,0,0,0.8461538462,0,0,0,0.2302442308,0.298530454,0,0,0.3126230769,0.3126230769,0.2905807692,0.2409625,0,0.1333333333
https://ledgelive-logn.wixstudio.com/en-us,1,Holdout11_PhishTank,2026-04-26T23:34:43+00:00,https://ledgelive-logn.wixstudio.com/en-us,200,,urlopen,9,28,0.1909090909,0.35,0.0375,0.2,0.1666666667,0,0.7703376915,1,0.1,0.25,0,0,1,0,0,0,0,0.05,0.1076923077,0.3333333333,0.6666666667,1,0,0,0,0,0,0,0,0,0.7857142857,0,0,0,0.2287044643,0.2967926618,0,0,0.3123616071,0.3123616071,0.2886375,0.2409625,0,0.1333333333
https://techhelp-desktop.wixstudio.com/desktop-us,1,Holdout11_PhishTank,2026-04-26T23:34:43+00:00,https://techhelp-desktop.wixstudio.com/desktop-us,200,,urlopen,9,28,0.2227272727,0.375,0.06875,0.2,0.1666666667,0,0.7337168994,1,0.1,0.25,0,0,1,0,0,0,0,0.05,0.1076923077,0.3333333333,0.6666666667,1,0,0,0,0,0,0,0,0,0.7857142857,0,0,0,0.2287044643,0.2967926618,0,0,0.3123616071,0.3123616071,0.2886375,0.2409625,0,0.1333333333
https://ledze-live.wixstudio.com/login,1,Holdout11_PhishTank,2026-04-26T23:34:43+00:00,https://ledze-live.wixstudio.com/login,200,,urlopen,11,30,0.1727272727,0.3,0.0375,0.2,0.08333333333,0,0.7734297033,1,0.1,0.2083333333,0.2,0,1,0,0,0,0,0.06111111111,0.1153846154,0.3333333333,0.6666666667,1,0,0,0,0,0,0,0,0,0.7333333333,0.06666666667,0,0,0.2206125,0.2921957061,0,0,0.2979625,0.3109875,0.278425,0.2409625,0,0.1666666667
https://ldgrcomstert.wixstudio.com/us-en,1,Holdout11_PhishTank,2026-04-26T23:34:44+00:00,https://ldgrcomstert.wixstudio.com/us-en,200,,urlopen,9,28,0.1818181818,0.325,0.0375,0.2,0.08333333333,0,0.7625350378,1,0.1,0.2083333333,0,0,1,0,0,0,0,0.05,0.1076923077,0.3333333333,0.6666666667,1,0,0,0,0,0,0,0,0,0.7857142857,0,0,0,0.2287044643,0.2967926618,0,0,0.3123616071,0.3123616071,0.2886375,0.2409625,0,0.1333333333
https://platsform-livestarts.wixstudio.com/en-us,1,Holdout11_PhishTank,2026-04-26T23:34:43+00:00,https://platsform-livestarts.wixstudio.com/en-us,200,,urlopen,9,30,0.2181818182,0.425,0.0375,0.2,0.1666666667,0,0.7757348012,1,0.1,0.25,0,0,1,0,0,0,0,0.05,0.1153846154,0.5,0.5,1,0,0,0,0,0,0,0,0,0.7333333333,0,0,0,0.215445,0.284448806,0,0,0.31011,0.31011,0.2719033333,0.2409625,0,0.1333333333
https://appstart-ledgar.wixstudio.com/enus,1,Holdout11_PhishTank,2026-04-26T23:34:43+00:00,https://appstart-ledgar.wixstudio.com/enus,200,,urlopen,9,30,0.1909090909,0.3625,0.03125,0.2,0.08333333333,0,0.7731732847,1,0.1,0.2083333333,0,0,1,0,0,0,0,0.05,0.1153846154,0.5,0.5,1,0,0,0,0,0,0,0,0,0.7333333333,0,0,0,0.215445,0.284448806,0,0,0.31011,0.31011,0.2719033333,0.2409625,0,0.1333333333
https://suiteapps-eng.wixstudio.com/en-suite,1,Holdout11_PhishTank,2026-04-26T23:34:43+00:00,https://suiteapps-eng.wixstudio.com/en-suite,200,,urlopen,9,28,0.2,0.3375,0.05625,0.2,0.1666666667,0,0.7385580486,1,0.1,0.25,0,0,1,0,0,0,0,0.05,0.1076923077,0.3333333333,0.6666666667,1,0,0,0,0,0,0,0,0,0.7857142857,0,0,0,0.2287044643,0.2967926618,0,0,0.3123616071,0.3123616071,0.2886375,0.2409625,0,0.1333333333
https://techhelp-desktop.wixstudio.com/usen,1,Holdout11_PhishTank,2026-04-26T23:34:43+00:00,https://techhelp-desktop.wixstudio.com/usen,200,,urlopen,11,30,0.1954545455,0.375,0.03125,0.2,0.08333333333,0,0.7471466975,1,0.1,0.2083333333,0,0,1,0,0,0,0,0.06111111111,0.1153846154,0.3333333333,0.6666666667,1,0,0,0,0,0,0,0,0,0.7333333333,0.06666666667,0,0,0.2206125,0.2921957061,0,0,0.2979625,0.3109875,0.278425,0.2409625,0,0.1666666667
https://uselivewallet.wixstudio.com/en-us,1,Holdout11_PhishTank,2026-04-26T23:34:43+00:00,https://uselivewallet.wixstudio.com/en-us,200,,urlopen,9,28,0.1863636364,0.3375,0.0375,0.2,0.08333333333,0,0.756718768,1,0.1,0.2083333333,0,0,1,0,0,0,0,0.05,0.1076923077,0.3333333333,0.6666666667,1,0,0,0,0,0,0,0,0,0.7857142857,0,0,0,0.2287044643,0.2967926618,0,0,0.3123616071,0.3123616071,0.2886375,0.2409625,0,0.1333333333
https://techhelp-desktop.wixstudio.com/learn,1,Holdout11_PhishTank,2026-04-26T23:34:44+00:00,https://techhelp-desktop.wixstudio.com/learn,200,,urlopen,9,28,0.2,0.375,0.0375,0.2,0.08333333333,0,0.7720285671,1,0.1,0.2083333333,0,0,1,0,0,0,0,0.05,0.1076923077,0.3333333333,0.6666666667,1,0,0,0,0,0,0,0,0,0.7857142857,0,0,0,0.2287044643,0.2967926618,0,0,0.3123616071,0.3123616071,0.2886375,0.2409625,0,0.1333333333
https://legerlvwltee.wixstudio.com/en-io,1,Holdout11_PhishTank,2026-04-26T23:34:44+00:00,https://legerlvwltee.wixstudio.com/en-io,200,,urlopen,9,28,0.1818181818,0.325,0.0375,0.2,0.08333333333,0,0.7647633332,1,0.1,0.2083333333,0,0,1,0,0,0,0,0.05,0.1076923077,0.3333333333,0.6666666667,1,0,0,0,0,0,0,0,0,0.7857142857,0,0,0,0.2287044643,0.2967926618,0,0,0.3123616071,0.3123616071,0.2886375,0.2409625,0,0.1333333333
https://user-liveledgr.wixstudio.com/live-en,1,Holdout11_PhishTank,2026-04-26T23:34:43+00:00,https://user-liveledgr.wixstudio.com/live-en,200,,urlopen,11,30,0.2,0.35,0.05,0.2,0.1666666667,0,0.7751479369,1,0.1,0.25,0,0,1,0,0,0,0,0.06111111111,0.1153846154,0.3333333333,0.6666666667,1,0,0,0,0,0,0,0,0,0.7333333333,0.06666666667,0,0,0.2206125,0.2921957061,0,0,0.2979625,0.3109875,0.278425,0.2409625,0,0.1666666667
https://ledgrr-desktp.wixstudio.com/secure,1,Holdout11_PhishTank,2026-04-26T23:34:44+00:00,https://ledgrr-desktp.wixstudio.com/secure,200,,urlopen,11,30,0.1909090909,0.3375,0.04375,0.2,0.08333333333,0,0.762825408,1,0.1,0.2083333333,0.2,0,1,0,0,0,0,0.06111111111,0.1153846154,0.3333333333,0.6666666667,1,0,0,0,0,0,0,0,0,0.7333333333,0.06666666667,0,0,0.2206125,0.2921957061,0,0,0.2979625,0.3109875,0.278425,0.2409625,0,0.1666666667
https://connexion-ca-secure.com/,1,Holdout11_PhishTank,2026-04-26T23:34:44+00:00,https://connexion-ca-secure.com/,200,,urlopen,7,8,0.1454545455,0.2875,0.00625,0.1,0.1666666667,0,0.7214798295,1,0,0.1666666667,0.25,0,1,0,0,0,0,0.03888888889,0.03076923077,0,1,0,0,0,0,0,0,0,0,0,0,0.6666666667,0,0,0.0695025,0.06898303571,0,0.048905,0.044915,0.24029,0.085586,0.195375,0,0.06666666667
https://connexion-ca-secure.com/index.html,1,Holdout11_PhishTank,2026-04-26T23:34:44+00:00,https://connexion-ca-secure.com/index.html,200,,urlopen,7,8,0.1909090909,0.2875,0.06875,0.2,0.1666666667,0,0.7541673994,1,0.1,0.25,0.1666666667,0,1,0,0,0,0,0.03888888889,0.03076923077,0,1,0,0,0,0,0,0,0,0,0,0,0.6666666667,0,0,0.0695025,0.06898303571,0,0.048905,0.044915,0.24029,0.085586,0.195375,0,0.06666666667
https://txorhardware.wixstudio.com/en-us,1,Holdout11_PhishTank,2026-04-26T23:34:44+00:00,https://txorhardware.wixstudio.com/en-us,200,,urlopen,9,26,0.1818181818,0.325,0.0375,0.2,0.08333333333,0,0.7629889718,1,0.1,0.2083333333,0,0,1,0,0,0,0,0.05,0.1,0.5,0.5,1,0,0,0,0,0,0,0,0,0.8461538462,0,0,0,0.2302442308,0.298530454,0,0,0.3126230769,0.3126230769,0.2905807692,0.2409625,0,0.1333333333
https://platsform-livestarts.wixstudio.com/home,1,Holdout11_PhishTank,2026-04-26T23:34:45+00:00,https://platsform-livestarts.wixstudio.com/home,200,,urlopen,9,30,0.2136363636,0.425,0.03125,0.2,0.08333333333,0,0.7647257178,1,0.1,0.2083333333,0,0,1,0,0,0,0,0.05,0.1153846154,0.5,0.5,1,0,0,0,0,0,0,0,0,0.7333333333,0,0,0,0.215445,0.284448806,0,0,0.31011,0.31011,0.2719033333,0.2409625,0,0.1333333333
https://suiteapps-trsexzo.wixstudio.com/en-us,1,Holdout11_PhishTank,2026-04-26T23:34:45+00:00,https://suiteapps-trsexzo.wixstudio.com/en-us,200,,urlopen,11,28,0.2045454545,0.3875,0.0375,0.2,0.1666666667,0,0.7494329246,1,0.1,0.25,0,0,1,0,0,0,0,0.06111111111,0.1076923077,0.5,0.5,1,0,0,0,0,0,0,0,0,0.7857142857,0.07142857143,0,0,0.2214642857,0.2936265429,0,0,0.2981071429,0.3111321429,0.2795,0.2409625,0,0.1666666667
https://appsuitpp-us.wixstudio.com/us-en,1,Holdout11_PhishTank,2026-04-26T23:34:44+00:00,https://appsuitpp-us.wixstudio.com/us-en,200,,urlopen,11,28,0.1818181818,0.325,0.0375,0.2,0.1666666667,0,0.7188548538,1,0.1,0.25,0,0,1,0,0,0,0,0.06111111111,0.1076923077,0.5,0.5,1,0,0,0,0,0,0,0,0,0.7857142857,0.07142857143,0,0,0.2214642857,0.2936265429,0,0,0.2981071429,0.3111321429,0.2795,0.2409625,0,0.1666666667
https://stop-desktop.wixstudio.com/en-us,1,Holdout11_PhishTank,2026-04-26T23:34:44+00:00,https://stop-desktop.wixstudio.com/en-us,200,,urlopen,9,26,0.1818181818,0.325,0.0375,0.2,0.1666666667,0,0.7279457629,1,0.1,0.25,0,0,1,0,0,0,0,0.05,0.1,0.5,0.5,1,0,0,0,0,0,0,0,0,0.8461538462,0,0,0,0.2302442308,0.298530454,0,0,0.3126230769,0.3126230769,0.2905807692,0.2409625,0,0.1333333333
https://core-livestart.wixstudio.com/us-en,1,Holdout11_PhishTank,2026-04-26T23:34:44+00:00,https://core-livestart.wixstudio.com/us-en,200,,urlopen,11,30,0.1909090909,0.35,0.0375,0.2,0.1666666667,0,0.7699053735,1,0.1,0.25,0,0,1,0,0,0,0,0.06111111111,0.1153846154,0.3333333333,0.6666666667,1,0,0,0,0,0,0,0,0,0.7333333333,0.06666666667,0,0,0.2206125,0.2921957061,0,0,0.2979625,0.3109875,0.278425,0.2409625,0,0.1666666667
https://intro-applive.wixstudio.com/us-en,1,Holdout11_PhishTank,2026-04-26T23:34:44+00:00,https://intro-applive.wixstudio.com/us-en,200,,urlopen,9,26,0.1863636364,0.3375,0.0375,0.2,0.1666666667,0,0.7744571272,1,0.1,0.25,0,0,1,0,0,0,0,0.05,0.1,0.5,0.5,1,0,0,0,0,0,0,0,0,0.8461538462,0,0,0,0.2302442308,0.298530454,0,0,0.3126230769,0.3126230769,0.2905807692,0.2409625,0,0.1333333333
https://logn-live-ledgrr.wixstudio.com/logon,1,Holdout11_PhishTank,2026-04-26T23:34:44+00:00,https://logn-live-ledgrr.wixstudio.com/logon,200,,urlopen,9,26,0.2,0.375,0.0375,0.2,0.1666666667,0,0.7751479369,1,0.1,0.25,0,0,1,0,0,0,0,0.05,0.1,0.5,0.5,1,0,0,0,0,0,0,0,0,0.8461538462,0,0,0,0.2302442308,0.298530454,0,0,0.3126230769,0.3126230769,0.2905807692,0.2409625,0,0.1333333333
https://supportrabby.wixstudio.com/start,1,Holdout11_PhishTank,2026-04-26T23:34:44+00:00,https://supportrabby.wixstudio.com/start,200,,urlopen,9,28,0.1818181818,0.325,0.0375,0.2,0,0,0.7288536308,1,0.1,0.1666666667,0,0,1,0,0,0,0,0.05,0.1076923077,0.3333333333,0.6666666667,1,0,0,0,0,0,0,0,0,0.7857142857,0,0,0,0.2287044643,0.2967926618,0,0,0.3123616071,0.3123616071,0.2886375,0.2409625,0,0.1333333333
https://logonlive-starts.wixstudio.com/us-en,1,Holdout11_PhishTank,2026-04-26T23:34:44+00:00,https://logonlive-starts.wixstudio.com/us-en,200,,urlopen,11,28,0.2,0.375,0.0375,0.2,0.1666666667,0,0.7747352697,1,0.1,0.25,0,0,1,0,0,0,0,0.06111111111,0.1076923077,0.5,0.5,1,0,0,0,0,0,0,0,0,0.7857142857,0.07142857143,0,0,0.2214642857,0.2936265429,0,0,0.2981071429,0.3111321429,0.2795,0.2409625,0,0.1666666667
https://logon-smart.wixstudio.com/signin,1,Holdout11_PhishTank,2026-04-26T23:34:44+00:00,https://logon-smart.wixstudio.com/signin,200,,urlopen,9,28,0.1818181818,0.3125,0.04375,0.2,0.08333333333,0,0.7516697672,1,0.1,0.2083333333,0.2,0,1,0,0,0,0,0.05,0.1076923077,0.3333333333,0.6666666667,1,0,0,0,0,0,0,0,0,0.7857142857,0,0,0,0.2287044643,0.2967926618,0,0,0.3123616071,0.3123616071,0.2886375,0.2409625,0,0.1333333333
https://learn-extension.wixstudio.com/us-en,1,Holdout11_PhishTank,2026-04-26T23:34:44+00:00,https://learn-extension.wixstudio.com/us-en,200,,urlopen,11,30,0.1954545455,0.3625,0.0375,0.2,0.1666666667,0,0.7571447017,1,0.1,0.25,0,0,1,0,0,0,0,0.06111111111,0.1153846154,0.3333333333,0.6666666667,1,0,0,0,0,0,0,0,0,0.7333333333,0.06666666667,0,0,0.2206125,0.2921957061,0,0,0.2979625,0.3109875,0.278425,0.2409625,0,0.1666666667
https://intro-ledggestarted.wixstudio.com/en-us,1,Holdout11_PhishTank,2026-04-26T23:34:44+00:00,https://intro-ledggestarted.wixstudio.com/en-us,200,,urlopen,11,30,0.2136363636,0.4125,0.0375,0.2,0.1666666667,0,0.7680323057,1,0.1,0.25,0,0,1,0,0,0,0,0.06111111111,0.1153846154,0.5,0.5,1,0,0,0,0,0,0,0,0,0.7333333333,0.1333333333,0,0,0.213855,0.2890814062,0,0,0.2857938462,0.30984,0.2698966667,0.2409625,0,0.1666666667
https://suittapps.wixstudio.com/us-en,1,Holdout11_PhishTank,2026-04-26T23:34:45+00:00,https://suittapps.wixstudio.com/us-en,200,,urlopen,11,28,0.1681818182,0.2875,0.0375,0.2,0.08333333333,0,0.7199554967,1,0.1,0.2083333333,0,0,1,0,0,0,0,0.06111111111,0.1076923077,0.5,0.5,1,0,0,0,0,0,0,0,0,0.7857142857,0.07142857143,0,0,0.2214642857,0.2936265429,0,0,0.2981071429,0.3111321429,0.2795,0.2409625,0,0.1666666667
https://close-desktop.wixstudio.com/en-us,1,Holdout11_PhishTank,2026-04-26T23:34:45+00:00,https://close-desktop.wixstudio.com/en-us,200,,urlopen,9,26,0.1863636364,0.3375,0.0375,0.2,0.1666666667,0,0.747406726,1,0.1,0.25,0,0,1,0,0,0,0,0.05,0.1,0.5,0.5,1,0,0,0,0,0,0,0,0,0.8461538462,0,0,0,0.2302442308,0.298530454,0,0,0.3126230769,0.3126230769,0.2905807692,0.2409625,0,0.1333333333
https://get-desktopstart.wixstudio.com/us-en,1,Holdout11_PhishTank,2026-04-26T23:34:45+00:00,https://get-desktopstart.wixstudio.com/us-en,200,,urlopen,11,28,0.2,0.375,0.0375,0.2,0.1666666667,0,0.7549140652,1,0.1,0.25,0,0,1,0,0,0,0,0.06111111111,0.1076923077,0.5,0.5,1,0,0,0,0,0,0,0,0,0.7857142857,0.07142857143,0,0,0.2214642857,0.2936265429,0,0,0.2981071429,0.3111321429,0.2795,0.2409625,0,0.1666666667
https://kkclip.com/open/ig/3883631803030933355/DXlboxqEY9r,1,Manual_Phishing_20260427,2026-04-27T00:09:25+00:00,https://kkclip.com/open/ig/3883631803030933355/DXlboxqEY9r,200,,urlopen,5,4,0.2636363636,0.125,0.25,0.1,0,0.3448275862,0.8377227984,1,0.4,0.25,0,0,1,0,0,0,0,0.02777777778,0.01538461538,0,0,1,0,0,0,0,0,0,0,0,0.5,0.5,0,0,0.178875,0.2678307692,0,0,0.22575,0.3039,0.22575,0.1563,0,0.06666666667
https://www.saramin.co.kr,0,Batch20260427_User_Normal,2026-04-27T00:20:50+00:00,https://www.saramin.co.kr/zf_user/,200,,urlopen,26,896,0.1136363636,0.2125,0,0.3,0,0,0.7024482163,1,0,0.1666666667,0,0,1,0,0,0,0,0.1444444444,1,1,0,0.96875,0.25,0,0.07142857143,0.2142857143,0.3017857143,0,0,0.002277904328,0.02050113895,0.4874715262,0,0.00462962963,0.07018046703,0.07639546121,0.04452112637,0.07858332418,0.1308909924,0.4352711264,0.08808974345,0.39075,0.003348214286,0.1333333333
https://www.wanted.co.kr,0,Batch20260427_User_Normal,2026-04-27T00:20:50+00:00,https://www.wanted.co.kr,200,,urlopen,31,226,0.1090909091,0.2,0,0.3,0,0,0.6858282198,1,0,0.1666666667,0,0,1,0,0,0,0,0.1722222222,0.8692307692,0.75,0.25,0.05263157895,0,0,0,0,0,0,0,0.008849557522,0.2566371681,0.2389380531,0,0,0.05904457965,0.08011248376,0,0,0.05789902577,0.4333389381,0.07451747788,0.39075,0.008849557522,0.4666666667
https://www.alba.co.kr,0,Batch20260427_User_Normal,2026-04-27T00:20:50+00:00,https://www.alba.co.kr,200,,urlopen,18,1189,0.1,0.175,0,0.3,0,0,0.6826257901,1,0,0.1666666667,0,0,1,0,0,0,0,0.1,1,0.9966101695,0.003389830508,0.9389830508,0.125,0,0,0,0.04375,0,0,0,0.03220338983,0.4677966102,0,0.01666666667,0.0663701087,0.06883474673,0.04384899666,0.04677299331,0.1238754797,0.2848114967,0.08368788541,0.2409625,0,0.1333333333
https://www.albamon.com,0,Batch20260427_User_Normal,2026-04-27T00:20:50+00:00,https://www.albamon.com,200,,urlopen,18,177,0.1045454545,0.1875,0,0.2,0,0,0.6900161066,1,0,0.125,0,0,1,0,0,0,0,0.1,0.6807692308,0.8611111111,0.1388888889,0.2156862745,0.125,0,0,0,0.04375,0,0,0.01149425287,0.4597701149,0.1149425287,0,0,0.0527005618,0.06169041373,0.04152710674,0.04212921348,0.06578936164,0.4322771067,0.06641308547,0.39075,0.01129943503,0.2333333333
https://www.findjob.co.kr,0,Batch20260427_User_Normal,2026-04-27T00:20:49+00:00,https://www.findjob.co.kr,200,,urlopen,3,2,0.1136363636,0.2125,0,0.3,0,0,0.7315391254,1,0,0.1666666667,0,0,1,0,0,0,0,0.01666666667,0.007692307692,0,0,0,0,0,0,0,0,0,0,0,1,0,0,0,0.0298125,0.037625,0,0,0.037625,0.037625,0.037625,0,0,0.03333333333
https://www.rocketpunch.com,0,Batch20260427_User_Normal,2026-04-27T00:20:50+00:00,https://www.rocketpunch.com,200,,urlopen,11,274,0.1227272727,0.2375,0,0.2,0,0,0.7011265997,1,0,0.125,0,0,1,0,0,0,0,0.06111111111,1,0.9310344828,0.06896551724,0.009259259259,0,0,0,0,0,0,0,0,0.7080291971,0.0802919708,0,0,0.03403412409,0.04238106818,0,0,0.04057301382,0.2793043796,0.04295291971,0.2409625,0,0.1333333333
https://www.letskorail.com,0,Batch20260427_User_Normal,2026-04-27T00:20:51+00:00,https://www.korail.com/,200,,urlopen,10,26,0.1181818182,0.225,0,0.2,0,0,0.7181934103,1,0,0.125,0,0,1,0,0,1,0.2,0.05555555556,0.1,0,0,0.3076923077,0,0,0,0,0,0,0,0,0.9230769231,0.07692307692,0,0,0.09769326923,0.1275137117,0,0,0.1232942308,0.2901144231,0.1232942308,0.2409625,0,0.1333333333
https://www.airport.co.kr,0,Batch20260427_User_Normal,2026-04-27T00:20:51+00:00,https://www.airport.co.kr/www/index.do,200,,urlopen,73,693,0.1136363636,0.2125,0,0.3,0,0,0.6623771254,1,0,0.1666666667,0,0,1,0,0,0,0,0.4055555556,1,0.9054545455,0.09454545455,0,0.25,0,0,0,0.0875,0,0,0,0.0447761194,0.1343283582,0,0.08333333333,0.04339877107,0.05252908912,0.04000551264,0.03908602528,0.04000551264,0.2353805126,0.05422539955,0.1962944874,0,0.8333333333
https://www.trip.com,0,Batch20260427_User_Normal,2026-04-27T00:20:51+00:00,https://kr.trip.com/?locale=ko-kr,200,,urlopen,9,125,0.09090909091,0.15,0,0.2,0,0,0.6448071536,1,0,0.125,0,0,1,0,0,0,0,0.05,0.4807692308,1,0,1,0,0,0,0,0,0,0,0,0.4098360656,0.06557377049,0,0,0.1228113281,0.1728287241,0,0.06552265625,0.2808208109,0.290834604,0.1569302185,0.2376107759,0,0.06666666667
https://www.agoda.com/ko-kr/,0,Batch20260427_User_Normal,2026-04-27T00:20:50+00:00,https://www.agoda.com/ko-kr/,200,,urlopen,5,16,0.1272727273,0.1625,0.04375,0.2,0.08333333333,0,0.7084166416,1,0.1,0.2083333333,0,0,1,0,0,0,0,0.02777777778,0.06153846154,0,0,1,0,0,0,0,0,0,0,0,1,0,0,0,0.203575,0.2256298246,0,0.09395,0.3084,0.3084,0.2607444444,0.21445,0,0.03333333333
https://www.booking.com/index.ko.html,0,Batch20260427_User_Normal,2026-04-27T00:20:51+00:00,https://www.booking.com/index.ko.html,202,,urlopen,3,2,0.1681818182,0.1875,0.0875,0.4,0,0,0.7493125898,1,0.1,0.25,0,0,1,0,0,0,0,0.01666666667,0.007692307692,0,0,0,0,0,0,0,0,0,0,0,1,0,0,0,0.0298125,0.037625,0,0,0.037625,0.037625,0.037625,0,0,0.03333333333
https://www.trivago.co.kr,0,Batch20260427_User_Normal,2026-04-27T00:20:50+00:00,https://www.trivago.co.kr,200,,urlopen,108,706,0.1136363636,0.2125,0,0.3,0,0,0.6969581254,1,0,0.1666666667,0,0,1,0,0,0,0,0.6,1,0.83,0.17,0.4230769231,0.125,0,0,0,0.04375,0,0,0.002840909091,0.07954545455,0.07102272727,0,0,0.06155917139,0.07392320912,0.04283378187,0,0.09706034437,0.2382087819,0.07895941926,0.195375,0,1
https://www.myrealtrip.com,0,Batch20260427_User_Normal,2026-04-27T00:20:51+00:00,https://www.myrealtrip.com,200,,urlopen,26,189,0.1181818182,0.225,0,0.2,0,0,0.7181934103,1,0,0.125,0,0,1,0,0,0,0,0.1444444444,0.7269230769,0.6333333333,0.3666666667,1,0,0,0,0,0,0,0,0,0.170212766,0.5106382979,0,0.0625,0.1391506579,0.1935868468,0,0.06734315789,0.2223301727,0.2950965789,0.1900857535,0.2409625,0,0.3666666667
https://www.modetour.com,0,Batch20260427_User_Normal,2026-04-27T00:20:50+00:00,https://www.modetour.com,200,,urlopen,15,81,0.1090909091,0.2,0,0.2,0,0,0.6801093751,1,0,0.125,0,0,1,0,0,0,0,0.08333333333,0.3115384615,1,0,0.1764705882,0,0,0,0,0,0,0,0.025,0.425,0.9,0,0,0.06275853659,0.09921810357,0,0.04538841463,0.08716222202,0.4222629573,0.07970351725,0.37910625,0.03703703704,0.1666666667
https://www.hanatour.com,0,Batch20260427_User_Normal,2026-04-27T00:20:51+00:00,https://www.hanatour.com,200,,urlopen,32,121,0.1090909091,0.2,0,0.2,0,0,0.6858282198,1,0,0.125,0,0,1,0,0,0,0,0.1777777778,0.4653846154,0.5,0.5,0.1707317073,0.125,0,0,0,0.04375,0,0,0,0.4745762712,0.2203389831,0,0.5,0.07945081967,0.09976992244,0.04605696721,0.05118893443,0.08326946721,0.2870194672,0.1003400732,0.2409625,0,0.4333333333
https://www.ybtour.co.kr,0,Batch20260427_User_Normal,2026-04-27T00:20:50+00:00,https://www.ybtour.co.kr,200,,urlopen,21,108,0.1090909091,0.2,0,0.3,0,0,0.6801093751,1,0,0.1666666667,0,0,1,0,0,0,0,0.1166666667,0.4153846154,0.7419354839,0.2580645161,0,0,0,0,0,0,0,0,0,0.3888888889,0.03703703704,0,0.243902439,0.0563125,0.06545335821,0,0,0.042125,0.2375,0.07106944444,0.195375,0,0.3
https://www.verygoodtour.com,0,Batch20260427_User_Normal,2026-04-27T00:20:51+00:00,https://www.verygoodtour.com,200,,urlopen,67,346,0.1272727273,0.25,0,0.2,0,0,0.7214036546,1,0,0.125,0,0,1,0,0,0,0,0.3722222222,1,0.7169811321,0.2830188679,0.1565217391,0.125,0,0,0,0.04375,0,0,0.0119047619,0.2380952381,0.4345238095,0,0.5267857143,0.06636991525,0.09443105709,0.04386588983,0.04680677966,0.07927105287,0.4229721398,0.08367727186,0.37910625,0.008670520231,0.8666666667
https://www.kyowontour.com,0,Batch20260427_User_Normal,2026-04-27T00:20:52+00:00,https://www.kyowontour.com,200,,urlopen,50,757,0.1181818182,0.225,0,0.2,0,0,0.6815143019,1,0,0.125,0,0,1,0,0,0,0,0.2777777778,1,0.98,0.02,0.1549295775,0,0,0,0,0,0,0,0.00539083558,0.09973045822,0.08625336927,0,0,0.03970492228,0.05394677284,0,0.03775595855,0.08020623632,0.4223279793,0.04981028417,0.3845720207,0.006605019815,0.5
https://www.shilladfs.com,0,Batch20260427_User_Normal,2026-04-27T00:20:51+00:00,https://www.shilladfs.com/estore/kr/en/?uiel=Desktop,200,,urlopen,30,547,0.1136363636,0.2125,0,0.2,0,0,0.7024482163,1,0,0.125,0,0,1,0,0,0,0,0.1666666667,1,0.9960474308,0.00395256917,0.1818181818,0,0,0,0,0,0,0,0,0.02272727273,0.02272727273,0,0.1566666667,0.03215512367,0.03943854415,0,0.03530530035,0.0677174229,0.2790776502,0.03976749241,0.2437723498,0,0.1333333333
https://www.hyundaihmall.com,0,Batch20260427_User_Normal,2026-04-27T00:20:50+00:00,https://www.hmall.com/md/dpl/index,200,,urlopen,3,82,0.1272727273,0.25,0,0.2,0,0,0.7343906676,1,0,0.125,0,0,1,0,0,1,0.2,0.01666666667,0.3153846154,0,0,0,0,0,0,0,0,0,0,0,1,0,0,0,0.0298125,0.037625,0,0,0.037625,0.037625,0.037625,0,0,0.03333333333
https://www.hmall.com,0,Batch20260427_User_Normal,2026-04-27T00:20:50+00:00,https://www.hmall.com/md/dpl/index,200,,urlopen,3,82,0.09545454545,0.1625,0,0.2,0,0,0.6535392067,1,0,0.125,0,0,1,0,0,0,0,0.01666666667,0.3153846154,0,0,0,0,0,0,0,0,0,0,0,1,0,0,0,0.0298125,0.037625,0,0,0.037625,0.037625,0.037625,0,0,0.03333333333
https://www.nsmall.com,0,Batch20260427_User_Normal,2026-04-27T00:20:51+00:00,https://www.nsmall.com,200,,urlopen,3,4,0.1,0.175,0,0.2,0,0,0.6723356042,1,0,0.125,0,0,1,0,0,0,0,0.01666666667,0.01538461538,0,0,0,0,0,0,0,0,0,0,0,1,0,0,0,0.0298125,0.037625,0,0,0.037625,0.037625,0.037625,0,0,0.03333333333
https://www.kshop.co.kr,0,Batch20260427_User_Normal,2026-04-27T00:20:50+00:00,https://www.kshop.co.kr,200,,urlopen,3,88,0.1045454545,0.1875,0,0.3,0,0,0.6366177864,1,0,0.1666666667,0,0,1,0,0,0,0,0.01666666667,0.3384615385,0,0,0,0,0,0,0,0,0,0,0,1,0,0,0,0.0298125,0.037625,0,0,0.037625,0.037625,0.037625,0,0,0.03333333333
https://www.eqlstore.com,0,Batch20260427_User_Normal,2026-04-27T00:20:51+00:00,https://www.eqlstore.com/main,200,,urlopen,24,87,0.1090909091,0.2,0,0.2,0,0,0.6858282198,1,0,0.125,0,0,1,0,0,0,0,0.1333333333,0.3346153846,0.8823529412,0.1176470588,0.2083333333,0,0,0,0,0,0,0,0,0.5365853659,0.0487804878,0,0.6530612245,0.05952228261,0.07123369689,0,0.04471413043,0.08650758605,0.2837820652,0.07431381144,0.2409625,0,0.2666666667
https://www.elandmall.co.kr,0,Batch20260427_User_Normal,2026-04-27T00:20:51+00:00,https://www.elandmall.co.kr,200,,urlopen,25,808,0.1227272727,0.2375,0,0.3,0,0,0.7280626266,1,0,0.1666666667,0,0,1,0,0,0,0,0.1388888889,1,0.9860627178,0.01393728223,0.9913793103,0,0,0,0,0,0,0,0,0.03225806452,0.2555831266,0,0.04333333333,0.06405722222,0.07734973325,0,0.04387,0.1952422198,0.28336,0.08811214815,0.2409625,0,0.3333333333
https://www.thehandsome.com,0,Batch20260427_User_Normal,2026-04-27T00:20:51+00:00,https://www.thehandsome.com/ko,200,,urlopen,66,275,0.1227272727,0.2375,0,0.2,0,0,0.6876585862,1,0,0.125,0,0,1,0,0,0,0,0.3666666667,1,0.6979166667,0.3020833333,0.3170731707,0,0,0,0,0,0,0,0,0.2919708029,0.007299270073,0,0.0495049505,0.08726983696,0.1107164108,0,0.05384130435,0.119887268,0.2883456522,0.1101793163,0.2409625,0,1
https://www.ssfshop.com,0,Batch20260427_User_Normal,2026-04-27T00:20:51+00:00,https://www.ssfshop.com/main,200,,urlopen,77,717,0.1045454545,0.1875,0,0.2,0,0,0.6267749999,1,0,0.125,0,0,1,0,0,0,0,0.4277777778,1,0.9966442953,0.003355704698,0,0.5,0,0,0,0.175,0,0,0,0.015625,0.053125,0,0.006666666667,0.0319860687,0.03740574503,0.0382355916,0.03554618321,0.0382355916,0.2336105916,0.0382605428,0.1980644084,0,0.06666666667
https://www.brandi.co.kr,0,Batch20260427_User_Normal,2026-04-27T00:20:51+00:00,https://www.brandi.co.kr,200,,urlopen,15,44,0.1090909091,0.2,0,0.3,0,0,0.7161312501,1,0,0.1666666667,0,0,1,0,0,0,0,0.08333333333,0.1692307692,0,0,0.3181818182,0,0,0,0,0,0,0,0.04545454545,0.8636363636,0.09090909091,0,0,0.1007948864,0.1380030994,0,0,0.1284602273,0.4286051136,0.1284602273,0.37910625,0.06818181818,0.2
https://www.zigzag.kr,0,Batch20260427_User_Normal,2026-04-27T00:20:51+00:00,https://zigzag.kr/,200,,urlopen,17,60,0.09545454545,0.1625,0,0.2,0,0,0.670855224,1,0,0.125,0,0,1,0,0,0,0,0.09444444444,0.2307692308,0.8333333333,0.1666666667,0.2222222222,0,0,0,0,0,0,0,0,0.5333333333,0.06666666667,0,0,0.0663825,0.08512643908,0,0,0.08869888889,0.2847975,0.08377833333,0.2409625,0,0.2333333333
https://www.ably.com,0,Batch20260427_User_Normal,2026-04-27T00:20:53+00:00,https://ably.com/,200,,urlopen,19,210,0.09090909091,0.15,0,0.2,0,0,0.6880334036,1,0,0.125,0,0,1,0,0,0,0,0.1055555556,0.8076923077,0.921875,0.078125,0.0487804878,0,0,0,0,0,0,0,0.009523809524,0.06666666667,0.619047619,0,0.01538461538,0.04383857143,0.06488728747,0,0,0.05541440767,0.4307567857,0.05532666667,0.39075,0.009523809524,0.2666666667
https://www.idus.com,0,Batch20260427_User_Normal,2026-04-27T00:20:51+00:00,https://www.idus.com/v2/,200,,urlopen,24,42,0.09090909091,0.15,0,0.2,0,0,0.6698515854,1,0,0.125,0,0,1,0,0,0,0,0.1333333333,0.1615384615,0.5882352941,0.4117647059,0.5,0,0,0,0,0,0,0,0,0.1052631579,0,0,0,0.09554673913,0.1029710041,0,0.05712826087,0.1695078804,0.2899891304,0.1203741966,0.2409625,0,0.3
https://www.danawa.com,0,Batch20260427_User_Normal,2026-04-27T00:20:51+00:00,https://www.danawa.com,200,,urlopen,51,1005,0.1,0.175,0,0.2,0,0,0.6558066786,1,0,0.125,0,0,1,0,0,0,0,0.2833333333,1,0.9811320755,0.01886792453,0.04464285714,0.125,0,0,0,0.04375,0,0,0.01022494888,0.05521472393,0.3926380368,0,0.1166666667,0.0349523301,0.04493533537,0.0385568932,0.03618878641,0.04605036419,0.4176631432,0.04359807734,0.3814743568,0.002985074627,0.3333333333
https://prod.danawa.com,0,Batch20260427_User_Normal,2026-04-27T00:20:51+00:00,https://www.danawa.com/,200,,urlopen,51,1005,0.1045454545,0.1875,0,0.2,0,0,0.6900161066,1,0,0.125,0,0,1,0,0,0,0,0.2833333333,1,0.9811320755,0.01886792453,0.04464285714,0.125,0,0,0,0.04375,0,0,0.01022494888,0.05521472393,0.3926380368,0,0.1166666667,0.0349523301,0.04493533537,0.0385568932,0.03618878641,0.04605036419,0.4176631432,0.04359807734,0.3814743568,0.002985074627,0.3333333333
https://www.enuri.com,0,Batch20260427_User_Normal,2026-04-27T00:20:52+00:00,https://www.enuri.com,200,,urlopen,43,190,0.09545454545,0.1625,0,0.2,0,0,0.7054872587,1,0,0.125,0,0,1,0,0,0,0,0.2388888889,0.7307692308,0.7333333333,0.2666666667,0.4242424242,0,0,0.25,0.25,0.25,0,0,0.01075268817,0.2903225806,0.05376344086,0,0.07692307692,0.09084548969,0.1180125298,0,0.1054525129,0.1444108208,0.4211387564,0.1151871652,0.373284375,0.03157894737,0.5666666667
https://www.compuzone.co.kr,0,Batch20260427_User_Normal,2026-04-27T00:20:53+00:00,https://www.compuzone.co.kr/main/main.htm,200,,urlopen,32,1165,0.1227272727,0.2375,0,0.3,0,0,0.7145946131,1,0,0.1666666667,0,0,1,0,0,0,0,0.1777777778,1,1,0,0.009345794393,0.125,0,0,0,0.04375,0,0,0.001751313485,0.0350262697,0.6514886165,0,0.1666666667,0.03154572091,0.04112781251,0.03796136172,0.03499772344,0.04085731188,0.4170676117,0.0394240322,0.3820698883,0.002575107296,0.1
https://www.happymoney.co.kr,0,Batch20260427_User_Normal,2026-04-27T00:20:53+00:00,https://www.happymoney.co.kr/svc/,200,,urlopen,5,8,0.1272727273,0.25,0,0.3,0,0,0.7165017877,1,0,0.1666666667,0,0,1,0,0,0,0,0.02777777778,0.03076923077,1,0,1,0,0,0,0,0,0,0,0,0.25,0,0,0,0.084965625,0.1330486607,0,0,0.287953125,0.287953125,0.10723125,0.2409625,0,0.06666666667
https://www.cultureland.co.kr,0,Batch20260427_User_Normal,2026-04-27T00:20:52+00:00,https://www.cultureland.co.kr/main.do,200,,urlopen,34,331,0.1318181818,0.2625,0,0.3,0,0,0.7311397263,1,0,0.1666666667,0,0,1,0,0,0,0,0.1888888889,1,0.8666666667,0.1333333333,0.0412371134,0.5,0,0,0,0.175,0,0,0.006369426752,0.1910828025,0.4203821656,0,0.4230769231,0.04488286765,0.0597403154,0.04023367647,0.03954235294,0.05230133111,0.4193399265,0.0562768564,0.3797975735,0.009063444109,0.3333333333
https://www.booknlife.com,0,Batch20260427_User_Normal,2026-04-27T00:20:52+00:00,https://www.booknlife.com,200,,urlopen,3,16,0.1136363636,0.2125,0,0.2,0,0,0.7315391254,1,0,0.125,0,0,1,0,0,0,0,0.01666666667,0.06153846154,0,0,0,0,0,0,0,0,0,0,0,1,0,0,0,0.0298125,0.037625,0,0,0.037625,0.037625,0.037625,0,0,0.03333333333
https://www.yes24.com,0,Batch20260427_User_Normal,2026-04-27T00:20:52+00:00,https://www.yes24.com/Main/default.aspx,200,,urlopen,25,949,0.09545454545,0.1625,0,0.2,0,0.09523809524,0.6881712414,1,0,0.125,0,0,1,0,0,0,0,0.1388888889,1,1,0,0.03398058252,0.125,0,0,0.1111111111,0.1548611111,0,0,0.008528784648,0.08742004264,0.3432835821,0,0.1233333333,0.03474793841,0.05036006645,0.03850221816,0.04851554744,0.04959875942,0.4292522182,0.04346256777,0.3931727818,0.008429926238,0.2
https://www.aladin.co.kr,0,Batch20260427_User_Normal,2026-04-27T00:20:52+00:00,https://www.aladin.co.kr/home/welcome.aspx,200,,urlopen,19,1251,0.1090909091,0.2,0,0.3,0,0,0.7161312501,1,0,0.1666666667,0,0,1,0,0,0,0,0.1055555556,1,1,0,0.003105590062,0.25,0.5,0,0,0.0875,0,0.125,0.001615508885,0.03392568659,0.7059773829,0,0.01,0.03127732143,0.04368926981,0.2983933929,0.03486178571,0.03910690217,0.5588933929,0.03929730641,0.5240316071,0.003197442046,0.1
https://www.kyobobook.co.kr,0,Batch20260427_User_Normal,2026-04-27T00:20:52+00:00,https://www.kyobobook.co.kr,200,,urlopen,11,245,0.1227272727,0.2375,0,0.3,0,0,0.6498832295,1,0,0.1666666667,0,0,1,0,0,0,0,0.06111111111,0.9423076923,0.9672131148,0.03278688525,0,0.125,0,0,0,0.04375,0,0,0,0.2975206612,0.1983471074,0,0.03174603175,0.03280060976,0.04084573856,0.03814359756,0.03536219512,0.03814359756,0.2335185976,0.0412978138,0.1981564024,0,0.1
https://www.millie.co.kr,0,Batch20260427_User_Normal,2026-04-27T00:20:51+00:00,https://www.millie.co.kr,200,,urlopen,12,152,0.1090909091,0.2,0,0.3,0,0,0.7009797349,1,0,0.1666666667,0,0,1,0,0,0,0,0.06666666667,0.5846153846,0.8571428571,0.1428571429,1,0,0,0,0,0,0,0,0,0.7105263158,0.01315789474,0,0.125,0.1949639803,0.2657672844,0,0,0.3048159779,0.3061359779,0.2464332237,0.2405206818,0,0.1666666667
https://series.naver.com,0,Batch20260427_User_Normal,2026-04-27T00:20:52+00:00,https://series.naver.com/novel/home.series,200,,urlopen,29,359,0.1090909091,0.2,0,0.2,0,0,0.7009797349,1,0,0.125,0,0.3333333333,1,0,0,0,0,0.1611111111,1,0.9534883721,0.04651162791,0.8510638298,0.125,0,0,0,0.04375,0,0,0,0.05681818182,0.2102272727,0,0.1103448276,0.06023138736,0.06890128926,0.04198653846,0.04304807692,0.1707780278,0.2829490385,0.08166611369,0.2489759615,0,0.3333333333
https://ridibooks.com,0,Batch20260427_User_Normal,2026-04-27T00:20:52+00:00,https://ridibooks.com/webtoon/recommendation,200,,urlopen,28,335,0.09545454545,0.1625,0,0.1,0,0,0.6881712414,1,0,0.08333333333,0,0,1,0,0,0,0,0.1555555556,1,0.8828828829,0.1171171171,0.6727272727,0.125,0,0,0,0.04375,0,0,0,0.2228915663,0.1084337349,0,0,0.09229955357,0.1402023295,0.04824419643,0.05556339286,0.2103462419,0.2892066964,0.1164751887,0.2409625,0,0.4
https://www.watcha.com,0,Batch20260427_User_Normal,2026-04-27T00:20:52+00:00,https://watcha.com/browse/all,200,,urlopen,17,32,0.1,0.175,0,0.2,0,0,0.6227488273,1,0,0.125,0,0,1,0,0,0,0,0.09444444444,0.1230769231,0.6428571429,0.3571428571,1,0,0,0,0,0,0,0,0,0.125,0,0,0.1764705882,0.1132875,0.1544971154,0,0,0.2927625,0.2927625,0.142975,0.2409625,0,0.2666666667
https://laftel.net,0,Batch20260427_User_Normal,2026-04-27T00:20:52+00:00,https://laftel.net,200,,urlopen,6,104,0.08181818182,0.125,0,0.1,0,0,0.6167540407,1,0,0.08333333333,0,0,1,0,0,0,0,0.03333333333,0.4,1,0,0.02222222222,0,0,0,0,0,0,0,0,0.8653846154,0,0,0,0.03405504808,0.04324304448,0,0,0.04370015491,0.2793079327,0.04297932692,0.2409625,0,0.06666666667
https://www.genie.co.kr,0,Batch20260427_User_Normal,2026-04-27T00:20:54+00:00,https://www.genie.co.kr,200,,urlopen,66,742,0.1045454545,0.1875,0,0.3,0,0,0.6998588932,1,0,0.1666666667,0,0,1,0,0,0,0,0.3666666667,1,1,0,0.0204778157,0.875,0,0.01923076923,0.09615384615,0.4024038462,0,0,0,0.07352941176,0.7882352941,0,0.8443708609,0.03674896096,0.04847934934,0.03907616499,0.04973454151,0.04347710355,0.280038665,0.04372027224,0.242811335,0.001347708895,0.1666666667
https://www.music-flo.com,0,Batch20260427_User_Normal,2026-04-27T00:20:52+00:00,https://www.music-flo.com,200,,urlopen,7,12,0.1136363636,0.2125,0,0.2,0.08333333333,0,0.7079383072,1,0,0.1666666667,0,0,1,0,0,0,0,0.03888888889,0.04615384615,0,0,0.3333333333,0,0,0,0,0,0,0,0,1,0,0,0,0.10335,0.1304333333,0,0,0.1304333333,0.291075,0.1304333333,0.2409625,0,0.1
https://www.melon.com,0,Batch20260427_User_Normal,2026-04-27T00:20:52+00:00,https://www.melon.com,200,,urlopen,14,234,0.09545454545,0.1625,0,0.2,0,0,0.670855224,1,0,0.125,0,0,1,0,0,0,0,0.07777777778,0.9,1,0,0.8641975309,0.125,0,0,0,0.04375,0,0,0,0.1666666667,0.5438596491,0,0.89,0.0980177521,0.1134009108,0.04710336134,0.05328172269,0.1811721885,0.2880658613,0.1385679701,0.2409625,0,0.1
https://www.bugs.co.kr,0,Batch20260427_User_Normal,2026-04-27T00:20:52+00:00,https://music.bugs.co.kr/,200,,urlopen,59,513,0.1,0.175,0,0.3,0,0,0.6826257901,1,0,0.1666666667,0,0,1,0,0,0,0,0.3277777778,1,0.9024390244,0.09756097561,0.8275862069,0,0,0,0.09090909091,0.09090909091,0,0,0,0.08366533865,0.2629482072,0,0.3811320755,0.06642437977,0.07646090204,0,0.05709828244,0.1247689688,0.2848866412,0.08325397158,0.2409625,0,0.7666666667
https://dkb-online.amllbot.org/index.php?login_id=login_69ee3ff4835396.90713659&status=processing,1,Batch20260427_OpenPhish,2026-04-27T00:20:52+00:00,https://dkb-online.amllbot.org/index.php?login_id=login_69ee3ff4835396.90713659&status=processing,200,,urlopen,5,4,0.4409090909,0.275,0.0625,0.4,0.08333333333,0.1855670103,0.8940187372,1,0.1,0.5416666667,0.1538461538,0,1,0,0,0,0,0.02777777778,0.01538461538,0,0,1,0.125,0,0,0,0.04375,0,0,0,1,0,0,0,0.14011875,0.1252026786,0.05635625,0,0.29731875,0.29731875,0.1768375,0.2409625,0,0.06666666667
http://accounts.9023423.cfd/proxy/c66ea0bb-b98d-4df2-ab07-4e1a31d7ee42/https%3A%2F%2Flogin.kleinanzeigen.de%2Fu%2Flogin%2Fidentifier%3Fstate%3DhKFo2SBqYzRTOExTZURzOXFZUGpoTklUSi1tTjN5SE9ZeDAwYqFur3VuaXZlcnNhbC1sb2dpbqN0aWTZIDNRbUJ3ZEFkOExoc0lBcDB1ZnhLZHg2eWtfeWFXVmVNo2NpZNkgYU9xNzRDbTVmVUJvTTFKaWZIVGhIbFoySkhYbFZVQ3E,1,Batch20260427_OpenPhish,2026-04-27T00:20:56+00:00,http://accounts.9023423.cfd/proxy/3023de05-4c46-4afd-919e-3f5e23ce47d3/https%3A%2F%2Flogin.kleinanzeigen.de%2Fu%2Flogin%2Fidentifier%3Fstate%3DhKFo2SBGcFRrYWNKb05rbHZxRHB5dnpsSDFVaWNVOTFrbW42b6Fur3VuaXZlcnNhbC1sb2dpbqN0aWTZIHJjNnVsMkxZZEZqZFNtWklCcFo0bTVGTk9wZUtyaU1Jo2NpZNkgYU9xNzRDbTVmVUJvTTFKaWZIVGhIbFoySkhYbFZVQ3E,200,,urlopen,13,25,1,0.25,1,0.4,0.3333333333,0.1446540881,1,0,0.3,0.7916666667,0,0,1,0,0,0,0,0.07222222222,0.09615384615,1,0,0,0.125,0,0.1428571429,0.4285714286,0.4723214286,0,0,0,0.125,0.25,0,0,0.07771640625,0.0943391875,0.0478765625,0.1157602679,0.0478765625,0.257503125,0.07757568359,0.2096265625,0.04,0.03333333333
http://accounts.9023423.cfd/proxy/68c64423-d32b-48be-b31d-2e94b105d656/https:/login.kleinanzeigen.de/authorize?ext-AppVersion=20164&scope=openid+offline_access+urn:ebay-kleinanzeigen:user&response_type=code&redirect_uri=https:/www.kleinanzeigen.de/m-einloggen-callback.html&state=e5e3de19fa774db6a1593a6b2828f9afcb13c9b47669bc48488f6b988f126f2d099b903c236fa4fba742c18427aef979&code_challenge_method=S256&prompt=login&client_id=aOq74Cm5fUBoM1JifHThHlZ2JHXlVUCq&code_challenge=SWuNuhit_p5wO2PjCLKx3yWibpw5-MWUeQWZ7E_1b8k,1,Batch20260427_OpenPhish,2026-04-27T00:20:52+00:00,http://accounts.9023423.cfd/,200,,urlopen,3,2,1,0.25,0.51875,0.7,0.75,0.2104247104,0.9899190094,0,0.5,1,0.03773584906,0,1,0,0,0,0,0.01666666667,0.007692307692,0,0,1,0,0,0,0,0,0,0,0,1,0,0,0,0.250425,0.31605,0,0,0.31605,0.31605,0.31605,0,0,0.03333333333
http://ribanholdlogip.gitbook.io/,1,Batch20260427_OpenPhish,2026-04-27T00:20:52+00:00,http://ribanholdlogip.gitbook.io/,200,,urlopen,3,2,0.15,0.3125,0.00625,0.2,0,0,0.6906093138,0,0,0.125,0,0,1,0,0,0,0,0.01666666667,0.007692307692,0,0,1,0,0,0,0,0,0,0,0,1,0,0,0,0.250425,0.31605,0,0,0.31605,0.31605,0.31605,0,0,0.03333333333
http://www.insta-login-clone.vercel.app/,1,Batch20260427_OpenPhish,2026-04-27T00:21:14+00:00,http://www.insta-login-clone.vercel.app/,200,,public_dns,3,2,0.1818181818,0.4,0.00625,0.3,0.1666666667,0,0.7492637444,0,0,0.25,0.1666666667,0,1,0,0,0,0,0.01666666667,0.007692307692,0,0,1,0,0,0,0,0,0,0,0,1,0,0,0,0.250425,0.31605,0,0,0.31605,0.31605,0.31605,0,0,0.03333333333
https://nidhisa20.github.io/AmazonClone/,1,Batch20260427_OpenPhish,2026-04-27T00:20:52+00:00,https://nidhisa20.github.io/AmazonClone/,200,,urlopen,7,176,0.1818181818,0.2375,0.08125,0.2,0,0.05,0.7811707899,1,0.1,0.1666666667,0,0.25,1,0,0,0,0,0.03888888889,0.6769230769,1,0,0,0,0,0,0,0,0,0,0,0.01149425287,0.7471264368,0,0.08695652174,0.02986558989,0.03686671727,0,0.03439325843,0.03765912921,0.03765912921,0.03748377257,0.01234087079,0,0.03333333333
http://rhinhoodlogi-in.godaddysites.com/,1,Batch20260427_OpenPhish,2026-04-27T00:21:00+00:00,http://rhinhoodlogi-in.godaddysites.com/,200,,public_dns,3,2,0.1818181818,0.4,0.00625,0.2,0.08333333333,0,0.7409219128,0,0,0.1666666667,0,0,1,0,0,0,0,0.01666666667,0.007692307692,0,0,1,0,0,0,0,0,0,0,0,1,0,0,0,0.250425,0.31605,0,0,0.31605,0.31605,0.31605,0,0,0.03333333333
https://ribanholdlogip.gitbook.io/account,1,Batch20260427_OpenPhish,2026-04-27T00:20:52+00:00,https://ribanholdlogip.gitbook.io/account,200,,urlopen,8,71,0.1863636364,0.3125,0.05,0.2,0,0,0.7334588456,1,0.1,0.1666666667,0.25,0,1,0,0,0,0,0.04444444444,0.2730769231,0.6,0.4,0.8333333333,0,0,0,0,0,0,0,0,0.7142857143,0.1428571429,0,0,0.19361875,0.2650315852,0,0.0899,0.2657770833,0.30585,0.2452444444,0.2404375,0,0.06666666667
https://suivre-tracbilities.com/pages/login.php,1,Batch20260427_OpenPhish,2026-04-27T00:20:54+00:00,https://suivre-tracbilities.com/pages/ban.php,200,,urlopen,3,2,0.2136363636,0.2875,0.1,0.2,0.08333333333,0,0.7609328745,1,0.2,0.25,0.1666666667,0,1,0,0,0,0,0.01666666667,0.007692307692,1,0,0,0,0,0,0,0,0,0,0,0,0,0,0,0.0298125,0.037625,0,0,0,0.037625,0.037625,0,0,0.03333333333
https://erfirojsiddiki.github.io/Facebook-Login/,1,Batch20260427_OpenPhish,2026-04-27T00:21:14+00:00,https://erfirojsiddiki.github.io/Facebook-Login/,200,,public_dns,18,23,0.2181818182,0.3,0.1,0.2,0.08333333333,0,0.7805385894,1,0.1,0.2083333333,0.2,0.4,1,0,0,0,0,0.1,0.08846153846,0,1,1,0.375,0,0.2222222222,0.2222222222,0.3534722222,0,0,0,0,0.3333333333,0,0,0.1194022059,0.1127233637,0.05573088235,0.1155756536,0.1403933824,0.2732117647,0.1285089533,0.2174808824,0.1304347826,0.1
http://easy-bank-landing-page-weblytic.vercel.app/,1,Batch20260427_OpenPhish,2026-04-27T00:20:52+00:00,https://easy-bank-landing-page-weblytic.vercel.app/,200,,urlopen,4,32,0.2272727273,0.525,0.00625,0.2,0.3333333333,0,0.7707417401,0,0,0.2916666667,0.1428571429,0,1,0,0,0,0,0.02222222222,0.1230769231,0,0,0,0,0,0,0,0,0,0,0,0.0625,0.9375,0,1,0.0298125,0.037625,0,0,0.037625,0.037625,0.037625,0,0,0.03333333333
https://amazonwebservices.security-unauthorised-request.com/login/Mgk-WCxcfmgseLHDblkV8Onp_5Wk9ykC3UkY=2Aw==9WFRYQ1ZXZlVWXlBX/U5vi3iQc2ZYY-EdD-wtEnZbBycRD5f72,1,Batch20260427_OpenPhish,2026-04-27T00:20:54+00:00,https://amazonwebservices.security-unauthorised-request.com/login/Mgk-WCxcfmgseLHDblkV8Onp_5Wk9ykC3UkY=2Aw==9WFRYQ1ZXZlVWXlBX/U5vi3iQc2ZYY-EdD-wtEnZbBycRD5f72,200,,urlopen,9,9,0.7181818182,0.6375,0.61875,0.2,0.4166666667,0.08227848101,1,1,0.3,0.5833333333,0.07142857143,0,1,0,0,0,0,0.05,0.03461538462,0,0,0,0.125,0,0.2,0.2,0.24375,0,0,0,1,0,0,1,0.08418214286,0.08673073892,0.04948571429,0.09858142857,0.04948571429,0.2607214286,0.08455408163,0.2112357143,0.1111111111,0.03333333333
http://bet450.cc/,1,Batch20260427_OpenPhish,2026-04-27T00:20:53+00:00,http://bet450.cc/,200,,urlopen,17,145,0.07727272727,0.1125,0.00625,0.1,0,0.1764705882,0.6200758641,0,0,0.08333333333,0,0,1,0,0,0,0,0.09444444444,0.5576923077,0.8541666667,0.1458333333,0,0.125,0,0.4,0.8,0.84375,0,0,0,0.1594202899,0.1449275362,0,0.4285714286,0.060888,0.08312974512,0.0434705,0.171856,0.0434705,0.248691,0.07026453333,0.2052205,0.01379310345,0.1333333333
https://m160k.xyz/,1,Batch20260427_OpenPhish,2026-04-27T00:20:53+00:00,https://m160k.xyz/,200,,urlopen,3,24,0.08181818182,0.1125,0.00625,0.1,0,0.1666666667,0.6899369952,1,0,0.08333333333,0,0,1,0,0,0,0,0.01666666667,0.09230769231,0,0,0,0,0,0,0,0,0,0,0,1,0,0,0,0.0298125,0.037625,0,0,0.037625,0.037625,0.037625,0,0,0.03333333333
https://b262n.xyz/,1,Batch20260427_OpenPhish,2026-04-27T00:20:54+00:00,https://b262n.xyz/,200,,urlopen,3,24,0.08181818182,0.1125,0.00625,0.1,0,0.1666666667,0.669734975,1,0,0.08333333333,0,0,1,0,0,0,0,0.01666666667,0.09230769231,0,0,0,0,0,0,0,0,0,0,0,1,0,0,0,0.0298125,0.037625,0,0,0.037625,0.037625,0.037625,0,0,0.03333333333
https://72169.xyz/,1,Batch20260427_OpenPhish,2026-04-27T00:20:53+00:00,https://72169.xyz/,200,,urlopen,3,24,0.08181818182,0.1125,0.00625,0.1,0,0.2777777778,0.6899369952,1,0,0.08333333333,0,0,1,0,0,0,0,0.01666666667,0.09230769231,0,0,0,0,0,0,0,0,0,0,0,1,0,0,0,0.0298125,0.037625,0,0,0.037625,0.037625,0.037625,0,0,0.03333333333
https://72197.xyz/,1,Batch20260427_OpenPhish,2026-04-27T00:20:53+00:00,https://72197.xyz/,200,,urlopen,3,24,0.08181818182,0.1125,0.00625,0.1,0,0.2777777778,0.669734975,1,0,0.08333333333,0,0,1,0,0,0,0,0.01666666667,0.09230769231,0,0,0,0,0,0,0,0,0,0,0,1,0,0,0,0.0298125,0.037625,0,0,0.037625,0.037625,0.037625,0,0,0.03333333333
http://nlink.at/qUda,1,Batch20260427_OpenPhish,2026-04-27T00:20:54+00:00,https://altruistic-successes-879938.framer.app/,200,,urlopen,23,26,0.09090909091,0.1,0.03125,0.1,0,0,0.6629889718,0,0.1,0.125,0,0,1,0,0,1,0.2,0.1277777778,0.1,0,1,1,0.125,0,0,0,0.04375,0,0,0,0.4,0.4,0,0,0.078204375,0.06961403425,0.0463325,0.05174,0.2379590625,0.28375125,0.09925525,0.23741875,0,0.1
https://s4w.in/hnrrS,1,Batch20260427_OpenPhish,2026-04-27T00:21:21+00:00,https://www.roblox.com.ml/games/2753915549/Blox-Fruits?privateServerLinkCode=767842236486772461555829625395,200,,public_dns,12,283,0.09090909091,0.075,0.0375,0.1,0,0.05,0.6516697672,1,0.1,0.125,0,0,1,0,0,1,0.2,0.06666666667,1,0,1,0.992481203,0,0,0,0,0,0,0,0,0.9361702128,0.007092198582,0,0.2727272727,0.2445979754,0.3086387472,0,0.1070966549,0.3123856395,0.3149733275,0.3095378403,0.2409625,0,0.1333333333
http://br-bet365.com/,1,Batch20260427_OpenPhish,2026-04-27T00:20:57+00:00,https://br-bet365.com/,200,,urlopen,7,44,0.09545454545,0.1625,0.00625,0.1,0.08333333333,0.1428571429,0.6989514361,0,0,0.125,0,0,1,0,0,0,0,0.03888888889,0.1692307692,1,0,0.05882352941,0,0,0,0,0,0,0,0,0.1363636364,1.227272727,0,0.7727272727,0.03984034091,0.06295161542,0,0,0.05350210561,0.2802903409,0.05028068182,0.2409625,0,0.06666666667
http://trezors.co.com/,1,Batch20260427_OpenPhish,2026-04-27T00:20:53+00:00,http://trezors.co.com/,200,,urlopen,7,129,0.1,0.175,0.00625,0.2,0,0,0.6433291992,0,0,0.125,0,0,1,0,0,0,0,0.03888888889,0.4961538462,1,0,0.02777777778,0,0,0,1,1,0,0,0,0.015625,0.546875,0,0,0.03617480769,0.05464659458,0,0.1486488462,0.04551782585,0.2797869231,0.04422114497,0.2409625,0,0.06666666667
http://c.3656vip4726.cc/,1,Batch20260427_OpenPhish,2026-04-27T00:20:56+00:00,https://c.3656vip4726.cc:8989/,200,,urlopen,23,225,0.1090909091,0.2,0.00625,0.2,0,0.3333333333,0.6801093751,0,0,0.08333333333,0,0,1,0,0,0,0,0.1277777778,0.8653846154,0.9166666667,0.08333333333,0.2571428571,0.125,0,0.09090909091,0.1818181818,0.2255681818,0,0,0,0.1886792453,0.4716981132,0,0.8,0.07328802966,0.11115402,0.04528739407,0.07824978814,0.1072491798,0.2862498941,0.09008431216,0.2409625,0.004444444444,0.1333333333
http://gemini.ccdgut.com/,1,Batch20260427_OpenPhish,2026-04-27T00:20:54+00:00,http://gemini.ccdgut.com/,200,,urlopen,15,19,0.1136363636,0.2125,0.00625,0.2,0,0,0.6824126708,0,0,0.125,0,0,1,0,0,0,0,0.08333333333,0.07307692308,0,1,0.3333333333,0.125,0,1,1,1,0,0,0,0.125,0.25,0,0,0.16286625,0.1807958333,0.06121625,0.2841825,0.1063308333,0.2841825,0.193874125,0.22296625,0.05263157895,0.1666666667
http://conversemy.pro/h5/,1,Batch20260427_OpenPhish,2026-04-27T00:20:54+00:00,http://conversemy.pro/h5/,200,,urlopen,7,8,0.1136363636,0.175,0.025,0.1,0,0.04,0.6988829436,0,0.1,0.125,0,0,1,0,0,0,0,0.03888888889,0.03076923077,0,0,0.5,0,0,0,0,0,0,0,0,1,0,0,0,0.14011875,0.1768375,0,0,0.1768375,0.29731875,0.1768375,0.2409625,0,0.1
https://1xlite-92152.pro/,1,Batch20260427_OpenPhish,2026-04-27T00:20:59+00:00,https://1xlite-77408.pro/en,200,,urlopen,8,226,0.1136363636,0.2,0.00625,0.1,0.08333333333,0.24,0.7315391254,1,0,0.125,0,0,1,0,0,1,0.2,0.04444444444,0.8692307692,0.9909090909,0.009090909091,0.3333333333,0,0,0,0,0,0,0,0,0.01769911504,0.01769911504,0,0,0.03208141593,0.04009848307,0,0,0.06623112094,0.2333852876,0.04048849558,0.195375,0,0.1
http://x-chain.pages.dev/,1,Batch20260427_OpenPhish,2026-04-27T00:20:53+00:00,https://x-chain.pages.dev/,200,,urlopen,29,202,0.1136363636,0.2125,0.00625,0.2,0.08333333333,0,0.7224837618,0,0,0.125,0,0,1,0,0,0,0,0.1611111111,0.7769230769,0.24,0.76,0.05333333333,0.125,0,0,0,0.04375,0,0,0.01,0.16,0.58,0,0.537037037,0.07332022059,0.1104985233,0,0.04915514706,0.05988857353,0.4357900735,0.0924321583,0.39075,0.009900990099,0.4
https://joinkarirglobal.com/,1,Batch20260427_OpenPhish,2026-04-27T00:20:54+00:00,https://joinkarirglobal.com/,200,,urlopen,5,30,0.1272727273,0.2375,0.00625,0.1,0,0,0.7473776806,1,0,0.08333333333,0,0,1,0,0,0,0,0.02777777778,0.1153846154,0,0,0.7333333333,0,0,0,0,0,0,0,0,1,0,0,0,0.191595,0.2418033333,0,0,0.2418033333,0.30606,0.2418033333,0.2409625,0,0.06666666667
http://www.chaurax.serv00.net/,1,Batch20260427_OpenPhish,2026-04-27T00:20:54+00:00,http://www.chaurax.serv00.net/,200,,urlopen,5,4,0.1363636364,0.275,0.00625,0.3,0,0.06666666667,0.7162858658,0,0,0.1666666667,0,0,1,0,0,0,0,0.02777777778,0.01538461538,0,0,0,0.125,0,0.5,0.5,0.54375,0,0,0,0,0,0,0,0.1468875,0.1404900362,0.0622625,0.1849375,0,0.286275,0.1440458333,0.2240125,0.25,0.03333333333
https://dpd-torvera.link/track,1,Batch20260427_OpenPhish,2026-04-27T00:20:55+00:00,https://dpd-torvera.link/track/,200,,urlopen,5,4,0.1363636364,0.2,0.0375,0.1,0.08333333333,0,0.7375572295,1,0.1,0.1666666667,0,0,1,0,0,0,0,0.02777777778,0.01538461538,0,0,0.5,0,0,0,0,0,0,0,0,1,0,0,0,0.14011875,0.1768375,0,0,0.1768375,0.29731875,0.1768375,0.2409625,0,0.06666666667
https://ig.do/LuckSarianaaReal,1,Batch20260427_OpenPhish,2026-04-27T00:20:56+00:00,https://www.robiox.com.py/users/243671918813/profile,200,,urlopen,12,287,0.1363636364,0.0625,0.10625,0.1,0,0,0.7687405448,1,0.1,0.125,0,0,1,0,0,1,0.2,0.06666666667,1,0,1,0.992481203,0,0,0,0,0,0,0,0,0.9090909091,0.02097902098,0,0.1666666667,0.2425476562,0.3073037571,0,0.1062546875,0.3105064364,0.3145523438,0.3074510579,0.2409625,0,0.1333333333
http://kucoloinlcin.webflow.io/,1,Batch20260427_OpenPhish,2026-04-27T00:20:54+00:00,https://kucoloinlcin.webflow.io/,200,,urlopen,8,8,0.1409090909,0.2875,0.00625,0.2,0,0,0.7115274083,0,0,0.125,0,0,1,0,0,0,0,0.04444444444,0.03076923077,0,1,1,0,0,0,0,0,0,0,0,0.5,0.25,0,0,0.210290625,0.2858143319,0,0,0.275903125,0.308203125,0.27258125,0.08475,0,0.1
https://adobeexperience.com.br/,1,Batch20260427_OpenPhish,2026-04-27T00:20:54+00:00,https://adobeexperience.com.br/,200,,urlopen,27,78,0.1409090909,0.275,0.00625,0.2,0,0,0.7226718923,1,0,0.125,0,0,1,0,0,0,0,0.15,0.3,0,1,0.15,0.125,0,0,0,0.04375,0,0,0,0.2647058824,0.3235294118,0,0,0.1052633721,0.112849192,0.05069331395,0.06046162791,0.08683768895,0.291655814,0.132932477,0.2409625,0,0.2666666667
http://msnlivesconfirms.fwh.is/,1,Batch20260427_OpenPhish,2026-04-27T00:20:54+00:00,http://msnlivesconfirms.fwh.is/,200,,urlopen,3,2,0.1409090909,0.2875,0.00625,0.2,0,0,0.7276851063,0,0,0.125,0,0,1,0,0,0,0,0.01666666667,0.007692307692,0,0,1,0,0,0,0,0,0,0,0,1,0,0,0,0.250425,0.31605,0,0,0.31605,0.31605,0.31605,0,0,0.03333333333
http://exchange.putunesimbah.de/,1,Batch20260427_OpenPhish,2026-04-27T00:20:55+00:00,http://exchange.putunesimbah.de/,200,,urlopen,52,268,0.1454545455,0.3,0.00625,0.2,0,0,0.725768963,0,0,0.125,0,0,1,0,0,0,0,0.2888888889,1,0,0,0.04424778761,1,0,0.1904761905,0.380952381,0.730952381,0,0,0,0.1150442478,0.8849557522,0,1,0.06615145161,0.09772612117,0,0.1091815515,0.05575342849,0.286053871,0.07023072633,0.2409625,0.02985074627,0.1333333333
https://walletconnect.yusihk.com/,1,Batch20260427_OpenPhish,2026-04-27T00:20:54+00:00,https://walletconnect.yusihk.com/,200,,urlopen,7,8,0.15,0.3,0.00625,0.2,0,0,0.7435549914,1,0,0.125,0,0,1,0,0,0,0,0.03888888889,0.03076923077,0,0,0.5,0,0,0,0,0,0,0,0,1,0,0,0,0.14011875,0.1768375,0,0,0.1768375,0.29731875,0.1768375,0.2409625,0,0.1
https://kuciucoinlogi.webflow.io/,1,Batch20260427_OpenPhish,2026-04-27T00:20:54+00:00,https://kuciucoinlogi.webflow.io/,200,,urlopen,8,8,0.15,0.3,0.00625,0.2,0,0,0.7366948674,1,0,0.125,0,0,1,0,0,0,0,0.04444444444,0.03076923077,0,1,1,0,0,0,0,0,0,0,0,0.5,0.25,0,0,0.210290625,0.2858143319,0,0,0.275903125,0.308203125,0.27258125,0.08475,0,0.1
https://robnxhodlogen.gitbook.io/,1,Batch20260427_OpenPhish,2026-04-27T00:20:55+00:00,https://robnxhodlogen.gitbook.io/account,200,,urlopen,8,71,0.15,0.3,0.00625,0.2,0,0,0.7131981043,1,0,0.125,0,0,1,0,0,0,0,0.04444444444,0.2730769231,0.6,0.4,0.8333333333,0,0,0,0,0,0,0,0,0.7142857143,0.1428571429,0,0,0.19361875,0.2650315852,0,0.0899,0.2657770833,0.30585,0.2452444444,0.2404375,0,0.06666666667
http://trezorswalletin.webflow.io/,1,Batch20260427_OpenPhish,2026-04-27T00:20:55+00:00,http://trezorswalletin.webflow.io/,200,,urlopen,3,2,0.1545454545,0.325,0.00625,0.2,0,0,0.7229909042,0,0,0.125,0,0,1,0,0,0,0,0.01666666667,0.007692307692,0,0,1,0,0,0,0,0,0,0,0,1,0,0,0,0.250425,0.31605,0,0,0.31605,0.31605,0.31605,0,0,0.03333333333
http://www.service-cloudflare.com/,1,Batch20260427_OpenPhish,2026-04-27T00:20:57+00:00,https://www.service-cloudflare.com/,200,,urlopen,4,3,0.1545454545,0.325,0.00625,0.2,0.08333333333,0,0.7698084845,0,0,0.1666666667,0,0,1,0,0,0,0,0.02222222222,0.01153846154,0,1,0,0,0,0,0,0,0,0,0,0,5,0,0.6666666667,0.12414375,0.1067308036,0,0.0677375,0,0.24970625,0.158721875,0.18196875,0,0.03333333333
http://loggiinbitmartt.webflow.io/,1,Batch20260427_OpenPhish,2026-04-27T00:20:54+00:00,https://loggiinbitmartt.webflow.io/,200,,urlopen,8,8,0.1545454545,0.325,0.00625,0.2,0,0,0.7157985087,0,0,0.125,0,0,1,0,0,0,0,0.04444444444,0.03076923077,0,1,1,0,0,0,0,0,0,0,0,0.5,0.25,0,0,0.210290625,0.2858143319,0,0,0.275903125,0.308203125,0.27258125,0.08475,0,0.1
http://conneet-xfinity.weebly.com/,1,Batch20260427_OpenPhish,2026-04-27T00:20:55+00:00,https://conneet-xfinity.weebly.com/,200,,urlopen,16,47,0.1545454545,0.325,0.00625,0.2,0.08333333333,0,0.7351013989,0,0,0.1666666667,0,0,1,0,0,0,0,0.08888888889,0.1807692308,1,0,0.3888888889,0.125,0,0,0,0.04375,0,0,0,0.6842105263,0.2631578947,0,0.5,0.08514583333,0.09484420455,0.047225,0.053525,0.1355493056,0.2847160714,0.1077412037,0.2374910714,0,0.06666666667
http://www.instagram-clone-v2-nextjs.vercel.app/,1,Batch20260427_OpenPhish_Fill,2026-04-27T00:20:56+00:00,http://www.instagram-clone-v2-nextjs.vercel.app/,200,,public_dns,4,3,0.2181818182,0.5,0.00625,0.3,0.25,0.02083333333,0.7908863164,0,0,0.2916666667,0,0.1428571429,1,0,0,0,0,0.02222222222,0.01153846154,0,0,1,0,0,0,0,0,0,0,0,1,0,1,0,0.3108375,0.3408441964,0,0,0.33275625,0.3453375,0.339046875,0.01258125,0.3333333333,0.03333333333
https://netflix-clone-olive-mu.vercel.app/,1,Batch20260427_OpenPhish_Fill,2026-04-27T00:21:17+00:00,https://netflix-clone-olive-mu.vercel.app/,200,,public_dns,11,46,0.1909090909,0.4125,0.00625,0.2,0.25,0,0.7612473648,1,0,0.25,0,0.1666666667,1,0,0,0,0,0.06111111111,0.1769230769,1,0,0.6666666667,0,0,0,0,0,0,0,0,0.04545454545,0.2272727273,1,0,0.057365625,0.07235829775,0,0.044871875,0.09934010417,0.247546875,0.06561809896,0.2046484375,0.02173913043,0.1
http://www.netflix-clone-olive-mu.vercel.app/,1,Batch20260427_OpenPhish_Fill,2026-04-27T00:21:17+00:00,http://www.netflix-clone-olive-mu.vercel.app/,200,,public_dns,4,3,0.2045454545,0.4625,0.00625,0.3,0.25,0,0.7636138337,0,0,0.2916666667,0,0.1428571429,1,0,0,0,0,0.02222222222,0.01153846154,0,0,1,0,0,0,0,0,0,0,0,1,0,1,0,0.3108375,0.3408441964,0,0,0.33275625,0.3453375,0.339046875,0.01258125,0.3333333333,0.03333333333
https://oklahomaweddingpros.com/mkaite/e%cc%81saam/n%cc%8cs/,1,Batch20260427_OpenPhish_Fill,2026-04-27T00:20:55+00:00,https://oklahomaweddingpros.com/mkaite/e%cc%81saam/n%cc%8cs/,200,,urlopen,16,28,0.2727272727,0.2875,0.18125,0.1,0,0.05,0.7765893038,1,0.3,0.2916666667,0,0,1,0,0,0,0,0.08888888889,0.1076923077,0,0,0.5833333333,0.125,0,0.5,0.5,0.54375,0,0,0,0.5833333333,0.4166666667,0,1,0.15618,0.2039769805,0.060035,0.1804825,0.2005964583,0.3009975,0.1885438333,0.2409625,0.03571428571,0.2
https://meekys.mtffx.cn/gpajp/accunt/lginox/,1,Batch20260427_OpenPhish_Fill,2026-04-27T00:20:55+00:00,https://meekys.mtffx.cn/gpajp/accunt/lginox/,200,,urlopen,3,2,0.2,0.1875,0.13125,0.2,0,0,0.7704155112,1,0.3,0.25,0,0,1,0,0,0,0,0.01666666667,0.007692307692,0,0,0,0,0,0,0,0,0,0,0,1,0,0,0,0.0298125,0.037625,0,0,0.037625,0.037625,0.037625,0,0,0.03333333333
https://vibe.naver.com,0,Batch2_20260427_User_Normal,2026-04-27T00:41:42+00:00,https://vibe.naver.com,200,,urlopen,4,3,0.1,0.175,0,0.2,0,0,0.7281611207,1,0,0.125,0,0.3333333333,1,0,0,0,0,0.02222222222,0.01153846154,0,0,1,0,0,0,0,0,0,0,0,1,0,0,0,0.1375875,0.1465004464,0,0,0.29731875,0.29731875,0.180015625,0.23460625,0,0.03333333333
https://www.afreecatv.com,0,Batch2_20260427_User_Normal,2026-04-27T00:41:42+00:00,https://www.sooplive.com/,200,,urlopen,3,56,0.1136363636,0.2125,0,0.2,0,0,0.7024482163,1,0,0.125,0,0,1,0,0,1,0.2,0.01666666667,0.2153846154,0,0,0,0,0,0,0,0,0,0,0,1,0,0,0,0.0298125,0.037625,0,0,0.037625,0.037625,0.037625,0,0,0.03333333333
https://chzzk.naver.com,0,Batch2_20260427_User_Normal,2026-04-27T00:41:42+00:00,https://chzzk.naver.com,200,,urlopen,4,7,0.1045454545,0.1875,0,0.2,0,0,0.7276041501,1,0,0.125,0,0.3333333333,1,0,0,0,0,0.02222222222,0.02692307692,0,0,1,0,0,0,0,0,0,0,0,1,0,0,0,0.19400625,0.2222191406,0,0,0.306684375,0.306684375,0.2503742187,0.225240625,0,0.03333333333
https://www.dcinside.com,0,Batch2_20260427_User_Normal,2026-04-27T00:41:42+00:00,https://www.dcinside.com,200,,urlopen,19,1238,0.1090909091,0.2,0,0.2,0,0,0.6915470645,1,0,0.125,0,0,1,0,0,0,0,0.1055555556,1,0.9966216216,0.003378378378,0.9495268139,0.25,0,0.125,0.125,0.2125,0,0,0,0.0277324633,0.5399673736,0,0.01333333333,0.06843719904,0.07182973423,0.04422006421,0.07284950341,0.125102438,0.2851825642,0.08605653774,0.2409625,0.0008077544426,0.1333333333
https://www.theqoo.net,0,Batch2_20260427_User_Normal,2026-04-27T00:41:43+00:00,https://theqoo.net/,200,,urlopen,12,628,0.1,0.175,0,0.2,0,0,0.6227488273,1,0,0.125,0,0,1,0,0,0,0,0.06666666667,1,1,0,0.08333333333,0.125,0,0,0,0.04375,0,0,0,0.03215434084,0.006430868167,0,0.003333333333,0.03063453323,0.03884163454,0.03778200158,0.03463900316,0.05786220992,0.2787445016,0.03850475635,0.2441054984,0,0.06666666667
https://www.instiz.net,0,Batch2_20260427_User_Normal,2026-04-27T00:41:44+00:00,https://www.instiz.net,200,,urlopen,40,430,0.1,0.175,0,0.2,0,0,0.6227488273,1,0,0.125,0,0,1,0,0,0,0,0.2222222222,1,0.9947368421,0.005263157895,0.2222222222,0.25,0,0.03571428571,0.07142857143,0.1589285714,0,0,0,0.02010050251,0.02512562814,0,0.3666666667,0.03596512009,0.04518965663,0.03891604803,0.04814281036,0.09246327026,0.279878548,0.04300185303,0.242971452,0.002325581395,0.1333333333
https://www.dogdrip.net,0,Batch2_20260427_User_Normal,2026-04-27T00:41:42+00:00,https://www.dogdrip.net,200,,urlopen,29,671,0.1045454545,0.1875,0,0.2,0,0,0.6840486165,1,0,0.125,0,0,1,0,0,0,0,0.1611111111,1,0.9966442953,0.003355704698,0.1875,0.125,0,0.1111111111,0.1111111111,0.1548611111,0,0,0,0.08787878788,0.009090909091,0,0.006666666667,0.03546628676,0.04715729959,0.03865536765,0.05890517974,0.0838358364,0.2796178676,0.04401830385,0.2432321324,0.001490312966,0.2666666667
https://www.todayhumor.co.kr,0,Batch2_20260427_User_Normal,2026-04-27T00:41:43+00:00,https://www.todayhumor.co.kr,200,,urlopen,29,745,0.1272727273,0.25,0,0.3,0,0,0.7115999208,1,0,0.1666666667,0,0,1,0,0,0,0,0.1611111111,1,1,0,0.06557377049,0.5,0,0.06666666667,0.06666666667,0.2416666667,0,0,0,0.04432132964,0.1246537396,0,0,0.03339384868,0.04356012428,0.03831776316,0.04922219298,0.05411858283,0.2792802632,0.04128464855,0.2435697368,0.001342281879,0.1666666667
https://bbs.ruliweb.com,0,Batch2_20260427_User_Normal,2026-04-27T00:41:42+00:00,https://bbs.ruliweb.com,200,,urlopen,211,1058,0.1045454545,0.1875,0,0.2,0,0,0.72163666,1,0,0.125,0,0,1,0,0,0,0,1,1,0.9765100671,0.02348993289,0.01538461538,0.125,0,0,0,0.04375,0,0,0.002336448598,0.03037383178,0.2710280374,0,0.006666666667,0.03561671304,0.03975869189,0.03904797297,0.03717094595,0.04275508836,0.280010473,0.04139160508,0.242839527,0,0.1
https://www.teamblind.com/kr/,0,Batch2_20260427_User_Normal,2026-04-27T00:41:43+00:00,https://www.teamblind.com/kr/,200,,urlopen,21,720,0.1318181818,0.2125,0.025,0.2,0,0,0.7484117483,1,0.1,0.1666666667,0,0,1,0,0,0,0,0.1166666667,1,0.9833333333,0.01666666667,0.5254237288,0,0,0,0,0,0,0,0,0.01671309192,0.147632312,0,0,0.04058601108,0.05026821353,0,0.03799916898,0.0945423811,0.2804245845,0.05116204756,0.2424254155,0,0.2666666667
https://www.nate.com,0,Batch2_20260427_User_Normal,2026-04-27T00:41:43+00:00,https://www.nate.com,200,,urlopen,37,329,0.09090909091,0.15,0,0.2,0,0,0.6629889718,1,0,0.125,0,0,1,0,0,0,0,0.2055555556,1,0.8780487805,0.1219512195,0.7,0.375,0.3333333333,0.05882352941,0.1764705882,0.3077205882,0,0.125,0.01307189542,0.05882352941,0.137254902,0,0.1458333333,0.06541062139,0.08286649796,0.2017740957,0.07106138218,0.1027120882,0.5184256109,0.08354347832,0.4749772727,0.03951367781,0.2666666667
https://www.sisain.co.kr,0,Batch2_20260427_User_Normal,2026-04-27T00:41:42+00:00,https://www.sisain.co.kr,200,,urlopen,36,396,0.1090909091,0.2,0,0.3,0,0,0.6801093751,1,0,0.1666666667,0,0,1,0,0,0,0,0.2,1,0.9507042254,0.04929577465,0.2040816327,0.375,0,0,0,0.13125,0,0,0.01047120419,0.1465968586,0.09947643979,0,0.03401360544,0.0486779703,0.06754825941,0.04088304455,0.04084108911,0.09617284047,0.4316330446,0.06106368493,0.3907919554,0.0101010101,0.4
https://www.medicaltimes.com,0,Batch2_20260427_User_Normal,2026-04-27T00:41:42+00:00,https://www.medicaltimes.com,200,,urlopen,7,8,0.1272727273,0.25,0,0.2,0,0,0.7035147747,1,0,0.125,0,0,1,0,0,0,0,0.03888888889,0.03076923077,0,0,0.5,0,0,0,0,0,0,0,0,1,0,0,0,0.14011875,0.1768375,0,0,0.1768375,0.29731875,0.1768375,0.2409625,0,0.1
https://www.doctorsnews.co.kr,0,Batch2_20260427_User_Normal,2026-04-27T00:41:43+00:00,https://www.doctorsnews.co.kr,200,,urlopen,17,485,0.1318181818,0.2625,0,0.3,0,0,0.6762501495,1,0,0.1666666667,0,0,1,0,0,0,0,0.09444444444,1,0.9720670391,0.02793296089,0.03278688525,0.125,0,0,0,0.04375,0,0,0,0.1375,0.1166666667,0,0.005555555556,0.03540660861,0.04525842347,0.03859185451,0.03625870902,0.04649226434,0.2795543545,0.04454185682,0.2432956455,0,0.1666666667
https://www.dailypharm.com,0,Batch2_20260427_User_Normal,2026-04-27T00:41:43+00:00,https://www.dailypharm.com,200,,urlopen,29,751,0.1181818182,0.225,0,0.2,0,0,0.7234723438,1,0,0.125,0,0,1,0,0,0,0,0.1611111111,1,0.9548611111,0.04513888889,0.05882352941,0.125,0,0,0,0.04375,0,0,0,0.02412868633,0.2037533512,0,0.03355704698,0.03898438329,0.05190896693,0.03919343501,0.03746187003,0.05336769972,0.280155935,0.04911251407,0.242694065,0,0.3666666667
https://www.kohi.or.kr,0,Batch2_20260427_User_Normal,2026-04-27T00:41:43+00:00,https://www.kohi.or.kr/gateway.do,200,,urlopen,12,74,0.1,0.175,0,0.3,0,0,0.6330390133,1,0,0.1666666667,0,0,1,0,0,0,0,0.06666666667,0.2846153846,0.8857142857,0.1142857143,0,0,0,0,0,0,0,0,0,0.05405405405,0,0,0.02777777778,0.04915033784,0.06129574031,0,0,0.04090878378,0.2362837838,0.06203040541,0.195375,0,0.1666666667
https://www.kosha.or.kr,0,Batch2_20260427_User_Normal,2026-04-27T00:41:45+00:00,https://kosha.or.kr/landing,200,,urlopen,3,6,0.1045454545,0.1875,0,0.3,0,0,0.6366177864,1,0,0.1666666667,0,0,1,0,0,0,0,0.01666666667,0.02307692308,0,0,0,0,0,0,0,0,0,0,0,1,0,0,0,0.0298125,0.037625,0,0,0.037625,0.037625,0.037625,0,0,0.03333333333
https://www.keco.or.kr,0,Batch2_20260427_User_Normal,2026-04-27T00:41:44+00:00,https://www.keco.or.kr/web/index.do;jsessionid=AB520C26FE9C39DFE184E14D9D4A26EF.hfkeco,200,,urlopen,25,801,0.1,0.175,0,0.3,0,0,0.6495679389,1,0,0.1666666667,0,0,1,0,0,0,0,0.1388888889,1,0.9798657718,0.02013422819,0.0101010101,0.125,0,0,0,0.04375,0,0,0,0.04282115869,0.2065491184,0,0.006666666667,0.03314450993,0.04211734469,0.03820787841,0.03549075682,0.04064184306,0.2791703784,0.041680898,0.2436796216,0,0.2666666667
https://www.lh.or.kr,0,Batch2_20260427_User_Normal,2026-04-27T00:41:45+00:00,https://www.lh.or.kr,200,,urlopen,21,723,0.09090909091,0.15,0,0.3,0,0,0.6266253354,1,0,0.1666666667,0,0,1,0,0,0,0,0.1166666667,1,0.9866220736,0.01337792642,0.01754385965,0.125,0,0,0,0.04375,0,0,0,0.0393258427,0.1207865169,0,0.003333333333,0.03261086066,0.04099753794,0.03813401639,0.03534303279,0.04236142867,0.2790965164,0.04085899904,0.2437534836,0,0.1333333333
https://www.gh.or.kr,0,Batch2_20260427_User_Normal,2026-04-27T00:41:43+00:00,https://www.gh.or.kr/gh_en/index.do,200,,urlopen,15,132,0.09090909091,0.15,0,0.3,0,0,0.6266253354,1,0,0.1666666667,0,0,1,0,0,0,0,0.08333333333,0.5076923077,0.92,0.08,0.0625,0,0,0,0,0,0,0,0,0.1515151515,0.09090909091,0,0.1228070175,0.04399602273,0.05701587919,0,0,0.05509367898,0.2809960227,0.05552537879,0.2409625,0,0.2
https://www.hf.go.kr,0,Batch2_20260427_User_Normal,2026-04-27T00:41:43+00:00,http://www.hf.go.kr/index.do,200,,urlopen,3,2,0.09090909091,0.15,0,0.3,0,0,0.6448071536,1,0,0.1666666667,0,0,1,0,0,0,0,0.01666666667,0.007692307692,0,0,1,0,0,0,0,0,0,0,0,1,0,0,0,0.250425,0.31605,0,0,0.31605,0.31605,0.31605,0,0,0.03333333333
https://www.khug.or.kr,0,Batch2_20260427_User_Normal,2026-04-27T00:41:46+00:00,https://www.khug.or.kr,200,,urlopen,5,9,0.1,0.175,0,0.3,0,0,0.6495679389,1,0,0.1666666667,0,0,1,0,0,0,0,0.02777777778,0.03461538462,0,0,0,0.125,0,0,0,0.04375,0,0,0,1,0,0,0,0.03177,0.03746321429,0.0382325,0.03554,0.0382325,0.0382325,0.037694,0.0026925,0,0.03333333333
https://www.4insure.or.kr,0,Batch2_20260427_User_Normal,2026-04-27T00:41:43+00:00,https://www.4insure.or.kr,200,,urlopen,3,2,0.1136363636,0.2125,0,0.3,0,0.04,0.6969581254,1,0,0.1666666667,0,0,1,0,0,0,0,0.01666666667,0.007692307692,0,0,0,0,0,0,0,0,0,0,0,1,0,0,0,0.0298125,0.037625,0,0,0.037625,0.037625,0.037625,0,0,0.03333333333
https://www.nps.or.kr,0,Batch2_20260427_User_Normal,2026-04-27T00:41:43+00:00,https://www.nps.or.kr/gate.do,200,,urlopen,5,36,0.09545454545,0.1625,0,0.3,0,0,0.6296873669,1,0,0.1666666667,0,0,1,0,0,0,0,0.02777777778,0.1384615385,1,0,0,0,0,0,0,0,0,0,0,0.1666666667,0.2777777778,0,0.09090909091,0.0298125,0.037625,0,0,0.037625,0.037625,0.037625,0,0,0.03333333333
https://www.ei.go.kr,0,Batch2_20260427_User_Normal,2026-04-27T00:41:49+00:00,https://m.work24.go.kr/cm/main.do,200,,requests,102,358,0.09090909091,0.15,0,0.3,0,0,0.6629889718,1,0,0.1666666667,0,0,1,0,0,1,0.2,0.5666666667,1,0.1612903226,0.8387096774,0,0.75,0,0.12,0.12,0.3825,0,0,0,0.222972973,0.5675675676,0,0.8966666667,0.06476360294,0.07440140719,0.04423602941,0.07186805882,0.04423602941,0.2502220588,0.07590932093,0.2059860294,0.01675977654,0.8
https://www.safetyreport.go.kr,0,Batch2_20260427_User_Normal,2026-04-27T00:41:43+00:00,https://www.safetyreport.go.kr,200,,urlopen,34,136,0.1363636364,0.275,0,0.3,0,0,0.6966185173,1,0,0.1666666667,0,0,1,0,0,0,0,0.1888888889,0.5230769231,0,1,0.09090909091,0,0,0,0,0,0,0,0,0.6764705882,0.1323529412,0,0.7450980392,0.08023069853,0.09448281982,0,0,0.0680922627,0.2871490809,0.1012555147,0.2409625,0,0.5333333333
https://www.career.go.kr,0,Batch2_20260427_User_Normal,2026-04-27T00:41:45+00:00,https://www.career.go.kr/cloud/w/main/home,200,,urlopen,19,430,0.1090909091,0.2,0,0.3,0,0,0.6801093751,1,0,0.1666666667,0,0,1,0,0,0,0,0.1055555556,1,0.9484536082,0.05154639175,0.008547008547,0,0,0,0,0,0,0,0,0.1728971963,0.3738317757,0,0.1916666667,0.03506510417,0.04513606392,0,0.036134375,0.04058919605,0.2794921875,0.04414564525,0.2433578125,0,0.2333333333
https://www.neis.go.kr,0,Batch2_20260427_User_Normal,2026-04-27T00:41:44+00:00,https://www.neis.go.kr/nxuiPortal/index.html,200,,urlopen,3,44,0.1,0.175,0,0.3,0,0,0.6826257901,1,0,0.1666666667,0,0,1,0,0,0,0,0.01666666667,0.1692307692,0,0,0,0,0,0,0,0,0,0,0,1,0,0,0,0.0298125,0.037625,0,0,0.037625,0.037625,0.037625,0,0,0.03333333333
https://www.kisa.or.kr,0,Batch2_20260427_User_Normal,2026-04-27T00:41:45+00:00,https://www.kisa.or.kr,200,,urlopen,25,673,0.1,0.175,0,0.3,0,0,0.6495679389,1,0,0.1666666667,0,0,1,0,0,0,0,0.1388888889,1,0.9366197183,0.06338028169,0.01960784314,0.125,0,0,0,0.04375,0,0,0,0.01791044776,0.1343283582,0,0.05333333333,0.04005033383,0.05143123103,0.0393675816,0.0378101632,0.0440923365,0.2803300816,0.05051344238,0.2425199184,0,0.3333333333
https://www.boho.or.kr,0,Batch2_20260427_User_Normal,2026-04-27T00:41:43+00:00,https://www.boho.or.kr,200,,urlopen,35,321,0.1,0.175,0,0.3,0,0,0.6268002736,1,0,0.1666666667,0,0,1,0,0,0,0,0.1944444444,1,0.8098591549,0.1901408451,0,0.25,0,0,0,0.0875,0,0,0,0.07692307692,0.01282051282,0,0.106918239,0.05974233129,0.07073859532,0.04274961656,0.04457423313,0.04274961656,0.2381246166,0.07516831646,0.195375,0,0.4333333333
https://www.krnic.or.kr,0,Batch2_20260427_User_Normal,2026-04-27T00:41:43+00:00,https://www.krnic.or.kr,200,,urlopen,17,395,0.1045454545,0.1875,0,0.3,0,0,0.6622708497,1,0,0.1666666667,0,0,1,0,0,0,0,0.09444444444,1,0.9221556886,0.07784431138,0,0.125,0,0,0,0.04375,0,0,0,0.0358974359,0.1076923077,0,0.1302083333,0.04164535176,0.05201678109,0.03965508794,0.03838517588,0.03965508794,0.2350300879,0.05239913449,0.1966449121,0,0.1666666667
https://www.1365.go.kr,0,Batch2_20260427_User_Normal,2026-04-27T00:41:44+00:00,https://www.1365.go.kr/vols/main.do,200,,urlopen,52,636,0.1,0.175,0,0.3,0,0.1818181818,0.6991547157,1,0,0.1666666667,0,0,1,0,0,0,0,0.2888888889,1,0.9545454545,0.04545454545,0,1,0,0,0,0.35,0,0,0,0.01677852349,0.09731543624,0,0.1081081081,0.03702886364,0.04426872323,0.03895045455,0.03697590909,0.03895045455,0.2343254545,0.04591139669,0.1973495455,0,0.4
https://www.socialenterprise.or.kr,0,Batch2_20260427_User_Normal,2026-04-27T00:41:43+00:00,https://www.socialenterprise.or.kr,200,,urlopen,11,64,0.1545454545,0.325,0,0.3,0,0,0.7122957171,1,0,0.1666666667,0,0,1,0,0,0,0,0.06111111111,0.2461538462,0.2,0.8,0,0,0,0,0,0,0,0,0,0.65625,0.1875,0,0,0.052171875,0.0595962936,0,0,0.041421875,0.236796875,0.06584375,0.195375,0,0.1333333333
https://www.korcham.net,0,Batch2_20260427_User_Normal,2026-04-27T00:41:44+00:00,http://www.korcham.net/nCham/Service/Main/appl/Main.asp,200,,urlopen,59,530,0.1045454545,0.1875,0,0.2,0,0,0.6998588932,1,0,0.125,0,0,1,0,0,0,0,0.3277777778,1,0.7905405405,0.2094594595,0.1481481481,0.25,0,0,0,0.0875,0,0,0,0.0625,0.359375,0,0.4241245136,0.05938800551,0.07642722708,0.04264283088,0.04436066176,0.06829097903,0.2836053309,0.07508363835,0.2409625,0,0.6666666667
https://www.kotra.or.kr,0,Batch2_20260427_User_Normal,2026-04-27T00:41:44+00:00,https://www.kotra.or.kr/index.do,200,,urlopen,34,662,0.1045454545,0.1875,0,0.3,0,0,0.6246828062,1,0,0.1666666667,0,0,1,0,0,0,0,0.1888888889,1,0.9510204082,0.04897959184,0,0.375,0,0,0,0.13125,0,0,0,0.06875,0.165625,0,0.1833333333,0.03660630531,0.04470225788,0.03884358407,0.03676216814,0.03884358407,0.2342185841,0.04566127535,0.1974564159,0,0.2333333333
https://www.kpc.or.kr,0,Batch2_20260427_User_Normal,2026-04-27T00:41:43+00:00,https://www.kpc.or.kr,200,,urlopen,29,515,0.09545454545,0.1625,0,0.3,0,0,0.6296873669,1,0,0.1666666667,0,0,1,0,0,0,0,0.1611111111,1,0.9425837321,0.05741626794,0.1276595745,0.125,0,0,0,0.04375,0,0,0,0.0546875,0.12890625,0,0.1899224806,0.04330072674,0.05842900389,0.03992078488,0.03891656977,0.0706819551,0.2808832849,0.05460788095,0.2419667151,0,0.4
https://www.koreascience.or.kr,0,Batch2_20260427_User_Normal,2026-04-27T00:41:43+00:00,https://www.koreascience.or.kr/main.page,200,,urlopen,34,292,0.1363636364,0.275,0,0.3,0,0,0.7041646537,1,0,0.1666666667,0,0,1,0,0,0,0,0.1888888889,1,0.9473684211,0.05263157895,0.02777777778,0.625,0,0,0,0.21875,0,0,0,0.1297709924,0.1450381679,0,0.2148760331,0.03821466346,0.04475253763,0.039228125,0.03753125,0.04592152778,0.280190625,0.04681722756,0.242659375,0,0.1666666667
https://www.dbpia.co.kr,0,Batch2_20260427_User_Normal,2026-04-27T00:41:43+00:00,https://www.dbpia.co.kr,200,,urlopen,111,696,0.1045454545,0.1875,0,0.3,0,0,0.6998588932,1,0,0.1666666667,0,0,1,0,0,0,0,0.6166666667,1,0.9849246231,0.01507537688,0.1046511628,1,0,0.04255319149,0.1595744681,0.5095744681,0,0,0,0.04210526316,0.2666666667,0,0.3366666667,0.04448563291,0.05442412555,0.04073170886,0.06226049219,0.05317167979,0.2816942089,0.05014700793,0.2411557911,0.005747126437,0.2
https://kiss.kstudy.com,0,Batch2_20260427_User_Normal,2026-04-27T00:41:44+00:00,https://kiss.kstudy.com,200,,urlopen,51,173,0.1045454545,0.1875,0,0.2,0,0,0.6742058299,1,0,0.125,0,0,1,0,0,0,0,0.2833333333,0.6653846154,0.8947368421,0.1052631579,0.02325581395,0.625,0,0.02564102564,0.07692307692,0.2956730769,0,0,0,0.2903225806,0.4032258065,0,0.7121212121,0.04545424528,0.05153047913,0.04101591981,0.05204337808,0.04661969888,0.2819784198,0.05103274408,0.2409625,0.005780346821,0.1333333333
https://www.earticle.net,0,Batch2_20260427_User_Normal,2026-04-27T00:41:43+00:00,https://www.earticle.net,200,,urlopen,22,226,0.1090909091,0.2,0,0.2,0,0,0.6706767046,1,0,0.125,0,0,1,0,0,0,0,0.1222222222,0.8692307692,0.9649122807,0.0350877193,0.02222222222,0.625,0,0.1666666667,0.5,0.71875,0,0,0,0.2156862745,0.2254901961,0,0.2692307692,0.04738991597,0.06427579688,0.04115598739,0.1124744748,0.04651070962,0.2821184874,0.05365627604,0.2409625,0.008849557522,0.1
https://www.crezone.net,0,Batch2_20260427_User_Normal,2026-04-27T00:41:44+00:00,https://www.crezone.net/main,200,,urlopen,25,338,0.1045454545,0.1875,0,0.2,0,0,0.6622708497,1,0,0.125,0,0,1,0,0,0,0,0.1388888889,1,0.8962962963,0.1037037037,0.08823529412,0,0,0,0,0,0,0,0,0.07100591716,0.1301775148,0,0.1176470588,0.04854674556,0.06454160325,0,0,0.06206768404,0.281768787,0.06126863905,0.2409625,0,0.3666666667
https://www.edunet.net,0,Batch2_20260427_User_Normal,2026-04-27T00:41:44+00:00,https://www.edunet.net,200,,urlopen,3,14,0.1,0.175,0,0.2,0,0,0.6165100877,1,0,0.125,0,0,1,0,0,0,0,0.01666666667,0.05384615385,0,0,0,0,0,0,0,0,0,0,0,1,0,0,0,0.0298125,0.037625,0,0,0.037625,0.037625,0.037625,0,0,0.03333333333
https://www.ebs.co.kr,0,Batch2_20260427_User_Normal,2026-04-27T00:41:43+00:00,https://www.ebs.co.kr,200,,urlopen,5,4,0.09545454545,0.1625,0,0.3,0,0,0.6643194015,1,0,0.1666666667,0,0,1,0,0,0,0,0.02777777778,0.01538461538,0,0,0.5,0,0,0,0,0,0,0,0,1,0,0,0,0.14011875,0.1768375,0,0,0.1768375,0.29731875,0.1768375,0.2409625,0,0.06666666667
https://primary.ebs.co.kr,0,Batch2_20260427_User_Normal,2026-04-27T00:41:44+00:00,https://primary.ebs.co.kr/main/primary,200,,urlopen,25,958,0.1136363636,0.2125,0,0.3,0,0,0.7169936708,1,0,0.1666666667,0,0,1,0,0,0,0,0.1388888889,1,0.980861244,0.01913875598,0.01893939394,0.375,0,0,0,0.13125,0,0,0.008456659619,0.06131078224,0.4926004228,0,0.3079470199,0.03437295124,0.04821027266,0.03840012967,0.03587525934,0.04452981717,0.4175063797,0.04334740825,0.3816311203,0.006263048017,0.2333333333
https://mid.ebs.co.kr,0,Batch2_20260427_User_Normal,2026-04-27T00:41:45+00:00,https://mid.ebs.co.kr/premium/middle/index,200,,urlopen,31,544,0.09545454545,0.1625,0,0.3,0,0,0.7054872587,1,0,0.1666666667,0,0,1,0,0,0,0,0.1722222222,1,1,0,0.04395604396,0.875,0,0,0,0.30625,0,0,0.01167315175,0.1712062257,0.53307393,0,0.7516556291,0.03749745536,0.05209263732,0.03895209821,0.03697919643,0.0516179636,0.4110720982,0.04707217347,0.3740929018,0.01102941176,0.1666666667
https://www.megastudy.net,0,Batch2_20260427_User_Normal,2026-04-27T00:41:45+00:00,https://www.megastudy.net,200,,urlopen,84,410,0.1136363636,0.2125,0,0.2,0,0,0.6933928527,1,0,0.125,0,0,1,0,0,0,0,0.4666666667,1,0.8031496063,0.1968503937,0.1818181818,0.375,0.6666666667,0.05555555556,0.2777777778,0.4090277778,0,0.25,0.00518134715,0.1398963731,0.1968911917,0,0.320855615,0.07207727804,0.103908458,0.3924101441,0.08536056594,0.08491970847,0.5660768107,0.08840628548,0.521,0.01219512195,1
https://www.etoos.com,0,Batch2_20260427_User_Normal,2026-04-27T00:41:45+00:00,https://www.etoos.com/home/default.asp,200,,urlopen,30,1003,0.09545454545,0.1625,0,0.2,0,0,0.6231515443,1,0,0.125,0,0,1,0,0,0,0,0.1666666667,1,0.9961389961,0.003861003861,0.04583333333,0.125,0,0,0,0.04375,0,0,0.004008016032,0.03006012024,0.4468937876,0,0.1366666667,0.03535810139,0.05170326971,0.03856704771,0.03620909543,0.05044532896,0.4215545477,0.04460897345,0.3853454523,0.004985044865,0.3666666667
https://www.mimacstudy.com,0,Batch2_20260427_User_Normal,2026-04-27T00:41:44+00:00,https://www.mimacstudy.com,200,,urlopen,11,10,0.1181818182,0.225,0,0.2,0,0,0.6989284627,1,0,0.125,0,0,1,0,0,0,0,0.06111111111,0.03846153846,0,1,1,0,0,0,0,0,0,0,0,0.2,0,0,0,0.217035,0.2782005882,0,0,0.31038,0.31038,0.27391,0.0455875,0,0.1666666667
https://www.hackers.com,0,Batch2_20260427_User_Normal,2026-04-27T00:41:44+00:00,https://www.hackers.com,200,,urlopen,42,1086,0.1045454545,0.1875,0,0.2,0,0,0.6900161066,1,0,0.125,0,0,1,0,0,0,0,0.2333333333,1,0.7489177489,0.2510822511,0.003246753247,0.125,0,0,0,0.04375,0,0,0.00185528757,0.01298701299,0.5658627087,0,0.23,0.04957664835,0.0702135224,0.04099629121,0.04106758242,0.04226496004,0.4317462912,0.06246685485,0.39075,0.001841620626,0.5333333333
https://www.ybmnet.co.kr,0,Batch2_20260427_User_Normal,2026-04-27T00:41:44+00:00,https://www.ybm.co.kr/,200,,urlopen,49,413,0.1090909091,0.2,0,0.3,0,0,0.7104124054,1,0,0.1666666667,0,0,1,0,0,1,0.2,0.2722222222,1,0.4693877551,0.5306122449,0.8181818182,0.25,0,0,0,0.0875,0,0,0.0198019802,0.04455445545,0.2079207921,0,0.06962025316,0.1186180622,0.1433614402,0.05243947368,0.06395394737,0.1561534298,0.4354269737,0.1518343774,0.3829875,0.01210653753,0.6333333333
https://cdn.sessionspy.com/index.php?https://auth.scotiaonline.scotiabank.com,1,Batch2_20260427_OpenPhish,2026-04-27T00:41:46+00:00,https://cdn.sessionspy.com:443/index.php?https://auth.scotiaonline.scotiabank.com/,200,,urlopen,12,60,0.35,0.225,0.0625,0.6,0,0,0.7536441671,1,0.1,0.4166666667,0.1,0,1,0,0,0,0,0.06666666667,0.2307692308,1,0,0.04761904762,0.125,0,0.25,0.25,0.29375,0,0,0,0.7407407407,0.03703703704,0,0.25,0.04829414063,0.06090060369,0.0412953125,0.092334375,0.05276971726,0.2822578125,0.05520527344,0.2409625,0.01666666667,0.06666666667
http://amazonwebservices.security-unauthorised-request.com/login/mgk-wcxcfmgselhdblkv8onp_5wk9ykc3uky=2aw==9wfryq1zxzlvwxlbx/u5vi3iqc2zyy-edd-wtenzbbycrd5f72,1,Batch2_20260427_Phishunt,2026-04-27T00:41:46+00:00,https://training.phriendlyphishing.com/landing_pages/simulated_phishing_page/story.html,200,,urlopen,3,4,0.7136363636,0.6375,0.61875,0.2,0.4166666667,0.08280254777,0.918834228,0,0.3,0.5833333333,0.07142857143,0,1,0,0,1,0.2,0.01666666667,0.01538461538,0,0,0,0,0,0,0,0,0,0,0,1,0,0,0,0.0298125,0.037625,0,0,0.037625,0.037625,0.037625,0,0,0.03333333333
http://facebook-login-app.blogspot.com,1,Batch2_20260427_Phishunt,2026-04-27T00:41:44+00:00,http://facebook-login-app.blogspot.com,200,,urlopen,9,15,0.1727272727,0.3875,0,0.2,0.1666666667,0,0.7423759952,0,0,0.2083333333,0.2,0.2,1,0,0,0,0,0.05,0.05769230769,0.4,0.6,1,0,0,0,0,0,0,0,0,0.2857142857,0,1,0,0.19738125,0.2547173713,0,0,0.3055453125,0.308203125,0.2358675781,0.2409625,0.06666666667,0.1
https://facebook-login-app.blogspot.com,1,Batch2_20260427_Phishunt,2026-04-27T00:41:45+00:00,https://facebook-login-app.blogspot.com,200,,urlopen,9,15,0.1772727273,0.3875,0,0.2,0.1666666667,0,0.7452961493,1,0,0.2083333333,0.2,0.2,1,0,0,0,0,0.05,0.05769230769,0.4,0.6,1,0,0,0,0,0,0,0,0,0.2857142857,0,1,0,0.19738125,0.2547173713,0,0,0.3055453125,0.308203125,0.2358675781,0.2409625,0.06666666667,0.1
https://facebookloginaccount.blogspot.com/?m=1,1,Batch2_20260427_Phishunt,2026-04-27T00:41:45+00:00,https://facebookloginaccount.blogspot.com/?m=1,200,,urlopen,6,14,0.2090909091,0.4125,0.00625,0.2,0,0.02173913043,0.7734287669,1,0,0.125,0,0,1,0,0,0,0,0.03333333333,0.05384615385,0.5,0.5,1,0,0,0,0,0,0,0,0,0.1428571429,0,0,0,0.1410267857,0.1911460016,0,0,0.2916415179,0.2916415179,0.181575,0.235646875,0,0.06666666667
http://facebook-clone-alpha-three.vercel.app/login,1,Batch2_20260427_Phishunt,2026-04-27T00:42:07+00:00,https://facebook-clone-alpha-three.vercel.app/login,200,,public_dns,4,3,0.2272727273,0.4625,0.0375,0.2,0.25,0,0.7451221708,0,0.1,0.2916666667,0.1428571429,0.1428571429,1,0,0,0,0,0.02222222222,0.01153846154,0,0,0,0,0,0,0,0,0,0,0,1,0,1,0,0.20053125,0.2240133929,0,0,0.0730625,0.307875,0.19046875,0.2348125,0.3333333333,0.03333333333
https://facebook-clone-alpha-three.vercel.app/login,1,Batch2_20260427_Phishunt,2026-04-27T00:42:06+00:00,https://facebook-clone-alpha-three.vercel.app/login,200,,public_dns,4,3,0.2318181818,0.4625,0.0375,0.2,0.25,0,0.7558270229,1,0.1,0.2916666667,0.1428571429,0.1428571429,1,0,0,0,0,0.02222222222,0.01153846154,0,0,0,0,0,0,0,0,0,0,0,1,0,1,0,0.20053125,0.2240133929,0,0,0.0730625,0.307875,0.19046875,0.2348125,0.3333333333,0.03333333333
https://amazone-clone-snowy.vercel.app/login_page/login.html,1,Batch2_20260427_Phishunt,2026-04-27T00:42:07+00:00,https://amazone-clone-snowy.vercel.app/login_page/login.html,200,,public_dns,4,3,0.2727272727,0.375,0.1375,0.3,0.1666666667,0,0.7809400343,1,0.2,0.375,0.2222222222,0,1,0,0,0,0,0.02222222222,0.01153846154,0,0,0,0,0,0,0,0,0,0,0,0,1,0,1,0.03470625,0.03757625,0,0.0373625,0.03914375,0.03914375,0.038253125,0.00178125,0,0.03333333333
http://conect-xfinity-auth.weebly.com/,1,Batch2_20260427_OpenPhish,2026-04-27T00:41:44+00:00,http://conect-xfinity-auth.weebly.com/,200,,urlopen,3,2,0.1727272727,0.375,0.00625,0.2,0.1666666667,0,0.7633825001,0,0,0.2083333333,0.2,0,1,0,0,0,0,0.01666666667,0.007692307692,0,0,1,0,0,0,0,0,0,0,0,1,0,0,0,0.250425,0.31605,0,0,0.31605,0.31605,0.31605,0,0,0.03333333333
http://oauth---apps--sso---kucoin.webflow.io/,1,Batch2_20260427_OpenPhish,2026-04-27T00:41:45+00:00,https://oauth---apps--sso---kucoin.webflow.io/,200,,urlopen,6,6,0.2045454545,0.4625,0.00625,0.2,0.6666666667,0,0.7293098944,0,0,0.25,0,0,1,0,0,0,0,0.03333333333,0.02307692308,0,0,1,0,0,0,0,0,0,0,0,0.6666666667,0.3333333333,0,0,0.210825,0.2916130435,0,0,0.27565,0.30795,0.27565,0.08475,0,0.06666666667
http://view-help---auth---bitmert--sso.webflow.io/,1,Batch2_20260427_OpenPhish,2026-04-27T00:41:45+00:00,https://view-help---auth---bitmert--sso.webflow.io/,200,,urlopen,6,6,0.2272727273,0.525,0.00625,0.2,0.75,0,0.7282887509,0,0,0.2916666667,0.1428571429,0,1,0,0,0,0,0.03333333333,0.02307692308,0,0,1,0,0,0,0,0,0,0,0,0.6666666667,0.3333333333,0,1,0.210825,0.2916130435,0,0,0.27565,0.30795,0.27565,0.08475,0,0.06666666667
https://office365-service-c38bf0.webflow.io,1,Batch2_20260427_Phishunt,2026-04-27T00:41:46+00:00,https://office365-service-c38bf0.webflow.io,200,,urlopen,15,17,0.1954545455,0.4375,0,0.2,0.1666666667,0.1395348837,0.7909713402,1,0,0.2083333333,0,0,1,0,0,0,0,0.08333333333,0.06538461538,0,0,1,0.125,0,0,0,0.04375,0,0,0,0.8,0.2,0,1,0.1237397727,0.1177367275,0.053825,0.066725,0.2754075,0.2947875,0.1604079545,0.2409625,0,0.1333333333
https://ziba-model.github.io/amazon/,1,Batch2_20260427_OpenPhish,2026-04-27T00:41:45+00:00,https://ziba-model.github.io/amazon/,200,,urlopen,7,164,0.1636363636,0.25,0.05,0.2,0.08333333333,0,0.7530189396,1,0.1,0.2083333333,0,0.2,1,0,0,0,0,0.03888888889,0.6307692308,1,0,0,0,0,0,0,0,0,0,0,0.01234567901,0.7777777778,0,0.1052631579,0.02986942771,0.03679976018,0,0.03439819277,0.03766159639,0.03766159639,0.0374736228,0.01233840361,0,0.03333333333
https://amazon.sabahealthclinic.com/,1,Batch2_20260427_OpenPhish,2026-04-27T00:41:45+00:00,https://amazon.sabahealthclinic.com/,200,,urlopen,11,63,0.1636363636,0.3375,0.00625,0.2,0,0,0.714586412,1,0,0.125,0,0,1,0,0,0,0,0.06111111111,0.2423076923,0.75,0.25,0,0.125,0,0,0,0.04375,0,0,0,0.3666666667,0.1,0,0.05882352941,0.05247773438,0.05946343631,0.04151679688,0.04210859375,0.04151679688,0.2368917969,0.06595716553,0.195375,0,0.1
https://netflix-gui-clone.vercel.app/,1,Batch2_20260427_OpenPhish,2026-04-27T00:42:09+00:00,https://netflix-gui-clone.vercel.app/,200,,public_dns,8,42,0.1681818182,0.35,0.00625,0.2,0.1666666667,0,0.7652590885,1,0,0.2083333333,0,0.2,1,0,0,0,0,0.04444444444,0.1615384615,1,0,0.75,0,0,0,0,0,0,0,0,0,0.2,1,0,0.05634715909,0.07307883139,0,0.04463409091,0.1062764205,0.2473090909,0.06370552686,0.2045295455,0.02380952381,0.06666666667
http://www.netflix-gui-clone.vercel.app/,1,Batch2_20260427_OpenPhish,2026-04-27T00:42:09+00:00,http://www.netflix-gui-clone.vercel.app/,200,,public_dns,4,3,0.1818181818,0.4,0.00625,0.3,0.1666666667,0,0.7652172672,0,0,0.25,0,0.1666666667,1,0,0,0,0,0.02222222222,0.01153846154,0,0,1,0,0,0,0,0,0,0,0,1,0,1,0,0.3108375,0.3408441964,0,0,0.33275625,0.3453375,0.339046875,0.01258125,0.3333333333,0.03333333333
http://shahbaz181.github.io/Amazon-Clone,1,Batch2_20260427_OpenPhish,2026-04-27T00:41:45+00:00,https://shahbaz181.github.io/Amazon-Clone/,200,,urlopen,5,96,0.1818181818,0.25,0.08125,0.2,0.08333333333,0.075,0.790261699,0,0.1,0.2083333333,0,0.2,1,0,0,0,0,0.02777777778,0.3692307692,0,0,0,0,0,0,0,0,0,0,0,0,1,0,1,0.02990892857,0.03606892124,0,0.03444897959,0.0376869898,0.0376869898,0.03736962203,0.0123130102,0,0.03333333333
https://valente-kevin.github.io/Netflix/,1,Batch2_20260427_OpenPhish,2026-04-27T00:41:45+00:00,https://valente-kevin.github.io/Netflix/,200,,urlopen,8,11,0.1818181818,0.2875,0.05625,0.2,0.08333333333,0,0.7603067424,1,0.1,0.2083333333,0,0.4,1,0,0,0,0,0.04444444444,0.04230769231,0,1,0,0,0,0,0,0,0,0,0,0,0.5,0,0,0.1303714286,0.1457266447,0,0.0728,0.0568625,0.275475,0.1471714286,0.2186125,0.09090909091,0.06666666667
http://member20.agency-ad-dashboard.com/,1,Batch2_20260427_OpenPhish,2026-04-27T00:41:45+00:00,http://member20.agency-ad-dashboard.com/,200,,urlopen,3,2,0.1818181818,0.4,0.00625,0.2,0.1666666667,0.05,0.7720798808,0,0,0.2083333333,0,0,1,0,0,0,0,0.01666666667,0.007692307692,0,0,1,0,0,0,0,0,0,0,0,1,0,0,0,0.250425,0.31605,0,0,0.31605,0.31605,0.31605,0,0,0.03333333333
https://freedomix867.github.io/Instagram,1,Batch2_20260427_OpenPhish,2026-04-27T00:41:45+00:00,https://freedomix867.github.io/Instagram/,200,,urlopen,9,10,0.1818181818,0.275,0.0625,0.2,0,0.075,0.8062152218,1,0.1,0.1666666667,0,0.5,1,0,0,0,0,0.05,0.03846153846,0,0,1,0.125,0,0.5,0.5,0.54375,0,0,0,0,1,0,1,0.1501875,0.1534497909,0.06206964286,0.1845517857,0.1467321429,0.2858892857,0.1549522959,0.2238196429,0.2,0.06666666667
http://member39.agency-ad-dashboard.com/,1,Batch2_20260427_OpenPhish,2026-04-27T00:41:46+00:00,https://member39.agency-ad-dashboard.com/,200,,urlopen,6,22,0.1818181818,0.4,0.00625,0.2,0.1666666667,0.05,0.7720798808,0,0,0.2083333333,0,0,1,0,0,0,0,0.03333333333,0.08461538462,0,0,0.09090909091,0,0,0,0,0,0,0,0,0.9090909091,0.09090909091,0,0,0.04986818182,0.06442509929,0,0,0.06293636364,0.2819931818,0.06293636364,0.2409625,0,0.06666666667
https://arnab-zt.github.io/amazon-clone/,1,Batch2_20260427_OpenPhish,2026-04-27T00:41:45+00:00,https://arnab-zt.github.io/amazon-clone/,200,,urlopen,6,34,0.1818181818,0.225,0.0875,0.2,0.1666666667,0,0.7607606763,1,0.1,0.25,0,0.1666666667,1,0,0,0,0,0.03333333333,0.1307692308,1,0,0,0,0,0,0,0,0,0,0,0,0.8125,0,0,0.030075,0.03481849227,0,0.0346625,0.03779375,0.03779375,0.03694166667,0.01220625,0,0.03333333333
https://david23242324.github.io/NetFlix2/,1,Batch2_20260427_OpenPhish,2026-04-27T00:42:08+00:00,https://david23242324.github.io/NetFlix2/,200,,public_dns,12,26,0.1863636364,0.2875,0.0625,0.2,0,0.2195121951,0.771840318,1,0.1,0.1666666667,0,0.25,1,0,0,0,0,0.06666666667,0.1,0,0,0.9090909091,0.125,0,0,0,0.04375,0,0,0,0.09090909091,0.9090909091,0,0,0.08551607143,0.07228446429,0.04724375,0.0535625,0.1242096591,0.13190625,0.1079714286,0.08741875,0,0.1333333333
https://jhamilan.github.io/Netflix-Clone/,1,Batch2_20260427_OpenPhish,2026-04-27T00:41:45+00:00,https://jhamilan.github.io/Netflix-Clone/,200,,urlopen,6,23,0.1863636364,0.225,0.09375,0.2,0.08333333333,0,0.78115236,1,0.1,0.2083333333,0,0.4,1,0,0,0,0,0.03333333333,0.08846153846,0,0,0,0,0,0,0,0,0,0,0,0,1,0,0,0.05644038462,0.08448288899,0,0.04569615385,0.04331057692,0.2483711538,0.05875340237,0.21175,0.04347826087,0.03333333333
https://gauri426.github.io/netflix-clone/,1,Batch2_20260427_OpenPhish,2026-04-27T00:41:45+00:00,https://gauri426.github.io/netflix-clone/,200,,urlopen,11,45,0.1863636364,0.225,0.09375,0.2,0.08333333333,0.07317073171,0.7967167725,1,0.1,0.2083333333,0,0.4,1,0,0,0,0,0.06111111111,0.1730769231,1,0,0.8,0,0,0,0,0,0,0,0,0,0.2380952381,0,0,0.0571546875,0.07020736871,0,0.044871875,0.1106284375,0.247546875,0.06532220052,0.21175,0.02222222222,0.1
http://sansita0704.github.io/amazon-clone,1,Batch2_20260427_OpenPhish,2026-04-27T00:42:08+00:00,https://sansita0704.github.io/amazon-clone/,200,,public_dns,12,58,0.1863636364,0.2625,0.08125,0.2,0.08333333333,0.09756097561,0.7833263068,0,0.1,0.2083333333,0,0.2,1,0,0,0,0,0.06666666667,0.2230769231,0.3333333333,0.6666666667,0.04,0,0,0,0,0,0,0,0,0.03571428571,0.8571428571,0,0.9482758621,0.04924875,0.07381267857,0,0.041075,0.0506385,0.2819625,0.06175958333,0.2499625,0,0.1333333333
https://saniya-s4.github.io/amazon-clone/,1,Batch2_20260427_OpenPhish,2026-04-27T00:41:45+00:00,https://saniya-s4.github.io/amazon-clone/,200,,urlopen,3,2,0.1863636364,0.2375,0.0875,0.2,0.1666666667,0.0243902439,0.7711095108,1,0.1,0.25,0,0.1666666667,1,0,0,0,0,0.01666666667,0.007692307692,0,0,0,0,0,0,0,0,0,0,0,0,0,0,0,0.032175,0.03327875,0,0.0373625,0,0.0373625,0.032825,0.009075,0,0
https://pranjal501.github.io/Netflix-Clone/,1,Batch2_20260427_OpenPhish,2026-04-27T00:41:45+00:00,https://pranjal501.github.io/Netflix-Clone/,200,,urlopen,7,50,0.1954545455,0.25,0.09375,0.2,0.08333333333,0.06976744186,0.8195332323,1,0.1,0.2083333333,0,0.4,1,0,0,0,0,0.03888888889,0.1923076923,0,0,1,0,0,0,0,0,0,0,0,0.04166666667,0.9583333333,0,0,0.1198038462,0.159405301,0,0,0.1446105769,0.2943980769,0.1460056213,0.2375269231,0.02,0.06666666667
https://amazon-clone-swart-kappa.vercel.app/,1,Batch2_20260427_OpenPhish,2026-04-27T00:41:45+00:00,https://amazon-clone-swart-kappa.vercel.app/,200,,urlopen,4,241,0.2,0.4375,0.00625,0.2,0.25,0,0.7441158088,1,0,0.25,0,0,1,0,0,0,0,0.02222222222,0.9269230769,0,0,0,0,0,0,0,0,0,0,0,0,1,0,1,0.02989338843,0.03746149669,0,0.03437520661,0.03765010331,0.03765010331,0.03762303804,0.003274896694,0,0.03333333333
https://emmanuel3186.github.io/amazon-clone/,1,Batch2_20260427_OpenPhish,2026-04-27T00:42:08+00:00,https://emmanuel3186.github.io/amazon-clone/,200,,public_dns,5,72,0.2,0.275,0.0875,0.2,0.08333333333,0.09090909091,0.8003539926,1,0.1,0.2083333333,0,0.2,1,0,0,0,0,0.02777777778,0.2769230769,0,0,0,0,0,0,0,0,0,0,0,0,1,0,1,0.0299402027,0.03569284483,0,0.03448918919,0.03770709459,0.03770709459,0.03728788349,0.01229290541,0,0.03333333333
https://netflix-clone-khaki-seven.vercel.app/,1,Batch2_20260427_OpenPhish,2026-04-27T00:42:08+00:00,https://netflix-clone-khaki-seven.vercel.app/,200,,public_dns,13,27,0.2045454545,0.45,0.00625,0.2,0.25,0,0.7559365225,1,0,0.25,0,0.1666666667,1,0,0,0,0,0.07222222222,0.1038461538,0,0,0,0.25,0,0,0,0.0875,0.0875,0,0,0,1,1,1,0.05313125,0.05813410377,0.0429125,0.0449,0.0429125,0.247575,0.05516597222,0.2046625,0.03703703704,0.03333333333
http://anjalirajput06.github.io/Netflix_Clone,1,Batch2_20260427_OpenPhish,2026-04-27T00:42:08+00:00,https://anjalirajput06.github.io/Netflix_Clone/,200,,public_dns,11,50,0.2045454545,0.3,0.0875,0.2,0,0.04444444444,0.7970064095,0,0.1,0.2083333333,0,0.4,1,0,0,0,0,0.06111111111,0.1923076923,1,0,1,0,0,0,0,0,0,0,0,0,0.347826087,0,0,0.0659625,0.07423427835,0,0.047825,0.1290375,0.2505,0.07714166667,0.21175,0.02,0.1
https://kishore1803.github.io/Netflix-Project/,1,Batch2_20260427_OpenPhish,2026-04-27T00:41:46+00:00,https://kishore1803.github.io/Netflix-Project/,200,,urlopen,9,22,0.2090909091,0.2625,0.10625,0.2,0.08333333333,0.08695652174,0.815057498,1,0.1,0.2083333333,0,0.4,1,0,0,0,0,0.05,0.08461538462,1,0,0.5,0.125,0,0,0,0.04375,0,0,0,0.2222222222,0,0,0.6956521739,0.076228125,0.09625180386,0.046653125,0,0.167134375,0.287615625,0.08382135417,0.244309375,0.04545454545,0.06666666667
http://rishabhpandey30.github.io/Netflix_Clone,1,Batch2_20260427_OpenPhish,2026-04-27T00:42:09+00:00,https://rishabhpandey30.github.io/Netflix_Clone/,200,,public_dns,11,45,0.2090909091,0.3125,0.0875,0.2,0,0.04347826087,0.8164983201,0,0.1,0.2083333333,0,0.4,1,0,0,0,0,0.06111111111,0.1730769231,1,0,0.8,0,0,0,0,0,0,0,0,0,0.2380952381,0,0,0.0571546875,0.07020736871,0,0.044871875,0.1106284375,0.247546875,0.06532220052,0.21175,0.02222222222,0.1
https://thaibshohan11-max.github.io/Facebook-/,1,Batch2_20260427_OpenPhish,2026-04-27T00:41:46+00:00,https://thaibshohan11-max.github.io/Facebook-/,200,,urlopen,18,20,0.2090909091,0.3375,0.06875,0.2,0.1666666667,0.04347826087,0.7627052747,1,0.1,0.2083333333,0,0.4,1,0,0,0,0,0.1,0.07692307692,0,0,0,0.25,0,0.1666666667,0.1666666667,0.2541666667,0,0,0,0,1,0,1,0.09552573529,0.09935336325,0.05191911765,0.09669240196,0.05191911765,0.2655882353,0.09620544983,0.2136691176,0.15,0.03333333333
https://mayank314mk.github.io/Netflix-UI-Clone,1,Batch2_20260427_OpenPhish,2026-04-27T00:41:46+00:00,https://mayank314mk.github.io/Netflix-UI-Clone/,200,,urlopen,7,26,0.2090909091,0.2625,0.10625,0.2,0.1666666667,0.0652173913,0.8560240118,1,0.1,0.25,0,0.3333333333,1,0,0,0,0,0.03888888889,0.1,0,0,0,0,0,0,0,0,0,0,0,0,1,0,1,0.0535425,0.07488951327,0,0.044585,0.042755,0.24726,0.05614966667,0.21175,0.03846153846,0.03333333333
https://metamaskchromeextensionn.blogspot.com/,1,Batch2_20260427_OpenPhish,2026-04-27T00:41:47+00:00,https://metamaskchromeextensionn.blogspot.com/,200,,urlopen,15,34,0.2090909091,0.4625,0.00625,0.2,0,0,0.7405327827,1,0,0.125,0,0,1,0,0,0,0,0.08333333333,0.1307692308,0.5,0.5,1,0.125,0,0,0,0.04375,0,0,0,0.2,0,0,0.07692307692,0.1292625,0.1440878289,0.05433125,0.0677375,0.293325,0.29529375,0.16591875,0.2409625,0,0.1666666667
http://www.amazon-clone-swart-kappa.vercel.app/,1,Batch2_20260427_OpenPhish,2026-04-27T00:41:47+00:00,http://www.amazon-clone-swart-kappa.vercel.app/,200,,public_dns,3,2,0.2136363636,0.4875,0.00625,0.3,0.25,0,0.7434113077,0,0,0.2916666667,0,0,1,0,0,0,0,0.01666666667,0.007692307692,0,0,1,0,0,0,0,0,0,0,0,1,0,0,0,0.250425,0.31605,0,0,0.31605,0.31605,0.31605,0,0,0.03333333333
http://www.netflix-clone-khaki-seven.vercel.app/,1,Batch2_20260427_OpenPhish,2026-04-27T00:42:08+00:00,http://www.netflix-clone-khaki-seven.vercel.app/,200,,public_dns,4,3,0.2181818182,0.5,0.00625,0.3,0.25,0,0.7671565341,0,0,0.2916666667,0,0.1428571429,1,0,0,0,0,0.02222222222,0.01153846154,0,0,1,0,0,0,0,0,0,0,0,1,0,1,0,0.3108375,0.3408441964,0,0,0.33275625,0.3453375,0.339046875,0.01258125,0.3333333333,0.03333333333
https://adarshbhoutekar.github.io/netflix-clone/,1,Batch2_20260427_OpenPhish,2026-04-27T00:42:09+00:00,https://adarshbhoutekar.github.io/netflix-clone/,200,,public_dns,7,6,0.2181818182,0.3125,0.09375,0.2,0.08333333333,0,0.7857917028,1,0.1,0.2083333333,0,0.4,1,0,0,0,0,0.03888888889,0.02307692308,0,0,0.5,0,0,0,0,0,0,0,0,0.5,0.5,0,0,0.133284375,0.1479471301,0,0,0.100965625,0.27901875,0.1370546875,0.220384375,0.1666666667,0.06666666667
https://harshchandankhede.github.io/netflix-clone/,1,Batch2_20260427_OpenPhish,2026-04-27T00:41:46+00:00,https://harshchandankhede.github.io/netflix-clone/,200,,urlopen,13,33,0.2272727273,0.3375,0.09375,0.2,0.08333333333,0,0.775175489,1,0.1,0.2083333333,0,0.4,1,0,0,0,0,0.07222222222,0.1269230769,0,0,0.9166666667,0.25,0,0.3333333333,0.3333333333,0.4208333333,0,0,0,0.08333333333,0.9166666667,0,1,0.1113927632,0.1144193995,0.05302565789,0.1326846491,0.1306329496,0.2678013158,0.1260817521,0.2147756579,0.06060606061,0.1
http://ww.lhvietvghy.ct.ws/check-facebookmeta-2026/,1,Batch2_20260427_OpenPhish,2026-04-27T00:41:47+00:00,https://ww.lhvietvghy.ct.ws/check-facebookmeta-2026/,200,,urlopen,9,10,0.2318181818,0.2375,0.15625,0.3,0.1666666667,0.07843137255,0.7991952833,0,0.1,0.2916666667,0,0,1,0,0,0,0,0.05,0.03846153846,0,0,0.3333333333,0.125,0,0,0,0.04375,0,0,0,0.6666666667,0.3333333333,0,0,0.06984375,0.07296494565,0.04488125,0.0488375,0.1252020833,0.28584375,0.08636041667,0.2409625,0,0.06666666667
https://rohanmore20.github.io/Project-Netflix-Clone/,1,Batch2_20260427_OpenPhish,2026-04-27T00:42:09+00:00,https://rohanmore20.github.io/Project-Netflix-Clone/,200,,public_dns,4,3,0.2363636364,0.2625,0.14375,0.2,0.1666666667,0.03846153846,0.8214647618,1,0.1,0.25,0,0.3333333333,1,0,0,0,0,0.02222222222,0.01153846154,0,0,0,0,0,0,0,0,0,0,0,0,0,0,0,0.1452,0.1436827586,0,0.0836,0,0.286275,0.1481333333,0.21175,0.3333333333,0
https://mazinlatheef06-del.github.io/netflix-website/,1,Batch2_20260427_OpenPhish,2026-04-27T00:41:47+00:00,https://mazinlatheef06-del.github.io/netflix-website/,200,,urlopen,13,25,0.2409090909,0.35,0.10625,0.2,0.1666666667,0.03773584906,0.7871040089,1,0.1,0.25,0,0.3333333333,1,0,0,0,0,0.07222222222,0.09615384615,0,0,0,0.25,0,0,0,0.0875,0,0,0,0,1,0,1,0.05362941176,0.0581129617,0.04304485294,0.04516470588,0.04304485294,0.2478397059,0.05555536332,0.21175,0.04,0.03333333333
https://dericko-droid.github.io/Netflix/Cadastro.html,1,Batch2_20260427_OpenPhish,2026-04-27T00:42:09+00:00,https://dericko-droid.github.io/Netflix/Cadastro.html,200,,public_dns,20,24,0.2409090909,0.2875,0.1375,0.3,0.08333333333,0,0.7896936745,1,0.2,0.2916666667,0,0.2857142857,1,0,0,0,0,0.1111111111,0.09230769231,1,0,0.6666666667,0,0,0,0,0,0,0,0,0.3333333333,0.1666666667,0,0,0.0705,0.07119250842,0,0.0512,0.1546041667,0.287025,0.07833333333,0.2449,0.04166666667,0.1
https://appleid0.sviluppo.host/App/00DF2H8K0DGFD000-FEGTYJ50K100000F54D1/,1,Batch2_20260427_OpenPhish,2026-04-27T00:41:48+00:00,https://appleid0.sviluppo.host/App/00DF2H8K0DGFD000-FEGTYJ50K100000F54D1/,200,,urlopen,12,16,0.3318181818,0.275,0.26875,0.2,0.08333333333,0.2739726027,0.8193787709,1,0.2,0.25,0,0,1,0,0,0,0,0.06666666667,0.06153846154,0,0,0.3333333333,0.25,0,0.1666666667,0.1666666667,0.2541666667,0,0,0,0.3333333333,1.666666667,0,0,0.08535681818,0.08883017677,0.04885454545,0.09056325758,0.1291753788,0.2898170455,0.09351043388,0.2409625,0.0625,0.06666666667
https://wallpra.net-sh.sbs/vendor/blog/introducing-the-walletconnect-foundation.html,1,Batch2_20260427_OpenPhish,2026-04-27T00:41:48+00:00,https://wallpra.net-sh.sbs/vendor/blog/introducing-the-walletconnect-foundation.html,200,,urlopen,23,103,0.3818181818,0.225,0.3625,0.3,0.3333333333,0,0.7887707144,1,0.3,0.4583333333,0,0,1,0,0,0,0,0.1277777778,0.3961538462,0.3666666667,0.6333333333,0,0.125,0,0,0,0.04375,0,0,0,0.3,0.1,0,0.03225806452,0.09535889423,0.1060411634,0.04878197115,0.05663894231,0.04878197115,0.2441569712,0.120320086,0.195375,0,0.3
https://secureportal-irs-support.pages.dev/contact-my-local-office-internationally.html/,1,Batch2_20260427_OpenPhish,2026-04-27T00:41:47+00:00,https://secureportal-irs-support.pages.dev/contact-my-local-office-internationally.html/,200,,urlopen,18,576,0.4,0.425,0.2875,0.3,0.5,0,0.7792527541,1,0.1,0.4583333333,0.09090909091,0,1,0,0,0,0,0.1,1,0.09191176471,0.9080882353,0.4615384615,0.25,1,0,0,0.0875,0,0.25,0.00350877193,0.02807017544,0.01403508772,0,0.09333333333,0.2329910035,0.3416688577,0.5351933138,0.08845346021,0.1956914482,0.5351933138,0.3460026071,0.4705040837,0.4427083333,0.2
https://www.pagoda21.com,0,Batch3_20260427_User_Normal,2026-04-27T00:59:46+00:00,https://www.pagoda21.com,200,,urlopen,3,2,0.1090909091,0.2,0,0.2,0,0.08333333333,0.7066985797,1,0,0.125,0,0,1,0,0,0,0,0.01666666667,0.007692307692,0,0,1,0,0,0,0,0,0,0,0,1,0,0,0,0.250425,0.31605,0,0,0.31605,0.31605,0.31605,0,0,0.03333333333
https://www.siwonschool.com,0,Batch3_20260427_User_Normal,2026-04-27T00:59:46+00:00,https://www.siwonschool.com,200,,urlopen,92,851,0.1227272727,0.2375,0,0.2,0,0,0.6574213809,1,0,0.125,0,0,1,0,0,0,0,0.5111111111,1,0.9103773585,0.08962264151,0.1979695431,0.25,0,0,0.03448275862,0.1219827586,0,0,0.002444987775,0.1149144254,0.3643031785,0,0.2535211268,0.05586596591,0.07817620084,0.04209840909,0.04713130094,0.08547133422,0.4328484091,0.0701725656,0.39075,0.002350176263,0.9333333333
https://www.class101.net,0,Batch3_20260427_User_Normal,2026-04-27T00:59:47+00:00,https://class101.net/en,200,,urlopen,5,42,0.1090909091,0.2,0,0.2,0,0.125,0.6801093751,1,0,0.125,0,0,1,0,0,0,0,0.02777777778,0.1615384615,0,0,0.04761904762,0,0,0,0,0,0,0,0,1,0,0,0,0.04031785714,0.05088333333,0,0,0.05088333333,0.2803714286,0.05088333333,0.2409625,0,0.06666666667
https://www.inflearn.com,0,Batch3_20260427_User_Normal,2026-04-27T00:59:46+00:00,https://www.inflearn.com,200,,urlopen,5,70,0.1090909091,0.2,0,0.2,0,0,0.73700161,1,0,0.125,0,0,1,0,0,0,0,0.02777777778,0.2692307692,1,0,0,0,0,0,0,0,0,0,0,0.6571428571,0.1428571429,0,0,0.0298125,0.037625,0,0,0.037625,0.037625,0.037625,0,0,0.03333333333
https://programmers.co.kr,0,Batch3_20260427_User_Normal,2026-04-27T00:59:46+00:00,https://programmers.co.kr,200,,urlopen,6,112,0.1136363636,0.2125,0,0.2,0,0,0.684337489,1,0,0.125,0,0,1,0,0,0,0,0.03333333333,0.4307692308,1,0,0.5,0,0,0,0,0,0,0,0,0.03571428571,0,0,0,0.03375200893,0.04529869705,0,0,0.1587752232,0.2792564732,0.042596875,0.2409625,0,0.06666666667
https://www.whois.co.kr,0,Batch3_20260427_User_Normal,2026-04-27T00:59:51+00:00,https://www.whois.co.kr/,200,,requests,52,758,0.1045454545,0.1875,0,0.3,0,0,0.6425852766,1,0,0.1666666667,0,0,1,0,0,0,0,0.2888888889,1,0.7919463087,0.2080536913,0.01694915254,0.625,0,0,0.02941176471,0.2481617647,0,0,0,0.02801120448,0.137254902,0,0.006666666667,0.059678125,0.06998918423,0.04283068182,0.0480282754,0.04691479199,0.2837931818,0.07447444617,0.2409625,0,0.2333333333
https://www.hosting.kr,0,Batch3_20260427_User_Normal,2026-04-27T00:59:47+00:00,https://www.hosting.kr,200,,urlopen,12,212,0.1,0.175,0,0.2,0,0,0.6660968645,1,0,0.125,0,0,1,0,0,0,0,0.06666666667,0.8153846154,0.9615384615,0.03846153846,0,0.25,0,0,0,0.0875,0,0,0,0.2233009709,0.2718446602,0,0.03703703704,0.03333890187,0.04134228193,0.03824953271,0.03557406542,0.03824953271,0.2336245327,0.04185139313,0.1980504673,0,0.1
https://www.cafe24.com,0,Batch3_20260427_User_Normal,2026-04-27T00:59:46+00:00,https://www.cafe24.com,200,,urlopen,3,2,0.1,0.175,0,0.2,0,0.09090909091,0.7053934554,1,0,0.125,0,0,1,0,0,0,0,0.01666666667,0.007692307692,0,0,0,0,0,0,0,0,0,0,0,1,0,0,0,0.0298125,0.037625,0,0,0.037625,0.037625,0.037625,0,0,0.03333333333
https://www.inicis.com,0,Batch3_20260427_User_Normal,2026-04-27T00:59:47+00:00,https://www.inicis.com,200,,urlopen,17,348,0.1,0.175,0,0.2,0,0,0.6495679389,1,0,0.125,0,0,1,0,0,0,0,0.09444444444,1,0.9661016949,0.03389830508,0.05357142857,0,0,0,0,0,0,0,0,0.09770114943,0.224137931,0,0.03278688525,0.03772823276,0.05094694485,0,0,0.05187788639,0.279931681,0.04761508621,0.2409625,0,0.2333333333
https://www.kcp.co.kr,0,Batch3_20260427_User_Normal,2026-04-27T00:59:47+00:00,https://www.kcp.co.kr,200,,urlopen,7,84,0.09545454545,0.1625,0,0.3,0,0,0.6296873669,1,0,0.1666666667,0,0,1,0,0,0,0,0.03888888889,0.3230769231,1,0,0.02941176471,0,0,0,0,0,0,0,0,0.2619047619,0.5952380952,0,0,0.03506517857,0.04913205239,0,0,0.04560409664,0.2794794643,0.04425416667,0.2409625,0,0.06666666667
https://www.tosspayments.com,0,Batch3_20260427_User_Normal,2026-04-27T00:59:46+00:00,https://www.tosspayments.com,200,,urlopen,7,24,0.1272727273,0.25,0,0.2,0,0,0.6743574696,1,0,0.125,0,0,1,0,0,0,0,0.03888888889,0.09230769231,0,0,0.1666666667,0,0,0,0,0,0,0,0,0.9166666667,0.08333333333,0,0,0.05465625,0.06541554204,0,0,0.06897916667,0.28280625,0.06897916667,0.2409625,0,0.1
https://www.nicepay.co.kr,0,Batch3_20260427_User_Normal,2026-04-27T00:59:47+00:00,https://www.nicepay.co.kr/home/main.do,200,,urlopen,54,187,0.1136363636,0.2125,0,0.3,0,0,0.7169936708,1,0,0.1666666667,0,0,1,0,0,0,0,0.3,0.7192307692,0.6621621622,0.3378378378,0.05263157895,0,0,0,0,0,0,0,0.01075268817,0.08602150538,0.1075268817,0,0.01333333333,0.0812956117,0.1060902629,0,0.05183909574,0.06694783735,0.4371320479,0.1025584526,0.39075,0.01069518717,0.8333333333
https://www.mobilians.co.kr,0,Batch3_20260427_User_Normal,2026-04-27T00:59:46+00:00,https://www.mobilians.co.kr,200,,urlopen,15,20,0.1227272727,0.2375,0,0.3,0,0,0.7331460441,1,0,0.1666666667,0,0,1,0,0,0,0,0.08333333333,0.07692307692,0.4,0.6,0,0,0,0,0,0,0,0,0,0,0,0,0,0.1371375,0.173075,0,0,0,0.251225,0.173075,0.195375,0,0.2333333333
https://www.danal.co.kr,0,Batch3_20260427_User_Normal,2026-04-27T00:59:46+00:00,https://www.danal.co.kr,200,,urlopen,21,201,0.1045454545,0.1875,0,0.3,0,0,0.6998588932,1,0,0.1666666667,0,0,1,0,0,0,0,0.1166666667,0.7730769231,0.9220779221,0.07792207792,0.04347826087,0,0,0,0,0,0,0,0.01,0.08,0.14,0,0,0.04271992574,0.05499798951,0,0.03873589109,0.05030707598,0.2807929455,0.05381181134,0.2420570545,0,0.2666666667
https://www.kicc.co.kr,0,Batch3_20260427_User_Normal,2026-04-27T00:59:47+00:00,https://www.kicc.co.kr,200,,urlopen,3,2,0.1,0.175,0,0.3,0,0,0.6433291992,1,0,0.1666666667,0,0,1,0,0,0,0,0.01666666667,0.007692307692,0,0,0,0,0,0,0,0,0,0,0,1,0,0,0,0.0298125,0.037625,0,0,0.037625,0.037625,0.037625,0,0,0.03333333333
https://www.kakaopaysec.com,0,Batch3_20260427_User_Normal,2026-04-27T00:59:47+00:00,https://www.kakaopaysec.com,200,,urlopen,8,128,0.1227272727,0.2375,0,0.2,0,0,0.6927420037,1,0,0.125,0,0,1,0,0,0,0,0.04444444444,0.4923076923,1,0,0.09523809524,0,0,0,0,0,0,0,0.015625,0.078125,0.234375,0,0.04444444444,0.03921328125,0.06302344599,0,0,0.07195183222,0.4182658203,0.04991953125,0.37910625,0.0234375,0.06666666667
https://www.tossinvest.com,0,Batch3_20260427_User_Normal,2026-04-27T00:59:47+00:00,https://www.tossinvest.com,200,,urlopen,18,110,0.1181818182,0.225,0,0.2,0,0,0.6675282879,1,0,0.125,0,0,1,0,0,0,0,0.1,0.4230769231,0.8888888889,0.1111111111,0.1176470588,0,0,0,0,0,0,0,0.01923076923,0.5769230769,0.05769230769,0,0,0.04717047414,0.05656589096,0,0.04050474138,0.05967773834,0.4314648707,0.05854636593,0.3909601293,0.01818181818,0.1666666667
https://www.upbit.com,0,Batch3_20260427_User_Normal,2026-04-27T00:59:46+00:00,https://www.upbit.com,200,,urlopen,5,6,0.09545454545,0.1625,0,0.2,0,0,0.6643194015,1,0,0.125,0,0,1,0,0,0,0,0.02777777778,0.02307692308,0,0,0.3333333333,0,0,0,0,0,0,0,0,0.6666666667,0.3333333333,0,0,0.05565,0.05305543478,0,0,0.07023333333,0.126675,0.07023333333,0.0846625,0,0.06666666667
https://coinone.co.kr,0,Batch3_20260427_User_Normal,2026-04-27T00:59:47+00:00,https://coinone.co.kr,200,,urlopen,13,238,0.09545454545,0.1625,0,0.2,0,0,0.670855224,1,0,0.125,0,0,1,0,0,0,0,0.07222222222,0.9153846154,0.9056603774,0.09433962264,0,0,0,0,0,0,0,0,0,0.3050847458,0.2457627119,0,0,0.03742875,0.04607841316,0,0.0369575,0.03894125,0.23431625,0.0470488125,0.19735875,0,0.1333333333
https://www.kakaogames.com,0,Batch3_20260427_User_Normal,2026-04-27T00:59:47+00:00,https://kakaogames.com:443/,200,,urlopen,3,4,0.1181818182,0.225,0,0.2,0,0,0.6902213823,1,0,0.125,0,0,1,0,0,0,0,0.01666666667,0.01538461538,0,0,0,0,0,0,0,0,0,0,0,1,0,0,0,0.0298125,0.037625,0,0,0.037625,0.037625,0.037625,0,0,0.03333333333
https://www.nexon.com,0,Batch3_20260427_User_Normal,2026-04-27T00:59:48+00:00,https://www.nexon.com/Home/Game,200,,urlopen,18,102,0.09545454545,0.1625,0,0.2,0,0,0.670855224,1,0,0.125,0,0,1,0,0,0,0,0.1,0.3923076923,0.8857142857,0.1142857143,0,0,0,0,0,0,0,0,0,0.2708333333,0,0,0.3,0.04415,0.04994756356,0,0.0395,0.0402125,0.2355875,0.05460555556,0.1960875,0,0.1666666667
https://www.nexon.co.kr,0,Batch3_20260427_User_Normal,2026-04-27T00:59:49+00:00,https://www.nexon.com:443/Home/Game,200,,urlopen,18,102,0.1045454545,0.1875,0,0.3,0,0,0.6840486165,1,0,0.1666666667,0,0,1,0,0,1,0.2,0.1,0.3923076923,0.8857142857,0.1142857143,0,0,0,0,0,0,0,0,0,0.2708333333,0,0,0.3,0.04415,0.04994756356,0,0.0395,0.0402125,0.2355875,0.05460555556,0.1960875,0,0.1666666667
https://www.pmang.com,0,Batch3_20260427_User_Normal,2026-04-27T00:59:47+00:00,https://www.pmang.com/index,200,,urlopen,22,345,0.09545454545,0.1625,0,0.2,0,0,0.670855224,1,0,0.125,0,0,1,0,0,0,0,0.1222222222,1,0.9029126214,0.09708737864,0.04545454545,0.125,0,0,0,0.04375,0,0,0.005917159763,0.05325443787,0.3313609467,0,0.2313432836,0.04501221429,0.06248086337,0.04022278571,0.03952057143,0.0543076342,0.4193290357,0.05667900816,0.3798084643,0.008695652174,0.2
https://www.hangame.com,0,Batch3_20260427_User_Normal,2026-04-27T00:59:48+00:00,https://www.hangame.com,200,,urlopen,65,453,0.1045454545,0.1875,0,0.2,0,0,0.6900161066,1,0,0.125,0,0,1,0,0,0,0,0.3611111111,1,0.5637583893,0.4362416107,0.828125,0,0,0,0,0,0,0,0,0.07511737089,0.2253521127,0,0.1857923497,0.1051148438,0.1146378747,0,0.0582875,0.1765469619,0.29056875,0.1392785677,0.2409625,0,0.5333333333
https://www.nc.com,0,Batch3_20260427_User_Normal,2026-04-27T00:59:48+00:00,https://www.nc.com,200,,urlopen,7,6,0.08181818182,0.125,0,0.2,0,0,0.6293309346,1,0,0.125,0,0,1,0,0,0,0,0.03888888889,0.02307692308,0,0,0.6666666667,0,0,0,0,0,0,0,0,1,0,0,0,0.1768875,0.2232416667,0,0,0.2232416667,0.3035625,0.2232416667,0.2409625,0,0.1
https://www.plaync.com,0,Batch3_20260427_User_Normal,2026-04-27T00:59:48+00:00,https://www.nc.com/,200,,urlopen,7,6,0.1,0.175,0,0.2,0,0,0.6888645298,1,0,0.125,0,0,1,0,0,1,0.2,0.03888888889,0.02307692308,0,0,0.6666666667,0,0,0,0,0,0,0,0,1,0,0,0,0.1768875,0.2232416667,0,0,0.2232416667,0.3035625,0.2232416667,0.2409625,0,0.1
https://www.line.games,0,Batch3_20260427_User_Normal,2026-04-27T00:59:47+00:00,https://www.line.games,200,,urlopen,16,118,0.1,0.175,0,0.2,0,0,0.6888645298,1,0,0.125,0,0,1,0,0,0,0,0.08888888889,0.4538461538,0.7307692308,0.2692307692,0.03333333333,0.25,0,0,0,0.0875,0,0,0.01785714286,0.08928571429,0.4285714286,0,0,0.05697,0.07878567829,0.0422825,0.04364,0.0553075,0.4330325,0.071634,0.39075,0.01694915254,0.1666666667
https://www.smilegate.com,0,Batch3_20260427_User_Normal,2026-04-27T00:59:47+00:00,https://www.smilegate.com/ko/,200,,urlopen,24,303,0.1136363636,0.2125,0,0.2,0,0,0.7024482163,1,0,0.125,0,0,1,0,0,0,0,0.1333333333,1,0.8860759494,0.1139240506,0.01388888889,0,0,0,0,0,0,0,0,0.05960264901,0.417218543,0,0.03658536585,0.04191957237,0.05637732746,0,0.03845493421,0.04303666849,0.2806524671,0.05283537807,0.2421975329,0,0.3333333333
https://www.neowiz.com,0,Batch3_20260427_User_Normal,2026-04-27T00:59:48+00:00,https://www.neowiz.com/kr,200,,urlopen,43,324,0.1,0.175,0,0.2,0,0,0.6785743439,1,0,0.125,0,0,1,0,0,0,0,0.2388888889,1,0.7064220183,0.2935779817,0.1509433962,0,0,0,0,0,0,0,0,0.08024691358,0.2469135802,0,0,0.07604027778,0.1082946903,0,0,0.08184669811,0.2864375,0.09596697531,0.2409625,0,0.6666666667
https://www.pearlabyss.com,0,Batch3_20260427_User_Normal,2026-04-27T00:59:47+00:00,https://www.pearlabyss.com/ko-KR,200,,urlopen,23,220,0.1181818182,0.225,0,0.2,0,0,0.7181934103,1,0,0.125,0,0,1,0,0,0,0,0.1277777778,0.8461538462,0.9012345679,0.0987654321,0.9285714286,0,0,0,0,0,0,0,0.009174311927,0.1467889908,0.1009174312,0,0.06896551724,0.08401824324,0.1181571979,0,0.05196621622,0.2374781974,0.4371956081,0.1088145605,0.39075,0.009090909091,0.3
https://www.com2us.com,0,Batch3_20260427_User_Normal,2026-04-27T00:59:48+00:00,https://www.com2us.com/ko,200,,urlopen,11,120,0.1,0.175,0,0.2,0,0.04545454545,0.6558066786,1,0,0.125,0,0,1,0,0,0,0,0.06111111111,0.4615384615,0.12,0.88,0.02857142857,0,0,0,0,0,0,0,0.01666666667,0.3666666667,0.2,0,0.1935483871,0.1013625,0.1249549287,0,0,0.06093928571,0.440525,0.127925,0.39075,0.01666666667,0.1333333333
https://www.devsisters.com,0,Batch3_20260427_User_Normal,2026-04-27T00:59:47+00:00,https://www.devsisters.com,200,,urlopen,35,798,0.1181818182,0.225,0,0.2,0,0,0.6902213823,1,0,0.125,0,0,1,0,0,0,0,0.1944444444,1,0.8932384342,0.1067615658,0.008474576271,0,0,0,0,0,0,0,0,0.04010025063,0.2556390977,0,0.007067137809,0.04381466165,0.05746421488,0,0,0.04204478065,0.2809652256,0.05529649123,0.2409625,0,0.5333333333
https://www.wemade.com,0,Batch3_20260427_User_Normal,2026-04-27T00:59:48+00:00,https://www.wemade.com,200,,urlopen,18,126,0.1,0.175,0,0.2,0,0,0.6620454183,1,0,0.125,0,0,1,0,0,0,0,0.1,0.4846153846,0.8214285714,0.1785714286,0,0,0,0,0,0,0,0,0,0.5409836066,0,0,0.1515151515,0.04417442308,0.05003398136,0,0.03937192308,0.04014846154,0.2355234615,0.05512952071,0.1961515385,0,0.2
https://www.sktelecom.com,0,Batch3_20260427_User_Normal,2026-04-27T00:59:47+00:00,https://www.sktelecom.com,200,,urlopen,16,118,0.1136363636,0.2125,0,0.2,0,0,0.6733573072,1,0,0.125,0,0,1,0,0,0,0,0.08888888889,0.4538461538,0.5555555556,0.4444444444,0.0625,0,0,0,0,0,0,0,0.01694915254,0.2203389831,0.3050847458,0,0.1,0.07639131356,0.1087609539,0,0,0.06698750662,0.4245738347,0.09687669492,0.37910625,0.02542372881,0.2
https://www.kt.com,0,Batch3_20260427_User_Normal,2026-04-27T00:59:47+00:00,https://www.kt.com,200,,urlopen,4,32,0.08181818182,0.125,0,0.2,0,0,0.6217058083,1,0,0.125,0,0,1,0,0,0,0,0.02222222222,0.1230769231,0,0,0,0,0,0,0,0,0,0,0,0.25,0.75,0,1,0.0298125,0.037625,0,0,0.037625,0.037625,0.037625,0,0,0.03333333333
https://www.lguplus.com,0,Batch3_20260427_User_Normal,2026-04-27T00:59:48+00:00,https://www.lguplus.com,200,,urlopen,40,121,0.1045454545,0.1875,0,0.2,0,0,0.6742058299,1,0,0.125,0,0,1,0,0,0,0,0.2222222222,0.4653846154,0.4615384615,0.5384615385,0.04761904762,0,0,0,0,0,0,0,0,0.1666666667,0.2666666667,0,0.8177570093,0.09516946721,0.1186660426,0,0.05656680328,0.0602203064,0.2897084016,0.120084564,0.2409625,0,0.6
https://www.uplus.co.kr,0,Batch3_20260427_User_Normal,2026-04-27T00:59:47+00:00,https://www.lguplus.com/,200,,urlopen,40,121,0.1045454545,0.1875,0,0.3,0,0,0.6682383398,1,0,0.1666666667,0,0,1,0,0,1,0.2,0.2222222222,0.4653846154,0.4615384615,0.5384615385,0.04761904762,0,0,0,0,0,0,0,0,0.1666666667,0.2666666667,0,0.8177570093,0.09516946721,0.1186660426,0,0.05656680328,0.0602203064,0.2897084016,0.120084564,0.2409625,0,0.6
https://www.skbroadband.com,0,Batch3_20260427_User_Normal,2026-04-27T00:59:47+00:00,https://www.skbroadband.com/main.do,200,,urlopen,33,122,0.1227272727,0.2375,0,0.2,0,0,0.7247614482,1,0,0.125,0,0,1,0,0,0,0,0.1833333333,0.4692307692,0.5609756098,0.4390243902,0.1052631579,0,0,0,0,0,0,0,0.01666666667,0.1833333333,0.1166666667,0,0.1276595745,0.09138810484,0.1162178104,0,0.05532620968,0.08137363115,0.4388756048,0.1152685679,0.39075,0.01639344262,0.4666666667
https://www.samsung.com/sec/,0,Batch3_20260427_User_Normal,2026-04-27T00:59:48+00:00,https://www.samsung.com/sec/,200,,urlopen,73,451,0.1272727273,0.1875,0.03125,0.2,0,0,0.6873444826,1,0.1,0.1666666667,0,0,1,0,0,0,0,0.4055555556,1,0.8157894737,0.1842105263,0.0306122449,0.125,0,0,0.04,0.08375,0,0,0,0.1698113208,0.2924528302,0,0.40625,0.05017405462,0.06036149814,0.04125383403,0.04605966807,0.04863023709,0.282216334,0.06203496156,0.2409625,0,0.7333333333
https://www.lge.co.kr,0,Batch3_20260427_User_Normal,2026-04-27T00:59:48+00:00,https://www.lge.co.kr/home,200,,urlopen,5,734,0.09545454545,0.1625,0,0.3,0,0,0.6816354188,1,0,0.1666666667,0,0,1,0,0,0,0,0.02777777778,1,1,0,0,0,0,0,0,0,0,0,0,0.05994550409,0.1553133515,0,0.04,0.0298125,0.037625,0,0,0.037625,0.037625,0.037625,0,0,0.03333333333
https://www.lgdisplay.com,0,Batch3_20260427_User_Normal,2026-04-27T00:59:48+00:00,https://www.lgdisplay.com/kor;jsessionid=19351508E4D3749EE5B23D71B3C6B40A,200,,urlopen,14,473,0.1136363636,0.2125,0,0.2,0,0,0.7224837618,1,0,0.125,0,0,1,0,0,0,0,0.07777777778,1,0.9833333333,0.01666666667,0.01785714286,0,0,0,0,0,0,0,0.004237288136,0.0593220339,0.1737288136,0,0.2173913043,0.03362753165,0.04503210305,0,0.03563227848,0.04525631781,0.4290286392,0.0423893086,0.3933963608,0.00422832981,0.1666666667
https://www.skhynix.com,0,Batch3_20260427_User_Normal,2026-04-27T00:59:47+00:00,https://www.skhynix.com,200,,urlopen,20,155,0.1045454545,0.1875,0,0.2,0,0,0.7058263833,1,0,0.125,0,0,1,0,0,0,0,0.1111111111,0.5961538462,0.7272727273,0.2727272727,0.1818181818,0,0,0,0,0,0,0,0,0.1038961039,0.03896103896,0,0.12,0.07320432692,0.08780862824,0,0.04909711538,0.06040423951,0.2403860577,0.09232081484,0.195375,0,0.2666666667
https://www.genesis.com,0,Batch3_20260427_User_Normal,2026-04-27T00:59:48+00:00,https://www.genesis.com/kr/ko/main.html,200,,urlopen,11,712,0.1045454545,0.1875,0,0.2,0,0,0.6840486165,1,0,0.125,0,0,1,0,0,0,0,0.06111111111,1,1,0,0.03225806452,0,0,0,0,0,0,0,0.002816901408,0.008450704225,0.1633802817,0,0.006779661017,0.03148739496,0.04194410273,0,0.0349092437,0.04810603314,0.4286671218,0.03966977379,0.3937578782,0.002808988764,0.1
https://www.renault.co.kr,0,Batch3_20260427_User_Normal,2026-04-27T00:59:48+00:00,https://www.renault.co.kr:443/ko/main/main.jsp,200,,urlopen,32,300,0.1136363636,0.2125,0,0.3,0,0,0.7115035799,1,0,0.1666666667,0,0,1,0,0,0,0,0.1777777778,1,0.9213483146,0.07865168539,0.1403508772,0.25,0.5,0,0,0.0875,0,0.125,0.03424657534,0.1643835616,0.1917808219,0,0.1188118812,0.05794786184,0.09675795547,0.2902181743,0.04382384868,0.08927080592,0.5380619243,0.0733753138,0.4956875,0.04333333333,0.3666666667
https://www.chevrolet.co.kr,0,Batch3_20260427_User_Normal,2026-04-27T00:59:47+00:00,https://www.chevrolet.co.kr,200,,urlopen,19,518,0.1227272727,0.2375,0,0.3,0,0,0.6876585862,1,0,0.1666666667,0,0,1,0,0,0,0,0.1055555556,1,0.9585492228,0.0414507772,0.01515151515,0,0,0,0,0,0,0,0,0.03474903475,0.2200772201,0,0,0.03618938224,0.04701486116,0,0,0.04235881377,0.2796703668,0.04567297297,0.2409625,0,0.2666666667
https://www.toyota.co.kr,0,Batch3_20260427_User_Normal,2026-04-27T00:59:47+00:00,https://www.toyota.co.kr,200,,urlopen,15,88,0.1090909091,0.2,0,0.3,0,0,0.6498063448,1,0,0.1666666667,0,0,1,0,0,0,0,0.08333333333,0.3384615385,0,0,0.1818181818,0,0,0,0,0,0,0,0.02272727273,0.1136363636,0.8636363636,0,0,0.06381306818,0.1370112859,0,0,0.08116136364,0.4224150568,0.08116136364,0.37910625,0.03409090909,0.2
https://www.lexus.co.kr,0,Batch3_20260427_User_Normal,2026-04-27T00:59:47+00:00,https://www.lexus.co.kr,200,,urlopen,5,6,0.1045454545,0.1875,0,0.3,0,0,0.6998588932,1,0,0.1666666667,0,0,1,0,0,0,0,0.02777777778,0.02307692308,0,0,0.3333333333,0,0,0,0,0,0,0,0,1,0,0,0,0.10335,0.1304333333,0,0,0.1304333333,0.291075,0.1304333333,0.2409625,0,0.06666666667
https://www.hondakorea.co.kr,0,Batch3_20260427_User_Normal,2026-04-27T00:59:48+00:00,https://www.hondakorea.co.kr,200,,urlopen,7,26,0.1272727273,0.25,0,0.3,0,0,0.7035147747,1,0,0.1666666667,0,0,1,0,0,0,0,0.03888888889,0.1,0.5,0.5,0,0,0,0,0,0,0,0,0,0.07692307692,0.3076923077,0,0,0.08485096154,0.1139568681,0,0,0.04697115385,0.2423461538,0.1070865385,0.195375,0,0.06666666667
https://www.polestar.com/kr/,0,Batch3_20260427_User_Normal,2026-04-27T00:59:48+00:00,https://www.polestar.com/kr/,200,,urlopen,18,244,0.1272727273,0.2,0.025,0.2,0,0,0.6954296287,1,0.1,0.1666666667,0,0,1,0,0,0,0,0.1,0.9384615385,0.9230769231,0.07692307692,0.03225806452,0,0,0,0,0,0,0,0,0.008196721311,0.2459016393,0,0.02150537634,0.04188411885,0.05610736658,0,0,0.04744788141,0.2806373975,0.05286004098,0.2409625,0,0.2666666667
https://www.socar.kr/,0,naver_search:수원 렌트카,2026-05-21T09:10:50+00:00,https://www.socar.kr/,200,,urlopen,21,240,0.09545454545,0.15,0.00625,0.2,0,0,0.6470033842,1,0,0.125,0,0,1,0,0,0,0,0.1166666667,0.9230769231,0.7945205479,0.2054794521,0,0,0,0,0,0,0,0,0,0.2416666667,0.15,0,0.01351351351,0.052171875,0.06390748881,0,0,0.041421875,0.236796875,0.06584375,0.195375,0,0.3
http://www.easybank-landing-page-rabwinter.vercel.app/,1,Batch3_20260427_OpenPhish,2026-04-27T00:59:48+00:00,http://www.easybank-landing-page-rabwinter.vercel.app/,200,,urlopen,3,2,0.2454545455,0.575,0.00625,0.3,0.25,0,0.7672393001,0,0,0.2916666667,0,0,1,0,0,0,0,0.01666666667,0.007692307692,0,0,1,0,0,0,0,0,0,0,0,1,0,0,0,0.250425,0.31605,0,0,0.31605,0.31605,0.31605,0,0,0.03333333333
https://share.google,1,Batch3_20260427_Phishunt,2026-04-27T00:59:48+00:00,https://share.google,200,,urlopen,5,9,0.09090909091,0.15,0,0.1,0,0,0.6585323809,1,0,0.08333333333,0,0.5,1,0,0,0,0,0.02777777778,0.03461538462,0,1,1,0,0,0,0,0,0,0,0,0,0.25,0,0,0.15507,0.1613265865,0,0,0.198129375,0.249554375,0.2027515,0.182589375,0,0.03333333333
https://amazonvtc.com,1,Batch3_20260427_Phishunt,2026-04-27T00:59:49+00:00,https://amazonvtc.com,200,,urlopen,5,6,0.09545454545,0.1625,0,0.1,0,0,0.670855224,1,0,0.08333333333,0,0,1,0,0,0,0,0.02777777778,0.02307692308,0,0,0.3333333333,0,0,0,0,0,0,0,0,1,0,0,0,0.10335,0.1304333333,0,0,0.1304333333,0.291075,0.1304333333,0.2409625,0,0.06666666667
https://amazon1122.com,1,Batch3_20260427_Phishunt,2026-04-27T00:59:48+00:00,https://amazon1122.com,200,,urlopen,3,6,0.1,0.175,0,0.1,0,0.1818181818,0.6951032695,1,0,0.08333333333,0,0,1,0,0,0,0,0.01666666667,0.02307692308,0,0,0,0,0,0,0,0,0,0,0,1,0,0,0,0.0298125,0.037625,0,0,0.037625,0.037625,0.037625,0,0,0.03333333333
https://netflixbot.top,1,Batch3_20260427_Phishunt,2026-04-27T00:59:48+00:00,https://netflixbot.top,200,,urlopen,6,6,0.1,0.175,0,0.1,0,0,0.66527153,1,0,0.08333333333,0,0,1,0,0,0,0,0.03333333333,0.02307692308,1,0,0.5,0,0,0,0,0,0,0,0,0.6666666667,0,0,0,0.10335,0.1427903846,0,0,0.17059375,0.291075,0.1304333333,0.2409625,0,0.06666666667
https://metamaskuks.vip,1,Batch3_20260427_Phishunt,2026-04-27T00:59:49+00:00,https://metamaskuks.vip,200,,urlopen,7,8,0.1045454545,0.1875,0,0.1,0,0,0.6682383398,1,0,0.08333333333,0,0,1,0,0,0,0,0.03888888889,0.03076923077,0,0,0.5,0,0,0,0,0,0,0,0,1,0,0,0,0.14011875,0.1768375,0,0,0.1768375,0.29731875,0.1768375,0.2409625,0,0.1
https://google-ji.com.cn,1,Batch3_20260427_Phishunt,2026-04-27T00:59:49+00:00,https://google-ji.com.cn,200,,urlopen,12,63,0.1090909091,0.2,0,0.2,0.08333333333,0,0.7218500948,1,0,0.1666666667,0,0.25,1,0,0,0,0,0.06666666667,0.2423076923,0.8823529412,0.1176470588,0.1428571429,0,0,0,0,0,0,0,0,0.1935483871,0.2580645161,1,0.2272727273,0.06545039063,0.09735755208,0,0,0.07850290179,0.2850421875,0.07778295898,0.2409625,0.01587301587,0.1333333333
https://jx-instagram.com,1,Batch3_20260427_Phishunt,2026-04-27T00:59:49+00:00,https://jx-instagram.com,200,,urlopen,10,237,0.1090909091,0.2,0,0.1,0.08333333333,0,0.73700161,1,0,0.125,0,0.3333333333,1,0,0,0,0,0.05555555556,0.9115384615,0.8266666667,0.1733333333,0,0,0,0,0,0,0,0,0,0.09322033898,0.2711864407,1,0,0.05222268908,0.06957810825,0,0,0.04153886555,0.2448277311,0.06459066274,0.2032888655,0.004219409283,0.1
https://google-og.com.cn,1,Batch3_20260427_Phishunt,2026-04-27T00:59:49+00:00,https://google-og.com.cn,200,,urlopen,10,93,0.1090909091,0.2,0,0.2,0.08333333333,0,0.6763955494,1,0,0.1666666667,0,0.25,1,0,0,0,0,0.05555555556,0.3576923077,1,0,0.09090909091,0,0,0,0,0,0,0,0,0.1304347826,0.347826087,1,0.1724137931,0.04646489362,0.07207467691,0,0,0.06263280948,0.2816896277,0.05528887506,0.2409625,0.01075268817,0.1
https://qqo-google.com.cn,1,Batch3_20260427_Phishunt,2026-04-27T00:59:48+00:00,https://qqo-google.com.cn,200,,urlopen,11,23,0.1136363636,0.2125,0,0.2,0.08333333333,0,0.6988829436,1,0,0.1666666667,0,0.25,1,0,0,0,0,0.06111111111,0.08846153846,0.75,0.25,0.6666666667,0,0,0,0,0,0,0,0,0.2727272727,0,1,0,0.124846875,0.1700700521,0,0,0.2154791667,0.2958,0.145609375,0.2409625,0.04347826087,0.1333333333
https://amazonbookawards.com,1,Batch3_20260427_Phishunt,2026-04-27T00:59:49+00:00,https://amazonbookawards.com,200,,urlopen,13,177,0.1272727273,0.25,0,0.1,0,0,0.7182203754,1,0,0.08333333333,0,0,1,0,0,0,0,0.07222222222,0.6807692308,0.6666666667,0.3333333333,0.01470588235,0.125,0,0,0,0.04375,0,0,0,0.09302325581,0.6976744186,0,0.05263157895,0.044515,0.06063183551,0.0401675,0.03941,0.04371106618,0.28113,0.05584461111,0.24172,0,0.1
https://netflix.2ndstage.app,1,Batch3_20260427_Phishunt,2026-04-27T00:59:49+00:00,https://netflix.2ndstage.app,200,,urlopen,6,7,0.1272727273,0.25,0,0.2,0,0.03571428571,0.7133185085,1,0,0.125,0,0.3333333333,1,0,0,0,0,0.03333333333,0.02692307692,0,0,0.6666666667,0,0,0,0,0,0,0,0,1,0,1,0,0.225478125,0.2629104167,0,0,0.2347166667,0.3150375,0.2535125,0.2409625,0.1428571429,0.06666666667
https://googlechromeindir.com,1,Batch3_20260427_Phishunt,2026-04-27T00:59:50+00:00,https://www.googlechromeindir.com/,200,,urlopen,64,705,0.1318181818,0.2625,0,0.1,0,0,0.7202598675,1,0,0.08333333333,0,0,1,0,0,0,0,0.3555555556,1,0.02675585284,0.9732441472,0.9795918367,0.25,0,0,0,0.0875,0,0,0,0.04022988506,0.1005747126,0,0.003333333333,0.193795669,0.2415294696,0.06523630282,0.08954760563,0.2167976604,0.3061988028,0.2465623775,0.2409625,0,0.9
https://paypal.loanapproval.in,1,Batch3_20260427_Phishunt,2026-04-27T00:59:49+00:00,https://paypal.loanapproval.in,200,,urlopen,11,103,0.1363636364,0.275,0,0.2,0,0,0.662015451,1,0,0.125,0,0.3333333333,1,0,0,0,0,0.06111111111,0.3961538462,1,0,0.1428571429,0.25,0,0,0,0.0875,0.0875,0,0,0.1875,0.3958333333,1,0.1304347826,0.0532740566,0.07712156245,0.04190424528,0.04288349057,0.07632745957,0.2828667453,0.06396957992,0.2409625,0.009708737864,0.06666666667
http://larco.paypal-merchant.ru,1,Batch3_20260427_Phishunt,2026-04-27T00:59:49+00:00,https://www.paypal-merchant.com/micrositeportal/,200,,urlopen,9,46,0.1409090909,0.3,0,0.2,0.08333333333,0,0.7115274083,0,0,0.1666666667,0,0.25,1,0,0,1,0.2,0.05,0.1769230769,0.1111111111,0.8888888889,0,0.125,0,0,0,0.04375,0.04375,0,0,0.5714285714,0,1,0,0.104071875,0.1069900954,0.0508296875,0.060734375,0.0508296875,0.263409375,0.1252248698,0.2125796875,0.02173913043,0.06666666667
https://instagram-fe.vercel.app,1,Batch3_20260427_Phishunt,2026-04-27T00:59:48+00:00,https://instagram-fe.vercel.app,200,,urlopen,4,5,0.1409090909,0.2875,0,0.2,0.08333333333,0,0.7422905315,1,0,0.1666666667,0,0.25,1,0,0,0,0,0.02222222222,0.01923076923,0,0,0,0,0,0,0,0,0,0,0,1,0,1,0,0.143625,0.1668815789,0,0,0.06125,0.28425,0.1355833333,0.223,0.2,0.03333333333
https://netflix-viewer.pages.dev,1,Batch3_20260427_Phishunt,2026-04-27T00:59:48+00:00,https://netflix-viewer.pages.dev,200,,urlopen,11,10,0.1454545455,0.3,0,0.2,0.08333333333,0,0.7479288183,1,0,0.1666666667,0,0.25,1,0,0,0,0,0.06111111111,0.03846153846,0,0,1,0,0,0,0,0,0,0,0,1,0,1,0,0.099875,0.09579958791,0,0.063125,0.2929875,0.2929875,0.1111847222,0.2298625,0.1,0.03333333333
https://facebookpostscheduler.com,1,Batch3_20260427_Phishunt,2026-04-27T00:59:48+00:00,https://facebookpostscheduler.com,200,,urlopen,29,51,0.15,0.3125,0,0.1,0,0,0.7352366718,1,0,0.08333333333,0,0,1,0,0,0,0,0.1611111111,0.1961538462,0.1428571429,0.8571428571,0.4545454545,0.25,0,0.1818181818,0.2727272727,0.3602272727,0,0,0,0.3333333333,0.2777777778,0,0.6956521739,0.1307939516,0.1397312042,0.05620927419,0.1185185484,0.1657376833,0.2971717742,0.1549984521,0.2409625,0.03921568627,0.2333333333
http://instagram-ui-one.vercel.app,1,Batch3_20260427_Phishunt,2026-04-27T00:59:48+00:00,http://instagram-ui-one.vercel.app,200,,urlopen,4,3,0.1545454545,0.3375,0,0.2,0.1666666667,0,0.7591132973,0,0,0.2083333333,0,0.2,1,0,0,0,0,0.02222222222,0.01153846154,0,0,1,0,0,0,0,0,0,0,0,1,0,1,0,0.3108375,0.3408441964,0,0,0.33275625,0.3453375,0.339046875,0.01258125,0.3333333333,0.03333333333
https://instagram-ui-one.vercel.app,1,Batch3_20260427_Phishunt,2026-04-27T00:59:48+00:00,https://instagram-ui-one.vercel.app,200,,urlopen,4,3,0.1590909091,0.3375,0,0.2,0.1666666667,0,0.7610667823,1,0,0.2083333333,0,0.2,1,0,0,0,0,0.02222222222,0.01153846154,0,0,0,0,0,0,0,0,0,0,0,1,0,1,0,0.20053125,0.2240133929,0,0,0.0730625,0.307875,0.19046875,0.2348125,0.3333333333,0.03333333333
http://netflix-five-wine.vercel.app,1,Batch3_20260427_Phishunt,2026-04-27T00:59:48+00:00,https://netflix-five-wine.vercel.app/,200,,urlopen,4,3,0.1590909091,0.35,0,0.2,0.1666666667,0,0.7254576759,0,0,0.2083333333,0,0.2,1,0,0,0,0,0.02222222222,0.01153846154,0,0,0,0,0,0,0,0,0,0,0,1,0,1,0,0.20053125,0.2240133929,0,0,0.0730625,0.307875,0.19046875,0.2348125,0.3333333333,0.03333333333
http://instagram-clone-v2.vercel.app,1,Batch3_20260427_Phishunt,2026-04-27T00:59:49+00:00,https://instagram-clone-v2.vercel.app/,200,,urlopen,4,5,0.1636363636,0.3625,0,0.2,0.1666666667,0.02777777778,0.7631199497,0,0,0.2083333333,0,0.2,1,0,0,0,0,0.02222222222,0.01923076923,0,0,0,0,0,0,0,0,0,0,0,1,0,1,0,0.143625,0.1668815789,0,0,0.06125,0.28425,0.1355833333,0.223,0.2,0.03333333333
http://register-facebook.blogspot.com,1,Batch3_20260427_Phishunt,2026-04-27T00:59:49+00:00,http://register-facebook.blogspot.com,200,,urlopen,9,15,0.1681818182,0.375,0,0.2,0.08333333333,0,0.7488218504,0,0,0.1666666667,0,0.25,1,0,0,0,0,0.05,0.05769230769,0.5,0.5,1,0,0,0,0,0,0,0,0,0.4285714286,0,1,0.3333333333,0.2017125,0.2611842448,0,0,0.3075140625,0.3090890625,0.2403970703,0.2409625,0.06666666667,0.1
https://binance-red-packet.vercel.app,1,Batch3_20260427_Phishunt,2026-04-27T00:59:49+00:00,https://binance-red-packet.vercel.app,200,,urlopen,6,5,0.1681818182,0.3625,0,0.2,0.1666666667,0,0.7315747988,1,0,0.2083333333,0,0.2,1,0,0,0,0,0.03333333333,0.01923076923,0,0,1,0,0,0,0,0,0,0,0,0.5,0.5,1,1,0.243,0.3033302419,0,0,0.2409375,0.3190875,0.266625,0.1563,0.2,0.06666666667
https://outlookfireworking.weebly.com,1,Batch3_20260427_Phishunt,2026-04-27T00:59:49+00:00,https://outlookfireworking.weebly.com,200,,urlopen,17,42,0.1681818182,0.3625,0,0.2,0,0,0.774596359,1,0,0.125,0,0,1,0,0,0,0,0.09444444444,0.1615384615,1,0,0.6666666667,0.125,0,0,0,0.04375,0,0,0,0.625,0.125,0,0.2,0.0987885,0.1060474804,0.049613,0.058301,0.2021796667,0.287538,0.12562516,0.237925,0,0.06666666667
http://amazone-clone-snowy.vercel.app,1,Batch3_20260427_Phishunt,2026-04-27T01:00:11+00:00,http://amazone-clone-snowy.vercel.app,200,,public_dns,3,2,0.1681818182,0.375,0,0.2,0.1666666667,0,0.7554310787,0,0,0.2083333333,0,0,1,0,0,0,0,0.01666666667,0.007692307692,0,0,1,0,0,0,0,0,0,0,0,1,0,0,0,0.250425,0.31605,0,0,0.31605,0.31605,0.31605,0,0,0.03333333333
https://instagram-clone-v2.vercel.app,1,Batch3_20260427_Phishunt,2026-04-27T00:59:49+00:00,https://instagram-clone-v2.vercel.app,200,,urlopen,4,5,0.1681818182,0.3625,0,0.2,0.1666666667,0.02702702703,0.7652590885,1,0,0.2083333333,0,0.2,1,0,0,0,0,0.02222222222,0.01923076923,0,0,0,0,0,0,0,0,0,0,0,1,0,1,0,0.143625,0.1668815789,0,0,0.06125,0.28425,0.1355833333,0.223,0.2,0.03333333333
https://microsoft-clone-neon.vercel.app,1,Batch3_20260427_Phishunt,2026-04-27T00:59:49+00:00,https://microsoft-clone-neon.vercel.app,200,,urlopen,7,23,0.1772727273,0.3875,0,0.2,0.1666666667,0,0.7417768603,1,0,0.2083333333,0,0.2,1,0,0,0,0,0.03888888889,0.08846153846,0,0,0.09090909091,0,0,0,0,0,0,0,0,0.1818181818,0.8181818182,1,1,0.07665,0.1414359135,0,0,0.06855880682,0.287615625,0.08410026042,0.2409625,0.04347826087,0.06666666667
http://netflix-clone-two-sand.vercel.app,1,Batch3_20260427_Phishunt,2026-04-27T00:59:49+00:00,https://netflix-clone-two-sand.vercel.app/,200,,urlopen,13,27,0.1818181818,0.4125,0,0.2,0.25,0,0.7629889718,0,0,0.25,0,0.1666666667,1,0,0,0,0,0.07222222222,0.1038461538,0,0,0,0.25,0,0,0,0.0875,0.0875,0,0,0,1,1,1,0.05313125,0.05813410377,0.0429125,0.0449,0.0429125,0.247575,0.05516597222,0.2046625,0.03703703704,0.03333333333
https://netflix-clone-nu-nine.vercel.app,1,Batch3_20260427_Phishunt,2026-04-27T01:00:11+00:00,https://netflix-clone-nu-nine.vercel.app,200,,public_dns,9,73,0.1818181818,0.4,0,0.2,0.25,0,0.7392649674,1,0,0.25,0,0.1666666667,1,0,0,0,0,0.05,0.2807692308,1,0,0,0.25,0,0,0,0.0875,0.0875,0,0,0.303030303,0.4242424242,1,0,0.03931282895,0.05030402985,0.03965,0.038375,0.03965,0.24105,0.04488289474,0.202675,0.01369863014,0.03333333333
http://facebookcolorvisitor.blogspot.com,1,Batch3_20260427_Phishunt,2026-04-27T00:59:50+00:00,https://facebookcolorvisitor.blogspot.com/,200,,urlopen,7,6,0.1818181818,0.4125,0,0.2,0,0,0.7278283468,0,0,0.125,0,0,1,0,0,0,0,0.03888888889,0.02307692308,0,0,1,0,0,0,0,0,0,0,0.3333333333,0.6666666667,0,0,0,0.2961375,0.3880071429,0,0,0.3737416667,0.4736,0.3737416667,0.1497875,0.3333333333,0.1
http://netflix-app-react-nine.vercel.app,1,Batch3_20260427_Phishunt,2026-04-27T00:59:49+00:00,https://netflix-app-react-nine.vercel.app/,200,,urlopen,4,3,0.1818181818,0.4125,0,0.2,0.25,0,0.7063326379,0,0,0.25,0,0.1666666667,1,0,0,0,0,0.02222222222,0.01153846154,0,0,0,0,0,0,0,0,0,0,0,1,0,1,0,0.20053125,0.2240133929,0,0,0.0730625,0.307875,0.19046875,0.2348125,0.3333333333,0.03333333333
https://netflix-clone-ruby-ten.vercel.app,1,Batch3_20260427_Phishunt,2026-04-27T01:00:12+00:00,https://netflix-clone-ruby-ten.vercel.app,200,,public_dns,5,10,0.1863636364,0.4125,0,0.2,0.25,0,0.767319032,1,0,0.25,0,0.1666666667,1,0,0,0,0,0.02777777778,0.03846153846,0,0,0,0,0,0,0,0,0,0,0,0,1,1,0,0.08835,0.1270379808,0,0.0589625,0.04994375,0.2616375,0.08672916667,0.21169375,0.1,0.03333333333
https://amazon-clone-sable-rho.vercel.app,1,Batch3_20260427_Phishunt,2026-04-27T00:59:49+00:00,https://amazon-clone-sable-rho.vercel.app,200,,urlopen,9,47,0.1863636364,0.4125,0,0.2,0.25,0,0.7478495884,1,0,0.25,0,0,1,0,0,0,0,0.05,0.1807692308,0.2,0.8,0,0,0,0,0,0,0,0,0,0,0.347826087,0,0.0625,0.1196578125,0.1583163373,0,0.064953125,0.0529390625,0.2483140625,0.1511271484,0.195375,0,0.1
http://facebook-clone-neon-ten.vercel.app,1,Batch3_20260427_Phishunt,2026-04-27T00:59:49+00:00,https://facebook-clone-neon-ten.vercel.app/,200,,urlopen,8,9,0.1863636364,0.425,0,0.2,0.25,0,0.7145468167,0,0,0.25,0,0.1666666667,1,0,0,0,0,0.04444444444,0.03461538462,0,0,0,0.125,0,0.5,0.5,0.54375,0.54375,0,0,0.5,0.5,1,1,0.14525625,0.155741625,0.06175625,0.183925,0.06175625,0.2852625,0.1397302083,0.22350625,0.2222222222,0.03333333333
https://facebook-clone-rho-six.vercel.app,1,Batch3_20260427_Phishunt,2026-04-27T00:59:49+00:00,https://facebook-clone-rho-six.vercel.app,200,,urlopen,4,3,0.1863636364,0.4125,0,0.2,0.25,0,0.768935564,1,0,0.25,0,0.1666666667,1,0,0,0,0,0.02222222222,0.01153846154,0,0,0,0,0,0,0,0,0,0,0,1,0,1,0,0.20053125,0.2240133929,0,0,0.0730625,0.307875,0.19046875,0.2348125,0.3333333333,0.03333333333
https://facebook-project-seven.vercel.app,1,Batch3_20260427_Phishunt,2026-04-27T00:59:49+00:00,https://facebook-project-seven.vercel.app,200,,urlopen,4,3,0.1863636364,0.4125,0,0.2,0.1666666667,0,0.744501972,1,0,0.2083333333,0,0.2,1,0,0,0,0,0.02222222222,0.01153846154,0,0,0,0,0,0,0,0,0,0,0,1,0,1,0,0.20053125,0.2240133929,0,0,0.0730625,0.307875,0.19046875,0.2348125,0.3333333333,0.03333333333
https://netflix-clone-iota-sand.vercel.app,1,Batch3_20260427_Phishunt,2026-04-27T01:00:11+00:00,https://netflix-clone-iota-sand.vercel.app,200,,public_dns,9,17,0.1909090909,0.425,0,0.2,0.25,0,0.7562895855,1,0,0.25,0,0.1666666667,1,0,0,0,0,0.05,0.06538461538,0,0,0.1428571429,0,0,0,0,0,0,0,0,0.2857142857,0.7142857143,1,1,0.087975,0.1167212242,0,0.0572075,0.08348946429,0.29002875,0.095872375,0.2409625,0.05882352941,0.06666666667
https://netflix-clone-gray-beta.vercel.app,1,Batch3_20260427_Phishunt,2026-04-27T01:00:11+00:00,https://netflix-clone-gray-beta.vercel.app,200,,public_dns,6,42,0.1909090909,0.425,0,0.2,0.25,0,0.7699053735,1,0,0.25,0,0.1666666667,1,0,0,0,0,0.03333333333,0.1615384615,1,0,0,0,0,0,0,0,0,0,0,0,0.25,1,0,0.04577727273,0.06616077194,0,0.04104431818,0.04098465909,0.2437193182,0.05020258264,0.2027346591,0.02380952381,0.03333333333
https://netflix-clone-iota-five.vercel.app,1,Batch3_20260427_Phishunt,2026-04-27T01:00:11+00:00,https://netflix-clone-iota-five.vercel.app,200,,public_dns,13,23,0.1909090909,0.425,0,0.2,0.25,0,0.7439313475,1,0,0.25,0,0.1666666667,1,0,0,0,0,0.07222222222,0.08846153846,0,0,0.8,0,0,0,0,0,0,0,0,0.4,0.6,1,1,0.1383057692,0.1669121875,0,0.07357884615,0.1718719231,0.2982144231,0.1647792899,0.2409625,0.04347826087,0.1333333333
http://amazon-clone-neon-ten-70.vercel.app,1,Batch3_20260427_Phishunt,2026-04-27T00:59:49+00:00,https://amazon-clone-neon-ten-70.vercel.app/,200,,urlopen,10,9,0.1909090909,0.4375,0,0.2,0.3333333333,0.04761904762,0.7283051983,0,0,0.2916666667,0,0,1,0,0,0,0,0.05555555556,0.03461538462,0,1,0,0,0,0,0,0,0,0,0,0,0,0,0,0.17487,0.1748013043,0,0.08414,0,0.2579075,0.223154,0.1737675,0,0.1333333333
http://instagram-clone-sage-ten.vercel.app,1,Batch3_20260427_Phishunt,2026-04-27T00:59:49+00:00,https://instagram-clone-sage-ten.vercel.app/,200,,urlopen,4,3,0.1909090909,0.4375,0,0.2,0.25,0,0.7385412501,0,0,0.25,0,0.1666666667,1,0,0,0,0,0.02222222222,0.01153846154,0,0,0,0,0,0,0,0,0,0,0,1,0,1,0,0.20053125,0.2240133929,0,0,0.0730625,0.307875,0.19046875,0.2348125,0.3333333333,0.03333333333
https://netflix-clone-nine-sand.vercel.app,1,Batch3_20260427_Phishunt,2026-04-27T00:59:49+00:00,https://netflix-clone-nine-sand.vercel.app,200,,urlopen,10,24,0.1909090909,0.425,0,0.2,0.25,0,0.7456212156,1,0,0.25,0,0.1666666667,1,0,0,0,0,0.05555555556,0.09230769231,1,0,0.3333333333,0.125,0,0,0,0.04375,0.04375,0,0,0.4,0.5,1,0.9375,0.1077403846,0.141783196,0.05195576923,0.06298653846,0.1322766026,0.2929182692,0.124849926,0.2409625,0.04166666667,0.06666666667
https://netflix-clone-alpha-sand.vercel.app,1,Batch3_20260427_Phishunt,2026-04-27T00:59:49+00:00,https://netflix-clone-alpha-sand.vercel.app,200,,urlopen,6,13,0.1954545455,0.4375,0,0.2,0.25,0,0.7486880421,1,0,0.25,0,0.1666666667,1,0,0,0,0,0.03333333333,0.05,0,0,0,0,0,0,0,0,0,0,0,0,1,1,1,0.0749390625,0.0997101461,0,0.0535625,0.04724375,0.2562375,0.07494765625,0.20899375,0.07692307692,0.03333333333
http://netflix-clone-wheat-three.vercel.app,1,Batch3_20260427_Phishunt,2026-04-27T00:59:49+00:00,https://netflix-clone-wheat-three.vercel.app/,200,,urlopen,17,16,0.1954545455,0.45,0,0.2,0.25,0,0.7232503574,0,0,0.25,0,0.1666666667,1,0,0,0,0,0.09444444444,0.06153846154,0,0,0.8,0,0,0,0,0,0,0,0,0.2,1,1,0,0.0934875,0.08927395455,0,0.05954545455,0.1179652273,0.2622204545,0.1045248967,0.2119852273,0.0625,0.1666666667
http://netflix-clone-blush-delta.vercel.app,1,Batch3_20260427_Phishunt,2026-04-27T01:00:11+00:00,http://netflix-clone-blush-delta.vercel.app,200,,public_dns,4,3,0.1954545455,0.45,0,0.2,0.25,0,0.7636377526,0,0,0.25,0,0.1666666667,1,0,0,0,0,0.02222222222,0.01153846154,0,0,1,0,0,0,0,0,0,0,0,1,0,1,0,0.3108375,0.3408441964,0,0,0.33275625,0.3453375,0.339046875,0.01258125,0.3333333333,0.03333333333
http://netflix-frontend-five-phi.vercel.app,1,Batch3_20260427_Phishunt,2026-04-27T00:59:49+00:00,http://netflix-frontend-five-phi.vercel.app,200,,urlopen,4,3,0.1954545455,0.45,0,0.2,0.25,0,0.7386900379,0,0,0.25,0,0.1666666667,1,0,0,0,0,0.02222222222,0.01153846154,0,0,1,0,0,0,0,0,0,0,0,1,0,1,0,0.3108375,0.3408441964,0,0,0.33275625,0.3453375,0.339046875,0.01258125,0.3333333333,0.03333333333
https://instagram-clone-tau-nine.vercel.app,1,Batch3_20260427_Phishunt,2026-04-27T00:59:49+00:00,https://instagram-clone-tau-nine.vercel.app,200,,urlopen,4,3,0.1954545455,0.4375,0,0.2,0.25,0,0.7518799554,1,0,0.25,0,0.1666666667,1,0,0,0,0,0.02222222222,0.01153846154,0,0,0,0,0,0,0,0,0,0,0,1,0,1,0,0.20053125,0.2240133929,0,0,0.0730625,0.307875,0.19046875,0.2348125,0.3333333333,0.03333333333
https://netflix-clone-zeta-three.vercel.app,1,Batch3_20260427_Phishunt,2026-04-27T00:59:49+00:00,https://netflix-clone-zeta-three.vercel.app,200,,urlopen,4,3,0.1954545455,0.4375,0,0.2,0.25,0,0.7348989303,1,0,0.25,0,0.1666666667,1,0,0,0,0,0.02222222222,0.01153846154,0,0,0,0,0,0,0,0,0,0,0,1,0,1,0,0.20053125,0.2240133929,0,0,0.0730625,0.307875,0.19046875,0.2348125,0.3333333333,0.03333333333
https://living25.co.kr/shop/shopdetail.html?branduid=10914929&da_ref=Yz1GZXVTVm4=&NaPm=ct%3Dmogi2uk8%7Cci%3D277ee0bbfa08f76c45f821efd64df4935cdb29dd%7Ctr%3Dsbmh%7Csn%3D5234634%7Cic%3D%7Chk%3D6643401b7e3d4462a0819319c783c77a9c15fb05,0,Manual_Long_Normal_20260427,2026-04-27T01:16:16+00:00,https://living25.co.kr/shop/shopdetail.html?branduid=10914929&da_ref=Yz1GZXVTVm4=&NaPm=ct%3Dmogi2uk8%7Cci%3D277ee0bbfa08f76c45f821efd64df4935cdb29dd%7Ctr%3Dsbmh%7Csn%3D5234634%7Cic%3D%7Chk%3D6643401b7e3d4462a0819319c783c77a9c15fb05,200,,urlopen,124,422,1,0.175,0.13125,0.3,0,0.3593073593,0.956619676,1,0.2,0.9166666667,0,0,1,0,0,0,0,0.6888888889,1,0.9387755102,0.0612244898,0.5700934579,1,0,0.01086956522,0.01086956522,0.3608695652,0,0,0.01282051282,0.2307692308,0.4423076923,0,0.4235294118,0.06284153696,0.06351609536,0.0437709144,0.04881981792,0.1123651901,0.4345209144,0.07641765224,0.39075,0.01184834123,0.4666666667
https://47door.com/product/detail.html?product_no=633&utm_source=naver&utm_medium=shopping&utm_campaign=pc&utm_term=shoppingblock&NaPm=ct%3Dmogi364w%7Cci%3D551890c79a6fc32fbd88f4945ce0d619d3005520%7Ctr%3Dsbmh%7Csn%3D12503067%7Cic%3D%7Chk%3D19bb4cd0b48de9eaa8a4262fdffe6ce6656311cb,0,Manual_Long_Normal_20260427,2026-04-27T01:16:16+00:00,https://47door.com/product/detail.html?product_no=633&utm_source=naver&utm_medium=shopping&utm_campaign=pc&utm_term=shoppingblock&NaPm=ct%3Dmogi364w%7Cci%3D551890c79a6fc32fbd88f4945ce0d619d3005520%7Ctr%3Dsbmh%7Csn%3D12503067%7Cic%3D%7Chk%3D19bb4cd0b48de9eaa8a4262fdffe6ce6656311cb,200,,urlopen,47,282,1,0.125,0.125,0.2,0,0.2678571429,0.9407379303,1,0.2,1,0,0.03225806452,1,0,0,0,0,0.2611111111,1,0.9857142857,0.01428571429,0.9019607843,1,0,0,0,0.35,0,0,0,0.09917355372,0.3223140496,0,0.375,0.06236838235,0.06447787694,0.04336911765,0.04581323529,0.1411843137,0.2843316176,0.07763453479,0.2409625,0,0.3333333333
https://www.fashionplus.co.kr/exhibition/14295?affiliate=naver_ts3&utm_source=naver_shop&utm_medium=pc&utm_campaign=ts3&utm_content=casual&utm_term=projectm324731808&NaPm=ct%3Dmogi3fe8%7Cci%3D83f56873e0a1ab245935cdd363091ceddaa91a7f%7Ctr%3Dsbmh%7Csn%3D883%7Cic%3D%7Chk%3D6ee263abb70949b940a8bce9aed14d2966f2b2dc,0,Manual_Long_Normal_20260427,2026-04-27T01:16:16+00:00,https://www.fashionplus.co.kr/exhibition/14295?affiliate=naver_ts3&utm_source=naver_shop&utm_medium=pc&utm_campaign=ts3&utm_content=casual&utm_term=projectm324731808&NaPm=ct%3Dmogi3fe8%7Cci%3D83f56873e0a1ab245935cdd363091ceddaa91a7f%7Ctr%3Dsbmh%7Csn%3D883%7Cic%3D%7Chk%3D6ee263abb70949b940a8bce9aed14d2966f2b2dc,200,,urlopen,19,675,1,0.2625,0.10625,0.3,0,0.2508038585,0.9407087481,1,0.2,1,0,0.05555555556,1,0,0,0,0,0.1055555556,1,1,0,0.12,0.125,0,0,0,0.04375,0,0,0.002976190476,0.02380952381,0.1220238095,0,0.04666666667,0.03416338757,0.04738007446,0.03836789941,0.03581079882,0.07027914941,0.4291178994,0.04308093313,0.3933071006,0.002962962963,0.2333333333
https://www.wwfkorea.or.kr/activity/happy-aniversary?utm_medium=display&utm_source=naver_gfa_pc&utm_campaign=happyaniversary&utm_content=happyaniversary&utm_term=penguin_banner1&NaPm=ci%3D4rP_Zcmmn6Sv2F70JVrV6ozA%7Ctr%3Dgfa%7Cct%3Dmogi4o9h%7Chk%3D70422d081d1c2778cd490292d3904ebd285996c5%7Cnacn%3DUJ7HB0QKCYdQ,0,Manual_Long_Normal_20260427,2026-04-27T01:16:15+00:00,https://www.wwfkorea.or.kr/activity/happy-aniversary?utm_medium=display&utm_source=naver_gfa_pc&utm_campaign=happyaniversary&utm_content=happyaniversary&utm_term=penguin_banner1&NaPm=ci%3D4rP_Zcmmn6Sv2F70JVrV6ozA%7Ctr%3Dgfa%7Cct%3Dmogi4o9h%7Chk%3D70422d081d1c2778cd490292d3904ebd285996c5%7Cnacn%3DUJ7HB0QKCYdQ,200,,urlopen,24,346,1,0.225,0.1625,0.3,0.08333333333,0.1618122977,0.9796638583,1,0.2,1,0,0.02777777778,1,0,0,0,0,0.1333333333,1,0.9469026549,0.05309734513,0.03571428571,0.25,0,0,0,0.0875,0,0,0.01775147929,0.100591716,0.2130177515,0,0.1307692308,0.04043121429,0.05605285144,0.03943014286,0.03793528571,0.05311429464,0.4301801429,0.05098454612,0.3922448571,0.01445086705,0.2333333333
https://www.mimacstudy.com/ex/prod/2026/afp0101/338875_indexfull.ds?utm_source=gfa&utm_medium=native&utm_content=2027_dspass_260421&utm_campaign=DA_GFA_pass_2027dspass_conversion_re_2604_native_pc_all_re&NaPm=ci%3D4rWHFDykTGRv6BizvLrP6ZLw%7Ctr%3Dgfa%7Cct%3Dmogi574d%7Chk%3D8c6657c2fbc1bc8db52669376afff2e00a4245c9%7Cnacn%3DUJ7HB0QKCYdQ,0,Manual_Long_Normal_20260427,2026-04-27T01:16:16+00:00,https://www.mimacstudy.com/ex/prod/2026/afp0101/338875_indexfull.ds?utm_source=gfa&utm_medium=native&utm_content=2027_dspass_260421&utm_campaign=DA_GFA_pass_2027dspass_conversion_re_2604_native_pc_all_re&NaPm=ci%3D4rWHFDykTGRv6BizvLrP6ZLw%7Ctr%3Dgfa%7Cct%3Dmogi574d%7Chk%3D8c6657c2fbc1bc8db52669376afff2e00a4245c9%7Cnacn%3DUJ7HB0QKCYdQ,200,,urlopen,59,309,1,0.225,0.25625,0.3,0,0.2179104478,0.9961536357,1,0.5,1,0,0,1,0,0,0,0,0.3277777778,1,0.6885245902,0.3114754098,0.05405405405,0.75,0,0.03703703704,0.2592592593,0.5217592593,0,0,0.007407407407,0.162962963,0.3777777778,0,0.2988505747,0.06619955357,0.0821130859,0.04432075893,0.08009522156,0.05936991433,0.4350707589,0.07879500292,0.39075,0.009708737864,0.4666666667
https://3per.co.kr/product/everlast-%ED%8A%B8%EB%A0%88%ED%82%B9%ED%99%94-%EC%9A%B4%EB%8F%99%ED%99%94-%EA%B2%BD%EB%93%B1%EC%82%B0%ED%99%94-%EC%BA%A0%ED%95%91-%EB%B0%9C%ED%8E%B8%ED%95%9C-%EC%8B%A0%EB%B0%9C/347/category/68/display/1/?NaPm=ct%3Dmogi5t1k%7Cci%3D2a38de2b8a6d0dca0fe83dadd73ab8eb1b10dcec%7Ctr%3Dsbmh%7Csn%3D10494494%7Cic%3D%7Chk%3Dd194887deb9809503f6e5b13cee703892225e780,0,Manual_Long_Normal_20260427,2026-04-27T01:16:16+00:00,https://3per.co.kr/product/everlast-%ED%8A%B8%EB%A0%88%ED%82%B9%ED%99%94-%EC%9A%B4%EB%8F%99%ED%99%94-%EA%B2%BD%EB%93%B1%EC%82%B0%ED%99%94-%EC%BA%A0%ED%95%91-%EB%B0%9C%ED%8E%B8%ED%95%9C-%EC%8B%A0%EB%B0%9C/347/category/68/display/1/?NaPm=ct%3Dmogi5t1k%7Cci%3D2a38de2b8a6d0dca0fe83dadd73ab8eb1b10dcec%7Ctr%3Dsbmh%7Csn%3D10494494%7Cic%3D%7Chk%3Dd194887deb9809503f6e5b13cee703892225e780,200,,urlopen,41,333,1,0.125,1,0.2,0.5,0.3175853018,0.8724276907,1,0.7,1,0,0,1,0,0,0,0,0.2277777778,1,0.9347826087,0.0652173913,0.380952381,0.5,0,0,0,0.175,0,0,0,0.09677419355,0.3096774194,0,0.3698630137,0.05623060345,0.06793661846,0.04186702586,0.04280905172,0.1083443368,0.2828295259,0.07276935568,0.2409625,0,0.3333333333
https://dr-piel.com/214/?idx=231&utm_source=naver&utm_medium=naver_spblock_mans_hotitem&utm_campaign=purchase_pp&utm_content=231&utm_term=n_purepot_spblock_mans_hotitem_0929&NaPm=ct%3Dmogi5yg0%7Cci%3D60a8d90fe684d747ae90cc4c929fe5ca6a323d4f%7Ctr%3Dsbmh%7Csn%3D11018774%7Cic%3D%7Chk%3D9af2fd87e3273bb41a1a76a84e12c9c813445b64,0,Manual_Long_Normal_20260427,2026-04-27T01:16:16+00:00,https://dr-piel.com/214/?idx=231&utm_source=naver&utm_medium=naver_spblock_mans_hotitem&utm_campaign=purchase_pp&utm_content=231&utm_term=n_purepot_spblock_mans_hotitem_0929&NaPm=ct%3Dmogi5yg0%7Cci%3D60a8d90fe684d747ae90cc4c929fe5ca6a323d4f%7Ctr%3Dsbmh%7Csn%3D11018774%7Cic%3D%7Chk%3D9af2fd87e3273bb41a1a76a84e12c9c813445b64,200,,urlopen,39,851,1,0.1375,0.03125,0.1,0.08333333333,0.2561728395,0.9364631488,1,0.1,1,0,0.05,1,0,0,0,0,0.2166666667,1,0.9901960784,0.009803921569,0.9861111111,0.25,0,0,0,0.0875,0,0,0.01666666667,0.02857142857,0.469047619,0,0.1673469388,0.08840795455,0.1144045297,0.04569431818,0.05046363636,0.2007521886,0.4364443182,0.124754074,0.39075,0.01997649824,0.4333333333
https://phoneppu.com/product/galaxy_list_small.html?cate_no=5315&cafe_mkt=nvm_hot04&NaPm=ct%3Dmogi66xk%7Cci%3D911aee38f18b3d9a4207f6b8307418e496e396e6%7Ctr%3Dsbmh%7Csn%3D180697%7Cic%3D%7Chk%3D6c2e3c4e75eeca390a7b0c09864bd9729619be43,0,Manual_Long_Normal_20260427,2026-04-27T01:16:16+00:00,https://phoneppu.com/product/galaxy_list_small.html?cate_no=5315&cafe_mkt=nvm_hot04&NaPm=ct%3Dmogi66xk%7Cci%3D911aee38f18b3d9a4207f6b8307418e496e396e6%7Ctr%3Dsbmh%7Csn%3D180697%7Cic%3D%7Chk%3D6c2e3c4e75eeca390a7b0c09864bd9729619be43,200,,urlopen,132,1313,1,0.15,0.19375,0.2,0,0.3362068966,0.9337959895,1,0.2,1,0,0,1,0,0,0,0,0.7333333333,1,1,0,0.5619335347,0.125,0,0,0,0.04375,0,0,0,0.05048859935,0.4918566775,0,0.05666666667,0.05927122135,0.06627475893,0.0422943947,0.0436637894,0.1158041379,0.2832568947,0.0773164359,0.2409625,0,0.7333333333
https://www.11st.co.kr/products/7269596804?NaPm=ct%3Dmogi6zhc%7Cci%3Dc3dd385e63f2166396f070a8ec0f51ba303e3028%7Ctr%3Dsbpld%7Csn%3D17703%7Cic%3D%7Chk%3D918a6c8f37f3a4c42b1fd3d3976f2930c19133a0&utm_term=&utm_campaign=%B3%D7%C0%CC%B9%F6%C7%D6%B5%F4PC&utm_source=%B3%D7%C0%CC%B9%F6_M_P&utm_medium=%B8%F0%B9%D9%C0%CF%C6%F7%C5%D0,0,Manual_Long_Normal_20260427,2026-04-27T01:16:16+00:00,https://www.11st.co.kr/products/7269596804?NaPm=ct%3Dmogi6zhc%7Cci%3Dc3dd385e63f2166396f070a8ec0f51ba303e3028%7Ctr%3Dsbpld%7Csn%3D17703%7Cic%3D%7Chk%3D918a6c8f37f3a4c42b1fd3d3976f2930c19133a0&utm_term=&utm_campaign=%B3%D7%C0%CC%B9%F6%C7%D6%B5%F4PC&utm_source=%B3%D7%C0%CC%B9%F6_M_P&utm_medium=%B8%F0%B9%D9%C0%CF%C6%F7%C5%D0,200,,urlopen,85,184,1,0.175,0.125,0.3,0,0.3281733746,0.9174814212,1,0.2,1,0,0,1,0,0,0,0,0.4722222222,0.7076923077,0.9444444444,0.05555555556,0.6578947368,0.25,0,0,0.01470588235,0.1022058824,0,0,0.08928571429,0.3392857143,0.3392857143,0,0.6538461538,0.06551875,0.0617764057,0.04395714286,0.0486352416,0.1575719455,0.2849196429,0.08229720805,0.2409625,0,0.2
https://link.gmarket.co.kr/gate/channel?sub-id=41004&service-code=10012000&target-url=https%3A%2F%2Fitem.gmarket.co.kr%2FItem%3Fgoodscode%3D2665534714&inventory-seq=38132&NaPm=ct%3Dmogi77yw%7Cci%3D7b7e18c0aee730f2d773db0c709db75b39380905%7Ctr%3Dsbpld%7Csn%3D24%7Cic%3D%7Chk%3D436f7d03a68f1ddc712d5003734e7468294fa6d1,0,Manual_Long_Normal_20260427,2026-04-27T01:16:16+00:00,https://link.gmarket.co.kr/gate/channel?sub-id=41004&service-code=10012000&target-url=https%3A%2F%2Fitem.gmarket.co.kr%2FItem%3Fgoodscode%3D2665534714&inventory-seq=38132&NaPm=ct%3Dmogi77yw%7Cci%3D7b7e18c0aee730f2d773db0c709db75b39380905%7Ctr%3Dsbpld%7Csn%3D24%7Cic%3D%7Chk%3D436f7d03a68f1ddc712d5003734e7468294fa6d1,200,,urlopen,4,14,1,0.225,0.08125,0.6,0.3333333333,0.3259493671,0.9440124396,1,0.2,1,0,0,1,0,0,0,0,0.02222222222,0.05384615385,0,0,0,0,0,0,0,0,0,0,0,0.7142857143,0.2857142857,0,0,0.0298125,0.037625,0,0,0.037625,0.037625,0.037625,0,0,0.03333333333
https://www.daeryunlaw.com/?utm_source=naverpowerlink&utm_medium=searchad&utm_campaign=main_criminal-suit&utm_term=%EB%B3%80%ED%98%B8%EC%82%AC&n_media=27758&n_query=%EB%B3%80%ED%98%B8%EC%82%AC&n_rank=2&n_ad_group=grp-a001-01-000000031056101&n_ad=nad-a001-01-000000425755051&n_keyword_id=nkw-a001-01-000005030130506&n_keyword=%EB%B3%80%ED%98%B8%EC%82%AC&n_campaign_type=1&n_ad_group_type=1&n_match=1&NaPm=ct%3Dmogi7j15%7Cci%3DER58c5f106-41d6-11f1-bc2a-16c60e2374b5%7Ctr%3Dsa%7Chk%3Db3da6674f5534a0bc0e0e1f75ceaa6e42bf25b51%7Cnacn%3DUJ7HB0QKCYdQ,0,Manual_Long_Normal_20260427,2026-04-27T01:16:16+00:00,https://www.daeryunlaw.com/?utm_source=naverpowerlink&utm_medium=searchad&utm_campaign=main_criminal-suit&utm_term=%EB%B3%80%ED%98%B8%EC%82%AC&n_media=27758&n_query=%EB%B3%80%ED%98%B8%EC%82%AC&n_rank=2&n_ad_group=grp-a001-01-000000031056101&n_ad=nad-a001-01-000000425755051&n_keyword_id=nkw-a001-01-000005030130506&n_keyword=%EB%B3%80%ED%98%B8%EC%82%AC&n_campaign_type=1&n_ad_group_type=1&n_match=1&NaPm=ct%3Dmogi7j15%7Cci%3DER58c5f106-41d6-11f1-bc2a-16c60e2374b5%7Ctr%3Dsa%7Chk%3Db3da6674f5534a0bc0e0e1f75ceaa6e42bf25b51%7Cnacn%3DUJ7HB0QKCYdQ,200,,urlopen,53,493,1,0.225,0.00625,0.2,1,0.2780847145,0.9584824672,1,0,1,0,0,1,0,0,0,0,0.2944444444,1,0.7226277372,0.2773722628,0.05504587156,0,0,0,0,0,0,0,0,0.06910569106,0.3739837398,0,0.01438848921,0.06011234818,0.0804657926,0,0.04453198381,0.05063750239,0.2836909919,0.07616423479,0.2409625,0,0.8
https://lawl-crime.co.kr/crime/centerInfo1.html,0,Manual_Long_Normal_20260427,2026-04-27T01:16:17+00:00,https://lawl-crime.co.kr/crime/centerInfo1.html,200,,urlopen,80,386,0.2136363636,0.2,0.14375,0.3,0.08333333333,0.02127659574,0.7690561452,1,0.2,0.2916666667,0,0,1,0,0,0,0,0.4444444444,1,0.8680555556,0.1319444444,0.4838709677,0.875,0,0,0,0.30625,0,0,0.005714285714,0.09714285714,0.07428571429,0,0.04,0.06395349265,0.07877951488,0.04353125,0.0461375,0.1636683468,0.4226375,0.0802651348,0.37910625,0.007772020725,0.8666666667
https://www.scourt.go.kr/portal/notice/realestate/RealNoticeList.work,0,Manual_Long_Normal_20260427,2026-04-27T01:16:16+00:00,https://www.scourt.go.kr/portal/notice/realestate/RealNoticeList.work,200,,urlopen,32,568,0.3136363636,0.2,0.28125,0.4,0,0,0.7498161647,1,0.4,0.375,0,0,1,0,0,0,0,0.1777777778,1,0.9529411765,0.04705882353,0,0.25,0,0,0,0.0875,0,0,0,0.02877697842,0.05395683453,0,0.15,0.0375375,0.04627101276,0.038975,0.037025,0.038975,0.23435,0.04706145833,0.197325,0,0.3333333333
https://encykorea.aks.ac.kr/Article/E0022691,0,Manual_Long_Normal_20260427,2026-04-27T01:16:16+00:00,https://encykorea.aks.ac.kr/Article/E0022691,200,,urlopen,29,208,0.2,0.2375,0.10625,0.3,0,0.1590909091,0.7972346227,1,0.2,0.25,0,0,1,0,0,0,0,0.1611111111,0.8,0.987804878,0.01219512195,0.2307692308,0,0,0.05555555556,0.05555555556,0.05555555556,0,0,0,0.09473684211,0.04210526316,0,0.1276595745,0.04174646018,0.05258146666,0,0.05027985497,0.09557929714,0.2809350664,0.04974065217,0.2419149336,0.004807692308,0.1333333333
https://www.11st.co.kr/products/8911661218?NaPm=ct%3Dmogicrtc%7Cci%3D1616678f86917d01ac5c4f31d5e716231ff9500e%7Ctr%3Dsbpld%7Csn%3D17703%7Cic%3D%7Chk%3Ded5bfaf88f6d5348e7375f7dda9a4d4bba7aabb0&utm_term=&utm_campaign=%B3%D7%C0%CC%B9%F6%C7%D6%B5%F4PC&utm_source=%B3%D7%C0%CC%B9%F6_M_P&utm_medium=%B8%F0%B9%D9%C0%CF%C6%F7%C5%D0,0,Manual_Long_Normal_20260427_B,2026-04-27T01:21:23+00:00,https://www.11st.co.kr/products/8911661218?NaPm=ct%3Dmogicrtc%7Cci%3D1616678f86917d01ac5c4f31d5e716231ff9500e%7Ctr%3Dsbpld%7Csn%3D17703%7Cic%3D%7Chk%3Ded5bfaf88f6d5348e7375f7dda9a4d4bba7aabb0&utm_term=&utm_campaign=%B3%D7%C0%CC%B9%F6%C7%D6%B5%F4PC&utm_source=%B3%D7%C0%CC%B9%F6_M_P&utm_medium=%B8%F0%B9%D9%C0%CF%C6%F7%C5%D0,200,,urlopen,87,196,1,0.175,0.125,0.3,0,0.3034055728,0.9203526455,1,0.2,1,0,0,1,0,0,0,0,0.4833333333,0.7538461538,0.9,0.1,0.6904761905,0.25,0,0,0.01470588235,0.1022058824,0,0,0.08064516129,0.3064516129,0.3709677419,0,0.5454545455,0.06833607955,0.06364528796,0.04429829545,0.04931754679,0.1608128788,0.2852607955,0.08691701963,0.2409625,0,0.2333333333
https://www.ssg.com/item/itemView.ssg?itemId=1000621033856&ckwhere=ua_nvsb_ssg3&gateYn=Y&mobilAppSvcNo=3&store=N&utm_souce=naver&utm_medium=shoppingbox&utm_campaign=lifestyle&utm_content=shoes&utm_term=1000621033856&NaPm=ct%3Dmogicsl4%7Cci%3Da5ef385e6569c32011fd54fc496f6ee9bcb2f7a4%7Ctr%3Dsbpld%7Csn%3D218835%7Cic%3D%7Chk%3Dfb4c2f50033b18886c5498500c04a4ade0bf6769,0,Manual_Long_Normal_20260427_B,2026-04-27T01:21:23+00:00,https://www.ssg.com/item/itemView.ssg?itemId=1000621033856&ckwhere=ua_nvsb_ssg3&gateYn=Y&mobilAppSvcNo=3&store=N&utm_souce=naver&utm_medium=shoppingbox&utm_campaign=lifestyle&utm_content=shoes&utm_term=1000621033856&NaPm=ct%3Dmogicsl4%7Cci%3Da5ef385e6569c32011fd54fc496f6ee9bcb2f7a4%7Ctr%3Dsbpld%7Csn%3D218835%7Cic%3D%7Chk%3Dfb4c2f50033b18886c5498500c04a4ade0bf6769,200,,urlopen,169,462,1,0.1375,0.1125,0.3,0,0.2630136986,0.9589597914,1,0.2,1,0,0.0243902439,1,0,0,0,0,0.9388888889,1,0.7040816327,0.2959183673,0.9873417722,0.25,0,0,0,0.0875,0,0,0.01694915254,0.2824858757,0.1525423729,0,0.44,0.1016693905,0.1035866381,0.04994315371,0.05896130742,0.2565234543,0.4406931537,0.1309148869,0.39075,0.004329004329,1
https://www.11st.co.kr/products/7269596804?NaPm=ct%3Dmogictcw%7Cci%3Dae554cad558872bd4fa0b4ea8298b5e53208a3ba%7Ctr%3Dsbpld%7Csn%3D17703%7Cic%3D%7Chk%3Df5fc8033a3d8826a112f32a1cce8b71ccffcdea0&utm_term=&utm_campaign=%B3%D7%C0%CC%B9%F6%C7%D6%B5%F4PC&utm_source=%B3%D7%C0%CC%B9%F6_M_P&utm_medium=%B8%F0%B9%D9%C0%CF%C6%F7%C5%D0,0,Manual_Long_Normal_20260427_B,2026-04-27T01:21:23+00:00,https://www.11st.co.kr/products/7269596804?NaPm=ct%3Dmogictcw%7Cci%3Dae554cad558872bd4fa0b4ea8298b5e53208a3ba%7Ctr%3Dsbpld%7Csn%3D17703%7Cic%3D%7Chk%3Df5fc8033a3d8826a112f32a1cce8b71ccffcdea0&utm_term=&utm_campaign=%B3%D7%C0%CC%B9%F6%C7%D6%B5%F4PC&utm_source=%B3%D7%C0%CC%B9%F6_M_P&utm_medium=%B8%F0%B9%D9%C0%CF%C6%F7%C5%D0,200,,urlopen,85,184,1,0.175,0.125,0.3,0,0.2910216718,0.9228288427,1,0.2,1,0,0,1,0,0,0,0,0.4722222222,0.7076923077,0.9444444444,0.05555555556,0.6578947368,0.25,0,0,0.01470588235,0.1022058824,0,0,0.08928571429,0.3392857143,0.3392857143,0,0.6538461538,0.06551875,0.0617764057,0.04395714286,0.0486352416,0.1575719455,0.2849196429,0.08229720805,0.2409625,0,0.2
https://www.fashionplus.co.kr/?affiliate=naver_mn&utm_source=naver_mn&utm_medium=pc&NaPm=ct%3Dmogidprk%7Cci%3D6648bf4ee4cbdfafdc22ac01547621c816daf54e%7Ctr%3Dsbml%7Csn%3D883%7Cic%3D%7Chk%3D7ad6e33a049694d51d0eb71224ca4bc92a897008,0,Manual_Long_Normal_20260427_B,2026-04-27T01:21:23+00:00,https://www.fashionplus.co.kr/?affiliate=naver_mn&utm_source=naver_mn&utm_medium=pc&NaPm=ct%3Dmogidprk%7Cci%3D6648bf4ee4cbdfafdc22ac01547621c816daf54e%7Ctr%3Dsbml%7Csn%3D883%7Cic%3D%7Chk%3D7ad6e33a049694d51d0eb71224ca4bc92a897008,200,,urlopen,18,732,1,0.2625,0.00625,0.3,0,0.2707423581,0.944066607,1,0,1,0,0.08,1,0,0,0,0,0.1,1,1,0,0.07352941176,0.125,0,0,0,0.04375,0,0,0.002747252747,0.01923076923,0.1648351648,0,0.01333333333,0.03324512943,0.04550474457,0.0382153951,0.03550579019,0.05813598333,0.4289653951,0.04189163703,0.3934596049,0.002732240437,0.2
https://otamatonestore.com/product/list.html?cate_no=140&utm_source=naver&utm_medium=shoppingblock&utm_campaign=christmas&utm_content=hotitem&NaPm=ct%3Dmogie574%7Cci%3D7b40f4811df82a67d448827a4ad9e94299b862c0%7Ctr%3Dsbsh%7Csn%3D8967184%7Cic%3D%7Chk%3Da46c0e7be0998a2388f7f044a333295f5de61a63,0,Manual_Long_Normal_20260427_B,2026-04-27T01:21:23+00:00,https://otamatonestore.com/product/list.html?cate_no=140&utm_source=naver&utm_medium=shoppingblock&utm_campaign=christmas&utm_content=hotitem&NaPm=ct%3Dmogie574%7Cci%3D7b40f4811df82a67d448827a4ad9e94299b862c0%7Ctr%3Dsbsh%7Csn%3D8967184%7Cic%3D%7Chk%3Da46c0e7be0998a2388f7f044a333295f5de61a63,200,,urlopen,56,438,1,0.225,0.1125,0.2,0,0.2714776632,0.9270258232,1,0.2,1,0,0.03225806452,1,0,0,0,0,0.3111111111,1,0.9180327869,0.08196721311,0.8977272727,0.125,0,0,0,0.04375,0,0,0.004761904762,0.08095238095,0.3333333333,0,0.1643835616,0.0751965859,0.08992481963,0.04525220264,0.04957940529,0.1527803632,0.4204772026,0.09577945041,0.375225,0.009132420091,0.5666666667
https://goldmon.kr/product/list.html?cate_no=224&utm_source=naver&utm_medium=shopping&utm_campaign=nv_shop_box_hot_a&cafe_mkt=nvs_hot10&cafe_prdNo=1644#anchorBoxName_1644,0,Manual_Long_Normal_20260427_B,2026-04-27T01:21:23+00:00,https://goldmon.kr/product/list.html?cate_no=224&utm_source=naver&utm_medium=shopping&utm_campaign=nv_shop_box_hot_a&cafe_mkt=nvs_hot10&cafe_prdNo=1644#anchorBoxName_1644,200,,urlopen,28,955,0.7727272727,0.125,0.1125,0.2,0,0.07647058824,0.8757424257,1,0.2,1,0,0.03703703704,1,0,0,0,0,0.1555555556,1,1,0,0.4392523364,0.375,0,0,0,0.13125,0,0,0,0.04872881356,0.4046610169,0,0.14,0.05227710938,0.06441303708,0.04074054688,0.04055609375,0.1082708039,0.2817030469,0.07084586507,0.2411469531,0,0.3
https://imnews.imbc.com/replay/2026/nwtoday/article/6818137_37012.html,0,Manual_Long_Normal_20260427_B,2026-04-27T01:21:23+00:00,https://imnews.imbc.com/replay/2026/nwtoday/article/6818137_37012.html,200,,urlopen,8,28,0.3181818182,0.1875,0.29375,0.3,0,0.2285714286,0.8461028214,1,0.5,0.4166666667,0,0,1,0,0,0,0,0.04444444444,0.1076923077,0,0,0.1428571429,0,0,0,0,0,0,0,0,0.9285714286,0.07142857143,0,1,0.06132857143,0.07921174812,0,0,0.0774,0.2839392857,0.0774,0.2409625,0,0.1
https://www.boannews.com/media/view.asp?idx=143352,0,Manual_Long_Normal_20260427_B,2026-04-27T01:21:23+00:00,https://www.boannews.com/media/view.asp?idx=143352,200,,urlopen,69,613,0.2272727273,0.2,0.09375,0.3,0,0.12,0.8174862964,1,0.2,0.3333333333,0,0,1,0,0,0,0,0.3833333333,1,0.8657718121,0.1342281879,0.01449275362,0.5,0,0,0,0.175,0,0,0.0243902439,0.0243902439,0.4320557491,0,0.05696202532,0.04327930901,0.05256374037,0.04003676242,0.03914852484,0.04349473344,0.2809992624,0.05369061222,0.2418507376,0,0.5333333333
https://www.kebhana.com,0,KRHoldout_User_Normal,2026-04-27T01:44:56+00:00,https://www.kebhana.com,200,,urlopen,23,132,0.1045454545,0.1875,0,0.2,0,0,0.7058263833,1,0,0.125,0,0,1,0,0,0,0,0.1277777778,0.5076923077,0.5294117647,0.4705882353,0,0,0,0,0,0,0,0,0,0.1230769231,0.6153846154,0,0.9433333333,0.05146287313,0.06849968079,0,0.04176007463,0.04134253731,0.2367175373,0.06468335932,0.195375,0,0.3
https://www.woorifg.com,0,KRHoldout_User_Normal,2026-04-27T01:44:56+00:00,https://www.woorifg.com,200,,urlopen,3,2,0.1045454545,0.1875,0,0.2,0,0,0.6742058299,1,0,0.125,0,0,1,0,0,0,0,0.01666666667,0.007692307692,0,0,0,0,0,0,0,0,0,0,0,1,0,0,0,0.0298125,0.037625,0,0,0.037625,0.037625,0.037625,0,0,0.03333333333
https://www.shinhangroup.com,0,KRHoldout_User_Normal,2026-04-27T01:44:56+00:00,https://www.shinhangroup.com/kr/main,200,,urlopen,45,418,0.1272727273,0.25,0,0.2,0,0,0.7214036546,1,0,0.125,0,0,1,0,0,0,0,0.25,1,0.8956043956,0.1043956044,0.03703703704,0,0,0,0,0,0,0,0,0.06698564593,0.06220095694,0,0.1455399061,0.04712942584,0.05998525993,0,0,0.04949014708,0.28152811,0.05947990431,0.2409625,0,0.7
https://www.nhbank.com,0,KRHoldout_User_Normal,2026-04-27T01:44:56+00:00,https://www.nhbank.com,200,,urlopen,11,24,0.1,0.175,0,0.2,0,0,0.6888645298,1,0,0.125,0,0,1,0,0,0,0,0.06111111111,0.09230769231,0.6666666667,0.3333333333,0,0,0,0,0,0,0,0,0,0,0,0,0,0.0894375,0.112875,0,0,0,0.243125,0.112875,0.195375,0,0.1666666667
https://www.suhyup-bank.com,0,KRHoldout_User_Normal,2026-04-27T01:44:56+00:00,https://www.suhyup-bank.com,200,,urlopen,4,3,0.1227272727,0.2375,0,0.2,0.08333333333,0,0.7382294617,1,0,0.1666666667,0.25,0,1,0,0,0,0,0.02222222222,0.01153846154,0,0,0,0.125,0,0,0,0.04375,0,0,0,0,0,0,0,0.03470625,0.0383099734,0.03914375,0.0373625,0,0.03914375,0.038253125,0.00178125,0,0.03333333333
https://www.standardchartered.co.kr,0,KRHoldout_User_Normal,2026-04-27T01:44:56+00:00,https://www.standardchartered.co.kr,200,,urlopen,5,4,0.1590909091,0.3375,0,0.3,0,0,0.6987291199,1,0,0.1666666667,0,0,1,0,0,0,0,0.02777777778,0.01538461538,0,1,0,0,0,0,0,0,0,0,0,0.5,0,0,0,0.11925,0.126078125,0,0,0.0528125,0.2481875,0.1505,0.195375,0,0.06666666667
https://www.gsretail.com,0,KRHoldout_User_Normal,2026-04-27T01:44:56+00:00,http://www.gsretail.com/gsretail/ko/company,200,,urlopen,3,2,0.1090909091,0.2,0,0.2,0,0,0.7161312501,1,0,0.125,0,0,1,0,0,0,0,0.01666666667,0.007692307692,0,0,1,0,0,0,0,0,0,0,0,1,0,0,0,0.250425,0.31605,0,0,0.31605,0.31605,0.31605,0,0,0.03333333333
https://www.7-eleven.co.kr,0,KRHoldout_User_Normal,2026-04-27T01:44:56+00:00,https://www.7-eleven.co.kr,200,,urlopen,112,428,0.1181818182,0.225,0,0.3,0.08333333333,0.03846153846,0.7269004907,1,0,0.1666666667,0,0,1,0,0,0,0,0.6222222222,1,0.5272727273,0.4727272727,0.01020408163,0.25,0,0,0,0.0875,0,0,0,0.03365384615,0.4375,0,0.3373493976,0.07319466743,0.09543739759,0.04504225917,0.04915951835,0.04590616224,0.2404172592,0.09218492236,0.195375,0,1
https://www.emart24.co.kr,0,KRHoldout_User_Normal,2026-04-27T01:44:56+00:00,https://emart24.co.kr/,200,,urlopen,72,603,0.1136363636,0.2125,0,0.3,0,0.08,0.7115035799,1,0,0.1666666667,0,0,1,0,0,0,0,0.4,1,0.7688172043,0.2311827957,0.02631578947,0,0,0,0,0,0,0,0,0.02666666667,0.3533333333,0,0.03125,0.05747858911,0.07887384431,0,0.04374826733,0.04867775208,0.2832991337,0.07246286271,0.2409625,0,1
https://www.mcdonalds.co.kr,0,KRHoldout_User_Normal,2026-04-27T01:44:56+00:00,https://www.mcdonalds.co.kr/kor/,200,,urlopen,17,158,0.1227272727,0.2375,0,0.3,0,0,0.7196780307,1,0,0.1666666667,0,0,1,0,0,0,0,0.09444444444,0.6076923077,0.8653846154,0.1346153846,0,0,0,0,0,0,0,0,0,0.01265822785,0.3291139241,0,0.03703703704,0.04566218354,0.0608308307,0,0,0.0403164557,0.2356914557,0.05762816456,0.195375,0,0.2333333333
https://www.momstouch.co.kr,0,KRHoldout_User_Normal,2026-04-27T01:44:56+00:00,https://www.momstouch.co.kr,200,,urlopen,9,12,0.1227272727,0.2375,0,0.3,0,0,0.6691071552,1,0,0.1666666667,0,0,1,0,0,0,0,0.05,0.04615384615,0,0,0.6666666667,0,0,0,0,0,0,0,0,0.6666666667,0.3333333333,0,0,0.1768875,0.2721326087,0,0,0.2232416667,0.3035625,0.2232416667,0.2409625,0,0.1333333333
https://www.ediya.com,0,KRHoldout_User_Normal,2026-04-27T01:44:56+00:00,https://www.ediya.com,200,,urlopen,26,332,0.09545454545,0.1625,0,0.2,0,0,0.7054872587,1,0,0.125,0,0,1,0,0,0,0,0.1444444444,1,0.8352941176,0.1647058824,0.05479452055,0.75,0,0,0,0.2625,0,0,0,0.08227848101,0.3797468354,0,0.2543859649,0.05020446429,0.06575872772,0.04112053571,0.04131607143,0.05432396037,0.2820830357,0.06314364371,0.2409625,0,0.3
https://www.hollys.co.kr,0,KRHoldout_User_Normal,2026-04-27T01:44:56+00:00,https://www.hollys.co.kr,200,,urlopen,14,234,0.1090909091,0.2,0,0.3,0,0,0.6706767046,1,0,0.1666666667,0,0,1,0,0,0,0,0.07777777778,0.9,0.9558823529,0.04411764706,0.04081632653,0,0,0,0,0,0,0,0,0.07692307692,0.3418803419,0,0.01449275362,0.03709423077,0.04899959469,0,0,0.04651625785,0.2797990385,0.04698888889,0.2409625,0,0.1666666667
https://www.coffeebeankorea.com,0,KRHoldout_User_Normal,2026-04-27T01:44:56+00:00,https://www.coffeebeankorea.com/main/main.asp,200,,urlopen,25,657,0.1409090909,0.2875,0,0.2,0,0,0.7276851063,1,0,0.125,0,0,1,0,0,0,0,0.1388888889,1,0.9007633588,0.09923664122,0.1875,0.375,0,0,0,0.13125,0,0,0,0.03987730061,0.1564417178,0,0.1324503311,0.04681329545,0.05773918644,0.04052443182,0.04012386364,0.05639865057,0.2358994318,0.05899260847,0.1957755682,0,0.3
https://www.baskinrobbins.co.kr,0,KRHoldout_User_Normal,2026-04-27T01:44:56+00:00,https://www.baskinrobbins.co.kr,200,,urlopen,46,343,0.1409090909,0.2875,0,0.3,0,0,0.7070999156,1,0,0.1666666667,0,0,1,0,0,0,0,0.2555555556,1,0.8090909091,0.1909090909,0.08620689655,0.25,0,0,0,0.0875,0,0,0,0.03571428571,0.3095238095,0,0.02654867257,0.05734378613,0.0772882917,0.04230708092,0.04368916185,0.0612586973,0.2832695809,0.0723510621,0.2409625,0,0.6333333333
https://www.dunkindonuts.co.kr,0,KRHoldout_User_Normal,2026-04-27T01:44:56+00:00,https://www.dunkindonuts.co.kr,200,,urlopen,33,190,0.1363636364,0.275,0,0.3,0,0,0.7041646537,1,0,0.1666666667,0,0,1,0,0,0,0,0.1833333333,0.7307692308,0.7580645161,0.2419354839,0.06060606061,0,0,0,0,0,0,0,0,0.04210526316,0.3052631579,0,0,0.06270039474,0.08810552843,0,0,0.05781352472,0.2841722368,0.07913131579,0.2409625,0,0.5
https://www.paris.co.kr,0,KRHoldout_User_Normal,2026-04-27T01:44:56+00:00,https://www.paris.co.kr,200,,urlopen,44,643,0.1045454545,0.1875,0,0.3,0,0,0.6682383398,1,0,0.1666666667,0,0,1,0,0,0,0,0.2444444444,1,0.8970588235,0.1029411765,0.7068965517,0.125,0,0,0,0.04375,0,0,0.003125,0.08125,0.378125,0,0.04225352113,0.06306044255,0.0738816622,0.04326607143,0.04560714286,0.1089088516,0.4340160714,0.07962726264,0.39075,0.003110419907,0.6333333333
https://www.tlj.co.kr,0,KRHoldout_User_Normal,2026-04-27T01:44:59+00:00,https://www.tlj.co.kr/index.asp,200,,urlopen,26,330,0.09545454545,0.1625,0,0.3,0,0,0.657783579,1,0,0.1666666667,0,0,1,0,0,0,0,0.1444444444,1,0.7272727273,0.2727272727,0.03401360544,0.5,0,0,0,0.175,0,0,0.006329113924,0.06329113924,0.8607594937,0,0.9633333333,0.04012767857,0.06041892183,0.03938482143,0.03784464286,0.04826853741,0.4184910714,0.05054067815,0.3806464286,0.009090909091,0.2333333333
https://www.megabox.co.kr,0,KRHoldout_User_Normal,2026-04-27T01:44:56+00:00,https://www.megabox.co.kr,200,,urlopen,61,372,0.1136363636,0.2125,0,0.3,0,0,0.7315391254,1,0,0.1666666667,0,0,1,0,0,0,0,0.3388888889,1,0.9105691057,0.08943089431,0.1627906977,0.5,0,0.09375,0.25,0.425,0,0,0.006024096386,0.0843373494,0.1686746988,0,0.25,0.05911707921,0.07763977873,0.0431085396,0.08178114171,0.08846609774,0.4183335396,0.06952944687,0.375225,0.0188172043,0.4
https://www.ticketlink.co.kr,0,KRHoldout_User_Normal,2026-04-27T01:44:57+00:00,https://www.ticketlink.co.kr,200,,urlopen,5,4,0.1272727273,0.25,0,0.3,0,0,0.6905277618,1,0,0.1666666667,0,0,1,0,0,0,0,0.02777777778,0.01538461538,0,0,0.5,0,0,0,0,0,0,0,0,1,0,0,0,0.14011875,0.1768375,0,0,0.1768375,0.29731875,0.1768375,0.2409625,0,0.06666666667
https://www.ridibooks.com,0,KRHoldout_User_Normal,2026-04-27T01:44:58+00:00,https://ridibooks.com:443/webtoon/recommendation,200,,urlopen,28,355,0.1136363636,0.2125,0,0.2,0,0,0.7024482163,1,0,0.125,0,0,1,0,0,0,0,0.1555555556,1,0.8879310345,0.1120689655,0.6166666667,0.125,0,0,0,0.04375,0,0,0,0.2102272727,0.1306818182,0,0,0.08878904494,0.1360936974,0.04764761236,0.05437022472,0.196241154,0.2886101124,0.1120420512,0.2409625,0,0.4
https://www.lfmall.co.kr,0,KRHoldout_User_Normal,2026-04-27T01:44:57+00:00,https://www.lfmall.co.kr/app,200,,urlopen,3,68,0.1090909091,0.2,0,0.3,0,0,0.6952608902,1,0,0.1666666667,0,0,1,0,0,0,0,0.01666666667,0.2615384615,0,0,0,0,0,0,0,0,0,0,0,1,0,0,0,0.0298125,0.037625,0,0,0.037625,0.037625,0.037625,0,0,0.03333333333
https://www.kolonmall.com,0,KRHoldout_User_Normal,2026-04-27T01:44:57+00:00,https://www.kolonmall.com,200,,urlopen,19,208,0.1136363636,0.2125,0,0.2,0,0,0.6824126708,1,0,0.125,0,0,1,0,0,0,0,0.1055555556,0.8,0.6363636364,0.3636363636,0.03225806452,0,0,0,0,0,0,0,0,0.8076923077,0.08653846154,0,0,0.04168016827,0.05010354149,0,0,0.04573260313,0.2806027644,0.05260264423,0.2409625,0,0.2666666667
https://www.coupang.com,0,KRHoldout_User_Normal,2026-04-27T01:44:58+00:00,https://www.coupang.com,403,,public_dns,1,0,0.1045454545,0.1875,0,0.2,0,0,0.6900161066,1,0,0.125,0,0,0,0,1,0,0,0.005555555556,0,0,0,0,0,0,0,0,0,0,0,0,0,0,0,0,0.25,0,0,0,0,0,0,0,0,0
https://www.work24.go.kr,0,KRHoldout_User_Normal,2026-04-27T01:44:59+00:00,https://www.work24.go.kr/cm/main.do,200,,urlopen,102,358,0.1090909091,0.2,0,0.3,0,0.08333333333,0.6612440342,1,0,0.1666666667,0,0,1,0,0,0,0,0.5666666667,1,0.1612903226,0.8387096774,0,0.75,0,0.12,0.12,0.3825,0,0,0,0.222972973,0.5675675676,0,0.8966666667,0.06476360294,0.07440140719,0.04423602941,0.07186805882,0.04423602941,0.2502220588,0.07590932093,0.2059860294,0.01675977654,0.8
https://www.cyber.go.kr,0,KRHoldout_User_Normal,2026-04-27T01:44:57+00:00,https://www.cyber.go.kr:443/index.do,200,,urlopen,3,2,0.1045454545,0.1875,0,0.3,0,0,0.6998588932,1,0,0.1666666667,0,0,1,0,0,0,0,0.01666666667,0.007692307692,0,0,0,0,0,0,0,0,0,0,0,1,0,0,0,0.0298125,0.037625,0,0,0.037625,0.037625,0.037625,0,0,0.03333333333
https://www.korea.kr,0,KRHoldout_User_Normal,2026-04-27T01:45:00+00:00,https://www.korea.kr,200,,urlopen,163,573,0.09090909091,0.15,0,0.2,0,0,0.6516697672,1,0,0.125,0,0,1,0,0,0,0,0.9055555556,1,0.8958333333,0.1041666667,0.05194805195,0.25,0,0,0,0.0875,0,0,0,0.1221719457,0.2262443439,0,0.04635761589,0.04355132143,0.04673495534,0.04045710714,0.03998921429,0.05297463961,0.2814196071,0.05141440031,0.2414303929,0,0.5333333333
https://www.kma.go.kr,0,KRHoldout_User_Normal,2026-04-27T01:44:57+00:00,https://www.weather.go.kr/w/index.do,200,,urlopen,34,416,0.09545454545,0.1625,0,0.3,0,0,0.6643194015,1,0,0.1666666667,0,0,1,0,0,1,0.2,0.1888888889,1,0.6690647482,0.3309352518,0.07462686567,0,0,0,0,0,0,0,0.004854368932,0.286407767,0.03883495146,0,0.3738738739,0.07421357143,0.08737356288,0,0.04906892857,0.06004033814,0.2859594643,0.09491279932,0.2409625,0,0.4
https://www.incheon.go.kr,0,KRHoldout_User_Normal,2026-04-27T01:44:59+00:00,https://www.incheon.go.kr/index,200,,urlopen,53,732,0.1136363636,0.2125,0,0.3,0,0,0.7024482163,1,0,0.1666666667,0,0,1,0,0,0,0,0.2944444444,1,0.9201388889,0.07986111111,0.01315789474,0.125,0,0,0,0.04375,0,0,0.002747252747,0.06593406593,0.1401098901,0,0.04,0.04167711172,0.05294209539,0.03964724114,0.03836948229,0.04281780035,0.2806097411,0.05254106126,0.2422402589,0,0.7666666667
https://www.daejeon.go.kr,0,KRHoldout_User_Normal,2026-04-27T01:45:03+00:00,https://www.daejeon.go.kr/,200,,requests,29,915,0.1136363636,0.2125,0,0.3,0,0,0.7169936708,1,0,0.1666666667,0,0,1,0,0,0,0,0.1611111111,1,0.9391891892,0.06081081081,0,0.25,0,0,0,0.0875,0,0,0,0.0353200883,0.3112582781,0,0.01333333333,0.03691834239,0.04713238189,0.03884660326,0.03676820652,0.03884660326,0.2342216033,0.04646912069,0.1974533967,0,0.3333333333
https://www.gwangju.go.kr,0,KRHoldout_User_Normal,2026-04-27T01:44:57+00:00,https://www.gwangju.go.kr/main.do,200,,urlopen,24,656,0.1136363636,0.2125,0,0.3,0,0,0.6879027617,1,0,0.1666666667,0,0,1,0,0,0,0,0.1333333333,1,0.96,0.04,0,0.125,0,0,0,0.04375,0,0,0,0.06748466258,0.1656441718,0,0.1666666667,0.03530892857,0.04452198927,0.03856671733,0.03620843465,0.03856671733,0.2339417173,0.04449083111,0.1977332827,0,0.3
https://www.gg.go.kr,0,KRHoldout_User_Normal,2026-04-27T01:44:59+00:00,https://www.gg.go.kr,200,,urlopen,51,1019,0.09090909091,0.15,0,0.3,0,0,0.6197627217,1,0,0.1666666667,0,0,1,0,0,0,0,0.2833333333,1,0.8847457627,0.1152542373,0.03773584906,0.25,0,0,0,0.0875,0,0,0,0.05522682446,0.3629191321,0,0.01666666667,0.04353375,0.05722712779,0.03995772059,0.03899044118,0.04462706021,0.2809202206,0.05492180435,0.2419297794,0,0.7666666667
https://www.ytn.co.kr,0,KRHoldout_User_Normal,2026-04-27T01:44:56+00:00,https://www.ytn.co.kr,200,,urlopen,28,514,0.09545454545,0.1625,0,0.3,0,0,0.657783579,1,0,0.1666666667,0,0,1,0,0,0,0,0.1555555556,1,0.9734042553,0.02659574468,0.09090909091,0.25,0,0,0,0.0875,0,0,0.01181102362,0.04724409449,0.2007874016,0,0.1047619048,0.03851293605,0.05230897954,0.03910843023,0.03729186047,0.06096041887,0.2800709302,0.04855161574,0.2427790698,0,0.3333333333
https://www.hankyoreh.com,0,KRHoldout_User_Normal,2026-04-27T01:44:57+00:00,https://www.hankyoreh.com,200,,urlopen,6,8,0.1136363636,0.2125,0,0.2,0,0,0.7169936708,1,0,0.125,0,0,1,0,0,0,0,0.03333333333,0.03076923077,0,1,1,0,0,0,0,0,0,0,0.5,0.25,0,0,0,0.31438125,0.4283506793,0,0,0.4447552083,0.467946875,0.40365,0.1876125,0.625,0.06666666667
https://www.sedaily.com,0,KRHoldout_User_Normal,2026-04-27T01:44:57+00:00,https://www.sedaily.com,200,,urlopen,79,898,0.1045454545,0.1875,0,0.2,0,0,0.72163666,1,0,0.125,0,0,1,0,0,0,0,0.4388888889,1,0.8733333333,0.1266666667,0.0472972973,0,0,0,0,0,0,0,0.002232142857,0.05133928571,0.2767857143,0,0,0.04888425,0.06771364003,0,0.040751,0.05350501858,0.410578625,0.06187361333,0.369827625,0.005567928731,1
https://www.etnews.com,0,KRHoldout_User_Normal,2026-04-27T01:44:57+00:00,https://www.etnews.com,200,,urlopen,21,788,0.1,0.175,0,0.2,0,0,0.639277753,1,0,0.125,0,0,1,0,0,0,0,0.1166666667,1,0.9594594595,0.04054054054,0.01041666667,0.125,0,0,0,0.04375,0,0,0.007653061224,0.01275510204,0.2244897959,0,0.01333333333,0.03620193038,0.04771473713,0.03871696203,0.03650892405,0.04278727453,0.429466962,0.04563046563,0.392958038,0.002538071066,0.2333333333
https://www.zdnet.co.kr,0,KRHoldout_User_Normal,2026-04-27T01:44:57+00:00,https://zdnet.co.kr/,200,,urlopen,27,628,0.1045454545,0.1875,0,0.3,0,0,0.693891403,1,0,0.1666666667,0,0,1,0,0,0,0,0.15,1,0.887804878,0.112195122,0.009615384615,0.375,0,0,0,0.13125,0,0,0.1003236246,0.02265372168,0.213592233,0,0.01913875598,0.04365391614,0.05376957817,0.03999284019,0.03906068038,0.04230978731,0.2809553402,0.05496391253,0.2418946598,0,0.3
https://www.aitimes.com,0,KRHoldout_User_Normal,2026-04-27T01:44:57+00:00,https://www.aitimes.com,200,,urlopen,32,883,0.1045454545,0.1875,0,0.2,0,0,0.6682383398,1,0,0.125,0,0,1,0,0,0,0,0.1777777778,1,0.9824561404,0.01754385965,0.06493506494,0.125,0,0,0,0.04375,0,0,0,0.07517084282,0.2756264237,0,0.05,0.03689365124,0.05082654866,0.03883405756,0.03674311512,0.05445796178,0.2797965576,0.04650347556,0.2430534424,0,0.4
https://www.hani.co.kr/arti/list.html,0,KRHoldout_User_Normal,2026-04-27T01:44:57+00:00,https://www.hani.co.kr/arti,200,,urlopen,11,182,0.1681818182,0.175,0.09375,0.4,0,0,0.7020907693,1,0.2,0.2916666667,0,0,1,0,0,0,0,0.06111111111,0.7,0.9827586207,0.01724137931,0.06060606061,0,0,0,0,0,0,0,0,0.1538461538,0.2087912088,0,0,0.03505425824,0.04555338971,0,0,0.04838253413,0.2794776099,0.04424038462,0.2409625,0,0.1333333333
https://imnews.imbc.com,0,KRHoldout_User_Normal,2026-04-27T01:44:57+00:00,https://imnews.imbc.com,200,,urlopen,3,2,0.1045454545,0.1875,0,0.2,0,0,0.6900161066,1,0,0.125,0,0,1,0,0,0,0,0.01666666667,0.007692307692,0,0,0,0,0,0,0,0,0,0,0,1,0,0,0,0.0298125,0.037625,0,0,0.037625,0.037625,0.037625,0,0,0.03333333333
https://news.kbs.co.kr,0,KRHoldout_User_Normal,2026-04-27T01:44:57+00:00,https://news.kbs.co.kr,200,,urlopen,3,2,0.1,0.175,0,0.3,0,0,0.6826257901,1,0,0.1666666667,0,0,1,0,0,0,0,0.01666666667,0.007692307692,0,0,0,0,0,0,0,0,0,0,0,1,0,0,0,0.0298125,0.037625,0,0,0.037625,0.037625,0.037625,0,0,0.03333333333
https://www.kookmin.ac.kr,0,KRHoldout_User_Normal,2026-04-27T01:44:59+00:00,https://www.kookmin.ac.kr/user/index.do,200,,urlopen,19,784,0.1136363636,0.2125,0,0.3,0,0,0.6969581254,1,0,0.1666666667,0,0,1,0,0,0,0,0.1055555556,1,0.9963235294,0.003676470588,0.1120689655,0.125,0,0,0,0.04375,0,0,0.002577319588,0.07474226804,0.2216494845,0,0.09333333333,0.03536202532,0.04483180611,0.03836322785,0.0358014557,0.06286818474,0.3854913528,0.04601532751,0.3496898972,0.01658163265,0.1333333333
https://www.dankook.ac.kr,0,KRHoldout_User_Normal,2026-04-27T01:44:58+00:00,https://www.dankook.ac.kr/web/kor/home,200,,urlopen,40,641,0.1136363636,0.2125,0,0.3,0,0,0.6824126708,1,0,0.1666666667,0,0,1,0,0,0,0,0.2222222222,1,0.9201388889,0.07986111111,0.1612903226,0.25,0,0,0,0.0875,0,0,0.006269592476,0.01880877743,0.07210031348,0,0.04318936877,0.04723422897,0.06479651478,0.04053948598,0.04015397196,0.08789230856,0.413064486,0.05991760743,0.372910514,0.01092043682,0.5666666667
https://www.sookmyung.ac.kr,0,KRHoldout_User_Normal,2026-04-27T01:44:57+00:00,https://www.sookmyung.ac.kr:443/kr/index.do,200,,urlopen,10,776,0.1227272727,0.2375,0,0.3,0,0,0.7331460441,1,0,0.1666666667,0,0,1,0,0,0,0,0.05555555556,1,1,0,0.01136363636,0.25,0,0,0,0.0875,0,0,0,0.05974025974,0.1688311688,0,0.01,0.03042994859,0.03872316651,0.03773692159,0.03454884319,0.04047513182,0.2786994216,0.03833997132,0.2441505784,0,0.06666666667
https://www.nl.go.kr,0,KRHoldout_User_Normal,2026-04-27T01:44:57+00:00,https://www.nl.go.kr,200,,urlopen,36,596,0.09090909091,0.15,0,0.3,0,0,0.6629889718,1,0,0.1666666667,0,0,1,0,0,0,0,0.2,1,0.9884169884,0.01158301158,0,0.5,0,0,0,0.175,0,0,0,0.04577464789,0.04225352113,0,0.142384106,0.03230129032,0.03904781247,0.0381541129,0.03538322581,0.0381541129,0.2335291129,0.03983031842,0.1981458871,0,0.1333333333
http://netflix-clone-olive-mu.vercel.app,1,KRHoldout_Phishunt,2026-04-27T01:45:19+00:00,http://netflix-clone-olive-mu.vercel.app,200,,public_dns,4,3,0.1818181818,0.4125,0,0.2,0.25,0,0.7500128219,0,0,0.25,0,0.1666666667,1,0,0,0,0,0.02222222222,0.01153846154,0,0,1,0,0,0,0,0,0,0,0,1,0,1,0,0.3108375,0.3408441964,0,0,0.33275625,0.3453375,0.339046875,0.01258125,0.3333333333,0.03333333333
http://amazon-clone-jet-eight-44.vercel.app,1,KRHoldout_Phishunt,2026-04-27T01:44:57+00:00,https://amazon-clone-jet-eight-44.vercel.app/,200,,urlopen,2,1,0.1954545455,0.45,0,0.2,0.3333333333,0.04651162791,0.7619871838,0,0,0.2916666667,0,0,1,0,0,0,0,0.01111111111,0.003846153846,0,0,0,0,0,0,0,0,0,0,0,0,0,0,0,0.0396,0.0404,0,0.0404,0,0.0404,0.0404,0,0,0
http://metamaskchromeextensionn.blogspot.com,1,KRHoldout_Phishunt,2026-04-27T01:44:59+00:00,https://metamaskchromeextensionn.blogspot.com/,200,,urlopen,15,34,0.2,0.4625,0,0.2,0,0,0.7416774185,0,0,0.125,0,0,1,0,0,0,0,0.08333333333,0.1307692308,0.5,0.5,1,0.125,0,0,0,0.04375,0,0,0,0.2,0,0,0.07692307692,0.1292625,0.1440878289,0.05433125,0.0677375,0.293325,0.29529375,0.16591875,0.2409625,0,0.1666666667
https://netflix-clone-signup-page.vercel.app,1,KRHoldout_Phishunt,2026-04-27T01:44:57+00:00,https://netflix-clone-signup-page.vercel.app,200,,urlopen,12,21,0.2,0.45,0,0.2,0.25,0,0.7602320672,1,0,0.25,0,0.1666666667,1,0,0,0,0,0.06666666667,0.08076923077,0,0,0.8888888889,0,0,0,0,0,0,0,0,0.1111111111,0.8888888889,1,0,0.111571875,0.1196570313,0,0.0647,0.1280680556,0.267375,0.129115625,0.2145625,0.04761904762,0.1333333333
https://netflix-clone-amber-seven.vercel.app,1,KRHoldout_Phishunt,2026-04-27T01:44:57+00:00,https://netflix-clone-amber-seven.vercel.app,200,,urlopen,4,3,0.2,0.45,0,0.2,0.25,0,0.7553267325,1,0,0.25,0,0.1666666667,1,0,0,0,0,0.02222222222,0.01153846154,0,0,0,0,0,0,0,0,0,0,0,1,0,1,0,0.20053125,0.2240133929,0,0,0.0730625,0.307875,0.19046875,0.2348125,0.3333333333,0.03333333333
https://netflix-clone-blush-delta.vercel.app,1,KRHoldout_Phishunt,2026-04-27T01:45:19+00:00,https://netflix-clone-blush-delta.vercel.app,200,,public_dns,4,3,0.2,0.45,0,0.2,0.25,0,0.7664708069,1,0,0.25,0,0.1666666667,1,0,0,0,0,0.02222222222,0.01153846154,0,0,0,0,0,0,0,0,0,0,0,1,0,1,0,0.20053125,0.2240133929,0,0,0.0730625,0.307875,0.19046875,0.2348125,0.3333333333,0.03333333333
https://netflix-frontend-five-phi.vercel.app,1,KRHoldout_Phishunt,2026-04-27T01:44:57+00:00,https://netflix-frontend-five-phi.vercel.app,200,,urlopen,4,3,0.2,0.45,0,0.2,0.25,0,0.7503545485,1,0,0.25,0,0.1666666667,1,0,0,0,0,0.02222222222,0.01153846154,0,0,0,0,0,0,0,0,0,0,0,1,0,1,0,0.20053125,0.2240133929,0,0,0.0730625,0.307875,0.19046875,0.2348125,0.3333333333,0.03333333333
http://facebook-frontend-capstone.vercel.app,1,KRHoldout_Phishunt,2026-04-27T01:44:57+00:00,https://facebook-frontend-capstone.vercel.app/,200,,urlopen,4,3,0.2,0.4625,0,0.2,0.1666666667,0,0.7452094555,0,0,0.2083333333,0,0.2,1,0,0,0,0,0.02222222222,0.01153846154,0,0,0,0,0,0,0,0,0,0,0,1,0,1,0,0.20053125,0.2240133929,0,0,0.0730625,0.307875,0.19046875,0.2348125,0.3333333333,0.03333333333
http://facebook-clone-alpha-three.vercel.app,1,KRHoldout_Phishunt,2026-04-27T01:45:20+00:00,https://facebook-clone-alpha-three.vercel.app/,200,,public_dns,4,3,0.2,0.4625,0,0.2,0.25,0,0.7197350876,0,0,0.25,0,0.1666666667,1,0,0,0,0,0.02222222222,0.01153846154,0,0,0,0,0,0,0,0,0,0,0,1,0,1,0,0.20053125,0.2240133929,0,0,0.0730625,0.307875,0.19046875,0.2348125,0.3333333333,0.03333333333
https://next-netflix-22nd-modelly.vercel.app,1,KRHoldout_Phishunt,2026-04-27T01:44:57+00:00,https://next-netflix-22nd-modelly.vercel.app,200,,urlopen,4,25,0.2,0.45,0,0.2,0.25,0.04545454545,0.7782673068,1,0,0.25,0,0.1666666667,1,0,0,0,0,0.02222222222,0.09615384615,0,0,0,0,0,0,0,0,0,0,0,1,0,1,0,0.05607692308,0.06979347826,0,0,0.04307692308,0.2479038462,0.05883284024,0.2048269231,0.04,0.03333333333
https://instagram-clone-nine-delta.vercel.app,1,KRHoldout_Phishunt,2026-04-27T01:44:57+00:00,https://instagram-clone-nine-delta.vercel.app,200,,urlopen,5,43,0.2045454545,0.4625,0,0.2,0.25,0,0.748521561,1,0,0.25,0,0.1666666667,1,0,0,0,0,0.02777777778,0.1653846154,0,0,0,0,0,0,0,0,0,0,0,0.9523809524,0.09523809524,1,0,0.04533238636,0.05734767071,0,0,0.04084659091,0.2434431818,0.05005552686,0.2025965909,0.02325581395,0.03333333333
https://facebook-clone-alpha-three.vercel.app,1,KRHoldout_Phishunt,2026-04-27T01:45:20+00:00,https://facebook-clone-alpha-three.vercel.app,200,,public_dns,4,3,0.2045454545,0.4625,0,0.2,0.25,0,0.7316940983,1,0,0.25,0,0.1666666667,1,0,0,0,0,0.02222222222,0.01153846154,0,0,0,0,0,0,0,0,0,0,0,1,0,1,0,0.20053125,0.2240133929,0,0,0.0730625,0.307875,0.19046875,0.2348125,0.3333333333,0.03333333333
https://netflix2-eight.vercel.app/signin.html,1,KRHoldout_Phishunt,2026-04-27T01:44:57+00:00,https://netflix2-eight.vercel.app/signin.html,200,,urlopen,8,13,0.2045454545,0.3125,0.075,0.3,0.08333333333,0.02222222222,0.7555330256,1,0.1,0.25,0.1666666667,0,1,0,0,0,0,0.04444444444,0.05,1,0,0,0.125,0,0.3333333333,0.3333333333,0.3770833333,0,0,0,0,0.5,0,0.9090909091,0.0749390625,0.09197666284,0.04724375,0.1211208333,0.04724375,0.2562375,0.07494765625,0.20899375,0.07692307692,0.03333333333
https://instagram-clone-lime.vercel.app/signup,1,KRHoldout_Phishunt,2026-04-27T01:45:20+00:00,https://instagram-clone-lime.vercel.app/signup,200,,public_dns,4,5,0.2090909091,0.3875,0.04375,0.2,0.1666666667,0,0.762053903,1,0.1,0.25,0,0.1666666667,1,0,0,0,0,0.02222222222,0.01923076923,0,0,0,0,0,0,0,0,0,0,0,1,0,1,0,0.143625,0.1668815789,0,0,0.06125,0.28425,0.1355833333,0.223,0.2,0.03333333333
http://www.amazon-clone-jet-eight-44.vercel.app/,1,KRHoldout_OpenPhish,2026-04-27T01:44:57+00:00,http://www.amazon-clone-jet-eight-44.vercel.app/,200,,urlopen,3,2,0.2181818182,0.5,0.00625,0.3,0.3333333333,0.04166666667,0.7753565229,0,0,0.3333333333,0,0,1,0,0,0,0,0.01666666667,0.007692307692,0,0,1,0,0,0,0,0,0,0,0,1,0,0,0,0.250425,0.31605,0,0,0.31605,0.31605,0.31605,0,0,0.03333333333
http://instagram-clone-java-full-stack.vercel.app,1,KRHoldout_Phishunt,2026-04-27T01:44:58+00:00,https://instagram-clone-java-full-stack.vercel.app/,200,,urlopen,6,5,0.2227272727,0.525,0,0.2,0.3333333333,0,0.7767953427,0,0,0.2916666667,0,0.1428571429,1,0,0,0,0,0.03333333333,0.01923076923,0,0,0.5,0,0,0,0,0,0,0,0,1,0,1,0,0.2171625,0.2486953947,0,0,0.19421875,0.3147,0.2325541667,0.2409625,0.2,0.06666666667
http://netflix-clone-nine-sand.vercel.app/sign.html,1,KRHoldout_Phishunt,2026-04-27T01:44:58+00:00,https://netflix-clone-nine-sand.vercel.app/sign.html,200,,urlopen,12,22,0.2318181818,0.425,0.0625,0.3,0.25,0,0.7643488037,0,0.1,0.3333333333,0,0.125,1,0,0,0,0,0.06666666667,0.08461538462,1,0,0.5,0.125,0,0.3333333333,0.3333333333,0.3770833333,0.3770833333,0,0,0.5,0.25,1,0.8,0.1347576923,0.157881155,0.05764134615,0.1419160256,0.1781225962,0.2986038462,0.1495723373,0.2409625,0.09090909091,0.06666666667
https://instagram-clone-lime.vercel.app/passwordreset,1,KRHoldout_Phishunt,2026-04-27T01:45:20+00:00,https://instagram-clone-lime.vercel.app/passwordreset,200,,public_dns,4,5,0.2409090909,0.3875,0.0875,0.2,0.1666666667,0,0.7579780227,1,0.1,0.25,0,0.1666666667,1,0,0,0,0,0.02222222222,0.01923076923,0,0,0,0,0,0,0,0,0,0,0,1,0,1,0,0.143625,0.1668815789,0,0,0.06125,0.28425,0.1355833333,0.223,0.2,0.03333333333
http://netflix-clone-jose-pimentas-projects.vercel.app,1,KRHoldout_Phishunt,2026-04-27T01:44:58+00:00,https://netflix-clone-jose-pimentas-projects.vercel.app/,200,,urlopen,4,3,0.2454545455,0.5875,0,0.2,0.3333333333,0,0.7546084923,0,0,0.2916666667,0,0.1428571429,1,0,0,0,0,0.02222222222,0.01153846154,0,0,0,0,0,0,0,0,0,0,0,1,0,1,0,0.20053125,0.2240133929,0,0,0.0730625,0.307875,0.19046875,0.2348125,0.3333333333,0.03333333333
https://security.email-microsoft.com/diyc_smavt1av3ltaq,1,KRHoldout_Phishunt,2026-04-27T01:44:59+00:00,https://game.hoxhunt.com/error?errorMessage=Hoxurl%20invalid%20or%20expired,200,,urlopen,4,5,0.25,0.35,0.11875,0.2,0.08333333333,0.03636363636,0.7965462289,1,0.1,0.25,0,0.1666666667,1,0,0,1,0.2,0.02222222222,0.01923076923,0,0,0,0,0,0,0,0,0,0,0,1,0,1,0,0.143625,0.1668815789,0,0,0.06125,0.28425,0.1355833333,0.223,0.2,0.03333333333
https://netflix-clone-jose-pimentas-projects.vercel.app,1,KRHoldout_Phishunt,2026-04-27T01:44:58+00:00,https://netflix-clone-jose-pimentas-projects.vercel.app,200,,urlopen,4,3,0.25,0.5875,0,0.2,0.3333333333,0,0.7539982441,1,0,0.2916666667,0,0.1428571429,1,0,0,0,0,0.02222222222,0.01153846154,0,0,0,0,0,0,0,0,0,0,0,1,0,1,0,0.20053125,0.2240133929,0,0,0.0730625,0.307875,0.19046875,0.2348125,0.3333333333,0.03333333333
https://netflix-clone-alpha-nine.vercel.app/signin.html,1,KRHoldout_Phishunt,2026-04-27T01:45:20+00:00,https://netflix-clone-alpha-nine.vercel.app/signin.html,200,,public_dns,9,12,0.25,0.4375,0.075,0.3,0.25,0,0.7519712092,1,0.1,0.3333333333,0.125,0.125,1,0,0,0,0,0.05,0.04615384615,1,0,0,0.125,0,0.3333333333,0.3333333333,0.3770833333,0.3770833333,0,0,0,0.6666666667,1,0.9166666667,0.11761875,0.1336400052,0.056103125,0.1388395833,0.056103125,0.27395625,0.1143609375,0.217853125,0.1666666667,0.03333333333
https://amazone-clone-snowy.vercel.app/return&order/return.html,1,KRHoldout_Phishunt,2026-04-27T01:45:20+00:00,https://amazone-clone-snowy.vercel.app/return&order/return.html,200,,public_dns,4,3,0.2863636364,0.375,0.15625,0.3,0.1666666667,0,0.7706402174,1,0.2,0.375,0,0,1,0,0,0,0,0.02222222222,0.01153846154,0,0,0,0,0,0,0,0,0,0,0,0,1,0,1,0.03470625,0.03757625,0,0.0373625,0.03914375,0.03914375,0.038253125,0.00178125,0,0.03333333333
http://support.m365-microsoft.com/i/ab041e84e499243eca3e98fb328201632,1,KRHoldout_Phishunt,2026-04-27T01:44:58+00:00,http://support.m365-microsoft.com/i/ab041e84e499243eca3e98fb328201632,200,,urlopen,2,1,0.3136363636,0.325,0.225,0.2,0.08333333333,0.3768115942,0.8382189975,0,0.2,0.1666666667,0.25,0.25,1,0,0,0,0,0.01111111111,0.003846153846,0,0,0,0,0,0,0,0,0,0,0,0,0,1,0,0.37125,0.37875,0,0,0,0.37875,0.37875,0,1,0
http://support.m365-microsoft.com/i/a8472e4c0bb944ac1b09948052f48dd44,1,KRHoldout_Phishunt,2026-04-27T01:44:58+00:00,http://support.m365-microsoft.com/i/a8472e4c0bb944ac1b09948052f48dd44,200,,urlopen,2,1,0.3136363636,0.325,0.225,0.2,0.08333333333,0.3623188406,0.8404713109,0,0.2,0.1666666667,0.25,0.25,1,0,0,0,0,0.01111111111,0.003846153846,0,0,0,0,0,0,0,0,0,0,0,0,0,1,0,0.37125,0.37875,0,0,0,0.37875,0.37875,0,1,0
http://support.m365-microsoft.com/i/a5722854c480a442880d9de7f2b5b55a9,1,KRHoldout_Phishunt,2026-04-27T01:44:58+00:00,http://support.m365-microsoft.com/i/a5722854c480a442880d9de7f2b5b55a9,200,,urlopen,2,1,0.3136363636,0.325,0.225,0.2,0.08333333333,0.3768115942,0.8404713109,0,0.2,0.1666666667,0.25,0.25,1,0,0,0,0,0.01111111111,0.003846153846,0,0,0,0,0,0,0,0,0,0,0,0,0,1,0,0.37125,0.37875,0,0,0,0.37875,0.37875,0,1,0
http://support.m365-microsoft.com/i/a3c830db69c7a4471885d1d2f44c22798,1,KRHoldout_Phishunt,2026-04-27T01:44:59+00:00,http://support.m365-microsoft.com/i/a3c830db69c7a4471885d1d2f44c22798,200,,urlopen,2,1,0.3136363636,0.325,0.225,0.2,0.08333333333,0.3768115942,0.8467700185,0,0.2,0.1666666667,0.25,0.25,1,0,0,0,0,0.01111111111,0.003846153846,0,0,0,0,0,0,0,0,0,0,0,0,0,1,0,0.37125,0.37875,0,0,0,0.37875,0.37875,0,1,0
https://support.m365-microsoft.com/i/ac044ac20288e4a7bb84dd48b3cbb0756,1,KRHoldout_Phishunt,2026-04-27T01:44:59+00:00,https://support.m365-microsoft.com/i/ac044ac20288e4a7bb84dd48b3cbb0756,200,,urlopen,2,1,0.3181818182,0.325,0.225,0.2,0.08333333333,0.3142857143,0.8323284474,1,0.2,0.1666666667,0.25,0.25,1,0,0,0,0,0.01111111111,0.003846153846,0,0,0,0,0,0,0,0,0,0,0,0,0,1,0,0.37125,0.37875,0,0,0,0.37875,0.37875,0,1,0
https://netflix-welcome-page-clone-in-react-590flgfyo-dazzlerabhi30800.vercel.app,1,KRHoldout_Phishunt,2026-04-27T01:44:58+00:00,https://netflix-welcome-page-clone-in-react-590flgfyo-dazzlerabhi30800.vercel.app,200,,urlopen,4,3,0.3681818182,0.9125,0,0.2,0.5833333333,0.0987654321,0.8360340915,1,0,0.4166666667,0,0.1,1,0,0,0,0,0.02222222222,0.01153846154,0,0,0,0,0,0,0,0,0,0,0,1,0,1,0,0.20053125,0.2240133929,0,0,0.0730625,0.307875,0.19046875,0.2348125,0.3333333333,0.03333333333
http://support.m365-microsoft.com/page/cab136d8e0b44fd69ca7282432a94833/a3c830db69c7a4471885d1d2f44c22798,1,KRHoldout_Phishunt,2026-04-27T01:45:00+00:00,http://support.m365-microsoft.com/Admin/Home/Index,200,,urlopen,2,1,0.4772727273,0.325,0.45,0.2,0.08333333333,0.4476190476,0.846377394,0,0.3,0.25,0.1666666667,0.1666666667,1,0,0,0,0,0.01111111111,0.003846153846,0,0,0,0,0,0,0,0,0,0,0,0,0,1,1,0.37125,0.37875,0,0,0,0.37875,0.37875,0,1,0
http://support.m365-microsoft.com/page/b8b9adf6d6d74dad85d4773d4eb0b31a/a5722854c480a442880d9de7f2b5b55a9,1,KRHoldout_Phishunt,2026-04-27T01:45:00+00:00,http://support.m365-microsoft.com/Admin/Home/Index,200,,urlopen,2,1,0.4772727273,0.325,0.45,0.2,0.08333333333,0.4,0.8436953593,0,0.3,0.25,0.1666666667,0.1666666667,1,0,0,0,0,0.01111111111,0.003846153846,0,0,0,0,0,0,0,0,0,0,0,0,0,1,1,0.37125,0.37875,0,0,0,0.37875,0.37875,0,1,0
http://support.m365-microsoft.com/index/d0c0a4acb5134410a2a4222dddc5dd5a/ab041e84e499243eca3e98fb328201632,1,KRHoldout_Phishunt,2026-04-27T01:45:00+00:00,http://support.m365-microsoft.com/Admin/Home/Index,200,,urlopen,2,1,0.4818181818,0.325,0.45625,0.2,0.08333333333,0.4056603774,0.8443116472,0,0.3,0.25,0.1666666667,0.1666666667,1,0,0,0,0,0.01111111111,0.003846153846,0,0,0,0,0,0,0,0,0,0,0,0,0,1,1,0.37125,0.37875,0,0,0,0.37875,0.37875,0,1,0
http://support.m365-microsoft.com/index/592bfc700e07476abb25aea03dd15abe/a8472e4c0bb944ac1b09948052f48dd44,1,KRHoldout_Phishunt,2026-04-27T01:45:00+00:00,http://support.m365-microsoft.com/Admin/Home/Index,200,,urlopen,2,1,0.4818181818,0.325,0.45625,0.2,0.08333333333,0.3962264151,0.8554884166,0,0.3,0.25,0.1666666667,0.1666666667,1,0,0,0,0,0.01111111111,0.003846153846,0,0,0,0,0,0,0,0,0,0,0,0,0,1,1,0.37125,0.37875,0,0,0,0.37875,0.37875,0,1,0
https://support.m365-microsoft.com/index/8f9582b190ae4833831f9d605ef95d49/ac044ac20288e4a7bb84dd48b3cbb0756,1,KRHoldout_Phishunt,2026-04-27T01:45:02+00:00,https://support.m365-microsoft.com/Admin/Home/Index,200,,urlopen,2,1,0.4863636364,0.325,0.45625,0.2,0.08333333333,0.4205607477,0.8617396555,1,0.3,0.25,0.1666666667,0.1666666667,1,0,0,0,0,0.01111111111,0.003846153846,0,0,0,0,0,0,0,0,0,0,0,0,0,1,1,0.37125,0.37875,0,0,0,0.37875,0.37875,0,1,0
http://itau-landing.vercel.app,1,KRHoldout_Phishunt,2026-04-27T01:44:59+00:00,http://itau-landing.vercel.app,200,,urlopen,3,2,0.1363636364,0.2875,0,0.2,0.08333333333,0,0.7329821537,0,0,0.1666666667,0,0,1,0,0,0,0,0.01666666667,0.007692307692,0,0,1,0,0,0,0,0,0,0,0,1,0,0,0,0.250425,0.31605,0,0,0.31605,0.31605,0.31605,0,0,0.03333333333
https://web3.pancake.run/buy-crypto,1,KRHoldout_OpenPhish,2026-04-27T01:44:59+00:00,https://web3.pancake.run/buy-crypto,200,,urlopen,7,22,0.1590909091,0.2,0.06875,0.2,0.08333333333,0.02857142857,0.7649882758,1,0.1,0.2083333333,0,0,1,0,0,0,0,0.03888888889,0.08461538462,0,0,0.1818181818,0,0,0,0,0,0,0,0.09090909091,0.8181818182,0.09090909091,0,0,0.06938181818,0.1009668876,0,0,0.08756363636,0.4350943182,0.08756363636,0.39075,0.09090909091,0.1
https://opensea-nftc-mu.vercel.app/,1,KRHoldout_OpenPhish,2026-04-27T01:44:59+00:00,https://opensea-nftc-mu.vercel.app/,200,,urlopen,7,29,0.1590909091,0.325,0.00625,0.2,0.1666666667,0,0.7377409381,1,0,0.2083333333,0,0,1,0,0,0,0,0.03888888889,0.1115384615,0,0,0,0,0,0,0.3333333333,0.3333333333,0,0,0,0.3076923077,0.6923076923,0,1,0.04309453125,0.05885677867,0,0.07745520833,0.0405359375,0.152071875,0.04745830078,0.111925,0,0.03333333333
http://user.program-ads-agency.com/,1,KRHoldout_OpenPhish,2026-04-27T01:45:00+00:00,https://user.program-ads-agency.com/,200,,urlopen,4,36,0.1590909091,0.3375,0.00625,0.2,0.1666666667,0,0.7545986654,0,0,0.2083333333,0,0,1,0,0,0,0,0.02222222222,0.1384615385,0,0,0,0,0,0,0,0,0,0,0,0.7222222222,0.2777777778,0,1,0.0298125,0.037625,0,0,0.037625,0.037625,0.037625,0,0,0.03333333333
http://docs-trezoon-cdni.webflow.io/,1,KRHoldout_OpenPhish,2026-04-27T01:45:00+00:00,https://docs-trezoon-cdni.webflow.io/,200,,urlopen,6,6,0.1636363636,0.35,0.00625,0.2,0.1666666667,0,0.7525145686,0,0,0.2083333333,0,0,1,0,0,0,0,0.03333333333,0.02307692308,0,0,1,0,0,0,0,0,0,0,0,0.6666666667,0.3333333333,0,0,0.210825,0.2916130435,0,0,0.27565,0.30795,0.27565,0.08475,0,0.06666666667
https://www.suivre-tracbilities.com/,1,KRHoldout_OpenPhish,2026-04-27T01:45:01+00:00,https://www.suivre-tracbilities.com/pages/ban.php,200,,urlopen,3,2,0.1636363636,0.3375,0.00625,0.2,0.08333333333,0,0.7467304927,1,0,0.1666666667,0,0,1,0,0,0,0,0.01666666667,0.007692307692,1,0,0,0,0,0,0,0,0,0,0,0,0,0,0,0.0298125,0.037625,0,0,0,0.037625,0.037625,0,0,0.03333333333
http://appstarted-trzo.framer.media/,1,KRHoldout_OpenPhish,2026-04-27T01:45:00+00:00,https://appstarted-trzo.framer.media/,200,,urlopen,7,8,0.1636363636,0.35,0.00625,0.2,0.08333333333,0,0.6981969549,0,0,0.1666666667,0,0,1,0,0,0,0,0.03888888889,0.03076923077,0,1,1,0,0,0,0,0,0,0,0,0.5,0.25,0,0,0.2120625,0.2889100216,0,0,0.274721875,0.304659375,0.2769125,0.08120625,0,0.06666666667
https://noshad33.github.io/fb-signup/,1,KRHoldout_OpenPhish,2026-04-27T01:45:22+00:00,https://noshad33.github.io/fb-signup/,200,,public_dns,14,20,0.1681818182,0.225,0.06875,0.2,0.08333333333,0.05405405405,0.7357750591,1,0.1,0.2083333333,0,0.2,1,0,0,0,0,0.07777777778,0.07692307692,0,0,0,0.25,0,0.2222222222,0.2222222222,0.3097222222,0,0,0,0,1,0,0,0.0795675,0.08627042727,0.0484925,0.1010988889,0.0484925,0.258735,0.07995583333,0.21175,0.1,0.03333333333
http://member17.agency-ad-center.com/,1,KRHoldout_OpenPhish,2026-04-27T01:45:01+00:00,https://member17.agency-ad-center.com/,200,,urlopen,6,22,0.1681818182,0.3625,0.00625,0.2,0.1666666667,0.05405405405,0.7475212975,0,0,0.2083333333,0,0,1,0,0,0,0,0.03333333333,0.08461538462,0,0,0.09090909091,0,0,0,0,0,0,0,0,0.9090909091,0.09090909091,0,0,0.04986818182,0.06442509929,0,0,0.06293636364,0.2819931818,0.06293636364,0.2409625,0,0.06666666667
https://opensea-nfts-ivory.vercel.app,1,KRHoldout_Phishunt,2026-04-27T01:45:00+00:00,https://opensea-nfts-ivory.vercel.app,200,,urlopen,7,29,0.1681818182,0.3625,0,0.2,0.1666666667,0,0.7431941009,1,0,0.2083333333,0,0,1,0,0,0,0,0.03888888889,0.1115384615,0,0,0,0,0,0,0.3333333333,0.3333333333,0,0,0,0.3076923077,0.6923076923,0,1,0.04309453125,0.05885677867,0,0.07745520833,0.0405359375,0.152071875,0.04745830078,0.111925,0,0.03333333333
http://member15.agency-ad-connect.com/,1,KRHoldout_OpenPhish,2026-04-27T01:45:01+00:00,https://member15.agency-ad-connect.com/,200,,urlopen,6,22,0.1727272727,0.375,0.00625,0.2,0.1666666667,0.05263157895,0.7483334713,0,0,0.2083333333,0,0,1,0,0,0,0,0.03333333333,0.08461538462,0,0,0.09090909091,0,0,0,0,0,0,0,0,0.9090909091,0.09090909091,0,0,0.04986818182,0.06442509929,0,0,0.06293636364,0.2819931818,0.06293636364,0.2409625,0,0.06666666667
http://www.conneet-xfinity.weebly.com/,1,KRHoldout_OpenPhish,2026-04-27T01:45:01+00:00,https://conneet-xfinity.weebly.com/,200,,urlopen,16,47,0.1727272727,0.375,0.00625,0.3,0.08333333333,0,0.7328066172,0,0,0.2083333333,0,0,1,0,0,0,0,0.08888888889,0.1807692308,1,0,0.3888888889,0.125,0,0,0,0.04375,0,0,0,0.6842105263,0.2631578947,0,0.5,0.08514583333,0.09484420455,0.047225,0.053525,0.1355493056,0.2847160714,0.1077412037,0.2374910714,0,0.06666666667
https://metaforbusinesssupport.center/,1,KRHoldout_OpenPhish,2026-04-27T01:45:01+00:00,https://metaforbusinesssupport.center/,200,,urlopen,7,6,0.1727272727,0.3625,0.00625,0.1,0,0,0.7078339811,1,0,0.08333333333,0,0,1,0,0,0,0,0.03888888889,0.02307692308,0,1,1,0,0,0,0,0,0,0,0,0.3333333333,0,0,0.3333333333,0.2226,0.2864590909,0,0,0.311325,0.311325,0.2809333333,0.0455875,0,0.1
http://laghariboss01.github.io/nakliflix,1,KRHoldout_OpenPhish,2026-04-27T01:45:00+00:00,https://laghariboss01.github.io/nakliflix/,200,,urlopen,5,14,0.1818181818,0.2875,0.0625,0.2,0,0.05,0.7613320264,0,0.1,0.1666666667,0,0.25,1,0,0,0,0,0.02777777778,0.05384615385,0,0,0,0,0,0,0,0,0,0,0,0,1,0,1,0.030403125,0.03317429957,0,0.035084375,0.0380046875,0.0380046875,0.03614023438,0.0119953125,0,0.03333333333
http://community07-freemints.vercel.app/,1,KRHoldout_OpenPhish,2026-04-27T01:45:00+00:00,https://community07-freemints.vercel.app/,200,,urlopen,3,2,0.1818181818,0.4,0.00625,0.2,0.08333333333,0.05,0.7846020968,0,0,0.1666666667,0,0,1,0,0,0,0,0.01666666667,0.007692307692,0,0,0,0,0,0,0,0,0,0,0,1,0,0,0,0.0298125,0.037625,0,0,0.037625,0.037625,0.037625,0,0,0.03333333333
https://metamsklogunexx.godaddysites.com/,1,KRHoldout_OpenPhish,2026-04-27T01:45:01+00:00,https://metamsklogunexx.godaddysites.com/,200,,urlopen,16,55,0.1863636364,0.4,0.00625,0.2,0,0,0.7622403312,1,0,0.125,0,0,1,0,0,0,0,0.08888888889,0.2115384615,0.8421052632,0.1578947368,1,0.125,0,0,0,0.04375,0,0,0,0.2,0.12,0,0.1739130435,0.09087672414,0.1112795232,0.04799439655,0.0550637931,0.2728068966,0.2889568966,0.1154498514,0.2409625,0,0.1666666667
http://member2368.program-ads-agency.com/,1,KRHoldout_OpenPhish,2026-04-27T01:45:01+00:00,http://member2368.program-ads-agency.com/,200,,urlopen,3,2,0.1863636364,0.4125,0.00625,0.2,0.1666666667,0.09756097561,0.7921954864,0,0,0.2083333333,0,0,1,0,0,0,0,0.01666666667,0.007692307692,0,0,1,0,0,0,0,0,0,0,0,1,0,0,0,0.250425,0.31605,0,0,0.31605,0.31605,0.31605,0,0,0.03333333333
http://member55.agency-collab-invite.com/,1,KRHoldout_OpenPhish,2026-04-27T01:45:02+00:00,https://member55.agency-collab-invite.com/,200,,urlopen,6,86,0.1863636364,0.4125,0.00625,0.2,0.1666666667,0.0487804878,0.7744571272,0,0,0.2083333333,0,0,1,0,0,0,0,0.03333333333,0.3307692308,0,0,0.02325581395,0,0,0,0,0,0,0,0,0.4418604651,0.5581395349,0,0,0.03494302326,0.04769326291,0,0,0.0441,0.2794587209,0.0441,0.2409625,0,0.06666666667
http://member20.agency-collab-invite.com/,1,KRHoldout_OpenPhish,2026-04-27T01:45:02+00:00,https://member20.agency-collab-invite.com/,200,,urlopen,6,86,0.1863636364,0.4125,0.00625,0.2,0.1666666667,0.0487804878,0.7833263068,0,0,0.2083333333,0,0,1,0,0,0,0,0.03333333333,0.3307692308,0,0,0.02325581395,0,0,0,0,0,0,0,0,0.4418604651,0.5581395349,0,0,0.03494302326,0.04769326291,0,0,0.0441,0.2794587209,0.0441,0.2409625,0,0.06666666667
https://8989.partner-invoice-network.com/,1,KRHoldout_OpenPhish,2026-04-27T01:45:02+00:00,https://8989.partner-invoice-network.com/,200,,urlopen,6,86,0.1863636364,0.4,0.00625,0.2,0.1666666667,0.09756097561,0.7711095108,1,0,0.2083333333,0,0,1,0,0,0,0,0.03333333333,0.3307692308,0,0,0.02325581395,0,0,0,0,0,0,0,0,0.4418604651,0.5581395349,0,0,0.03494302326,0.04769326291,0,0,0.0441,0.2794587209,0.0441,0.2409625,0,0.06666666667
https://member65.agency-collab-invite.com/,1,KRHoldout_OpenPhish,2026-04-27T01:45:02+00:00,https://member65.agency-collab-invite.com/,200,,urlopen,6,86,0.1909090909,0.4125,0.00625,0.2,0.1666666667,0.04761904762,0.7941895314,1,0,0.2083333333,0,0,1,0,0,0,0,0.03333333333,0.3307692308,0,0,0.02325581395,0,0,0,0,0,0,0,0,0.4418604651,0.5581395349,0,0,0.03494302326,0.04769326291,0,0,0.0441,0.2794587209,0.0441,0.2409625,0,0.06666666667
http://www.uphoeld-loguin.godaddysites.com/,1,KRHoldout_OpenPhish,2026-04-27T01:45:02+00:00,https://uphoeld-loguin.godaddysites.com/,200,,urlopen,10,63,0.1954545455,0.4375,0.00625,0.3,0.08333333333,0,0.7708661076,0,0,0.2083333333,0,0,1,0,0,0,0,0.05555555556,0.2423076923,0.9565217391,0.04347826087,1,0.125,0,0,0,0.04375,0,0,0,0.1333333333,0.1,0,0.08,0.0728296875,0.09542462607,0.0445859375,0.048246875,0.2440198661,0.2751341518,0.09443198242,0.2305482143,0,0.1
http://loggmaskmetha-uk34.godaddysites.com/,1,KRHoldout_OpenPhish,2026-04-27T01:45:02+00:00,https://loggmaskmetha-uk34.godaddysites.com/,200,,urlopen,7,38,0.1954545455,0.4375,0.00625,0.2,0.08333333333,0.04651162791,0.7782036868,0,0,0.1666666667,0,0,1,0,0,0,0,0.03888888889,0.1461538462,0.9333333333,0.06666666667,1,0,0,0,0,0,0,0,0,0.2105263158,0,0,0.1176470588,0.08567171053,0.1302701417,0,0,0.2880730263,0.2880730263,0.1081223684,0.2409625,0,0.1
http://member018.agency-access-gateway.com/,1,KRHoldout_OpenPhish,2026-04-27T01:45:02+00:00,https://member018.agency-access-gateway.com/,200,,urlopen,6,22,0.1954545455,0.4375,0.00625,0.2,0.1666666667,0.06976744186,0.7672519301,0,0,0.2083333333,0,0,1,0,0,0,0,0.03333333333,0.08461538462,0,0,0.09090909091,0,0,0,0,0,0,0,0,0.9090909091,0.09090909091,0,0,0.04986818182,0.06442509929,0,0,0.06293636364,0.2819931818,0.06293636364,0.2409625,0,0.06666666667
http://username8839.invoice-ads-agency.com/,1,KRHoldout_OpenPhish,2026-04-27T01:45:02+00:00,https://username8839.invoice-ads-agency.com/,200,,urlopen,4,36,0.1954545455,0.4375,0.00625,0.2,0.1666666667,0.09302325581,0.8046927461,0,0,0.2083333333,0,0,1,0,0,0,0,0.02222222222,0.1384615385,0,0,0,0,0,0,0,0,0,0,0,0.7222222222,0.2777777778,0,1,0.0298125,0.037625,0,0,0.037625,0.037625,0.037625,0,0,0.03333333333
http://midasbuy-exchange.topup-mobiles.com/,1,KRHoldout_OpenPhish,2026-04-27T01:45:02+00:00,http://midasbuy-exchange.topup-mobiles.com/,200,,urlopen,5,4,0.1954545455,0.4375,0.00625,0.2,0.1666666667,0,0.7898522598,0,0,0.2083333333,0,0,1,0,0,0,0,0.02777777778,0.01538461538,0,0,1,0,0,0,0,0,0,0,0,1,0,0,0,0.250425,0.31605,0,0,0.31605,0.31605,0.31605,0,0,0.06666666667
http://username5612.invoice-ads-agency.com/,1,KRHoldout_OpenPhish,2026-04-27T01:45:03+00:00,https://username5612.invoice-ads-agency.com/,200,,urlopen,4,36,0.1954545455,0.4375,0.00625,0.2,0.1666666667,0.09302325581,0.8131494057,0,0,0.2083333333,0,0,1,0,0,0,0,0.02222222222,0.1384615385,0,0,0,0,0,0,0,0,0,0,0,0.7222222222,0.2777777778,0,1,0.0298125,0.037625,0,0,0.037625,0.037625,0.037625,0,0,0.03333333333
http://member009.agency-system-gateway.com/,1,KRHoldout_OpenPhish,2026-04-27T01:45:02+00:00,http://member009.agency-system-gateway.com/,200,,urlopen,3,2,0.1954545455,0.4375,0.00625,0.2,0.1666666667,0.06976744186,0.7587952705,0,0,0.2083333333,0,0,1,0,0,0,0,0.01666666667,0.007692307692,0,0,1,0,0,0,0,0,0,0,0,1,0,0,0,0.250425,0.31605,0,0,0.31605,0.31605,0.31605,0,0,0.03333333333
http://username3834.invoice-ads-agency.com/,1,KRHoldout_OpenPhish,2026-04-27T01:45:03+00:00,https://username3834.invoice-ads-agency.com/,200,,urlopen,4,36,0.1954545455,0.4375,0.00625,0.2,0.1666666667,0.09302325581,0.8046927461,0,0,0.2083333333,0,0,1,0,0,0,0,0.02222222222,0.1384615385,0,0,0,0,0,0,0,0,0,0,0,0.7222222222,0.2777777778,0,1,0.0298125,0.037625,0,0,0.037625,0.037625,0.037625,0,0,0.03333333333
https://join-program.credit-agency-meta.com/,1,KRHoldout_OpenPhish,2026-04-27T01:45:02+00:00,https://join-program.credit-agency-meta.com/,200,,urlopen,4,36,0.2,0.4375,0.00625,0.2,0.25,0,0.7610574017,1,0,0.25,0,0,1,0,0,0,0,0.02222222222,0.1384615385,0,0,0,0,0,0,0,0,0,0,0,0.7222222222,0.2777777778,0,1,0.0298125,0.037625,0,0,0.037625,0.037625,0.037625,0,0,0.03333333333
http://www.metamsklogunexx.godaddysites.com/,1,KRHoldout_OpenPhish,2026-04-27T01:45:03+00:00,https://metamsklogunexx.godaddysites.com/,200,,urlopen,16,55,0.2,0.45,0.00625,0.3,0,0,0.7775863273,0,0,0.1666666667,0,0,1,0,0,0,0,0.08888888889,0.2115384615,0.8421052632,0.1578947368,1,0.125,0,0,0,0.04375,0,0,0,0.2,0.12,0,0.1739130435,0.09087672414,0.1112795232,0.04799439655,0.0550637931,0.2728068966,0.2889568966,0.1154498514,0.2409625,0,0.1666666667
http://www.promosyonbasvurugrnticeponay.com/,1,KRHoldout_OpenPhish,2026-04-27T01:45:03+00:00,http://www.promosyonbasvurugrnticeponay.com/,200,,public_dns,3,2,0.2,0.45,0.00625,0.2,0,0,0.7689091972,0,0,0.125,0,0,1,0,0,0,0,0.01666666667,0.007692307692,0,0,1,0,0,0,0,0,0,0,0,1,0,0,0,0.250425,0.31605,0,0,0.31605,0.31605,0.31605,0,0,0.03333333333
https://username8834.invoice-ads-agency.com/,1,KRHoldout_OpenPhish,2026-04-27T01:45:03+00:00,https://username8834.invoice-ads-agency.com/,200,,urlopen,4,36,0.2,0.4375,0.00625,0.2,0.1666666667,0.09090909091,0.8034733624,1,0,0.2083333333,0,0,1,0,0,0,0,0.02222222222,0.1384615385,0,0,0,0,0,0,0,0,0,0,0,0.7222222222,0.2777777778,0,1,0.0298125,0.037625,0,0,0.037625,0.037625,0.037625,0,0,0.03333333333
https://username8888.invoice-ads-agency.com/,1,KRHoldout_OpenPhish,2026-04-27T01:45:03+00:00,https://username8888.invoice-ads-agency.com/,200,,urlopen,4,36,0.2,0.4375,0.00625,0.2,0.1666666667,0.09090909091,0.778679974,1,0,0.2083333333,0,0,1,0,0,0,0,0.02222222222,0.1384615385,0,0,0,0,0,0,0,0,0,0,0,0.7222222222,0.2777777778,0,1,0.0298125,0.037625,0,0,0.037625,0.037625,0.037625,0,0,0.03333333333
https://username8237.invoice-ads-agency.com/,1,KRHoldout_OpenPhish,2026-04-27T01:45:03+00:00,https://username8237.invoice-ads-agency.com/,200,,urlopen,4,36,0.2,0.4375,0.00625,0.2,0.1666666667,0.09090909091,0.8117378252,1,0,0.2083333333,0,0,1,0,0,0,0,0.02222222222,0.1384615385,0,0,0,0,0,0,0,0,0,0,0,0.7222222222,0.2777777778,0,1,0.0298125,0.037625,0,0,0.037625,0.037625,0.037625,0,0,0.03333333333
https://username5566.invoice-ads-agency.com/,1,KRHoldout_OpenPhish,2026-04-27T01:45:03+00:00,https://username5566.invoice-ads-agency.com/,200,,urlopen,4,36,0.2,0.4375,0.00625,0.2,0.1666666667,0.09090909091,0.7952088996,1,0,0.2083333333,0,0,1,0,0,0,0,0.02222222222,0.1384615385,0,0,0,0,0,0,0,0,0,0,0,0.7222222222,0.2777777778,0,1,0.0298125,0.037625,0,0,0.037625,0.037625,0.037625,0,0,0.03333333333
https://username3741.invoice-ads-agency.com/,1,KRHoldout_OpenPhish,2026-04-27T01:45:03+00:00,https://username3741.invoice-ads-agency.com/,200,,urlopen,4,36,0.2,0.4375,0.00625,0.2,0.1666666667,0.09090909091,0.8117378252,1,0,0.2083333333,0,0,1,0,0,0,0,0.02222222222,0.1384615385,0,0,0,0,0,0,0,0,0,0,0,0.7222222222,0.2777777778,0,1,0.0298125,0.037625,0,0,0.037625,0.037625,0.037625,0,0,0.03333333333
https://username2003.invoice-ads-agency.com/,1,KRHoldout_OpenPhish,2026-04-27T01:45:03+00:00,https://username2003.invoice-ads-agency.com/,200,,urlopen,4,36,0.2,0.4375,0.00625,0.2,0.1666666667,0.09090909091,0.8034733624,1,0,0.2083333333,0,0,1,0,0,0,0,0.02222222222,0.1384615385,0,0,0,0,0,0,0,0,0,0,0,0.7222222222,0.2777777778,0,1,0.0298125,0.037625,0,0,0.037625,0.037625,0.037625,0,0,0.03333333333
https://username7853.invoice-ads-agency.com/,1,KRHoldout_OpenPhish,2026-04-27T01:45:03+00:00,https://username7853.invoice-ads-agency.com/,200,,urlopen,4,36,0.2,0.4375,0.00625,0.2,0.1666666667,0.09090909091,0.8117378252,1,0,0.2083333333,0,0,1,0,0,0,0,0.02222222222,0.1384615385,0,0,0,0,0,0,0,0,0,0,0,0.7222222222,0.2777777778,0,1,0.0298125,0.037625,0,0,0.037625,0.037625,0.037625,0,0,0.03333333333
https://username3187.invoice-ads-agency.com/,1,KRHoldout_OpenPhish,2026-04-27T01:45:03+00:00,https://username3187.invoice-ads-agency.com/,200,,urlopen,4,36,0.2,0.4375,0.00625,0.2,0.1666666667,0.09090909091,0.8117378252,1,0,0.2083333333,0,0,1,0,0,0,0,0.02222222222,0.1384615385,0,0,0,0,0,0,0,0,0,0,0,0.7222222222,0.2777777778,0,1,0.0298125,0.037625,0,0,0.037625,0.037625,0.037625,0,0,0.03333333333
https://suivre-tracbilities.com/pages/ban.php,1,KRHoldout_OpenPhish,2026-04-27T01:45:04+00:00,https://suivre-tracbilities.com/pages/ban.php,200,,urlopen,3,2,0.2045454545,0.2875,0.0875,0.2,0.08333333333,0,0.7580752094,1,0.2,0.25,0,0,1,0,0,0,0,0.01666666667,0.007692307692,1,0,0,0,0,0,0,0,0,0,0,0,0,0,0,0.0298125,0.037625,0,0,0,0.037625,0.037625,0,0,0.03333333333
https://support237.agency-partner-manage.com/,1,KRHoldout_OpenPhish,2026-04-27T01:45:04+00:00,https://support237.agency-partner-manage.com/,200,,urlopen,6,22,0.2045454545,0.45,0.00625,0.2,0.1666666667,0.06666666667,0.7681367246,1,0,0.2083333333,0,0,1,0,0,0,0,0.03333333333,0.08461538462,0,0,0.09090909091,0,0,0,0,0,0,0,0,0.9090909091,0.09090909091,0,0,0.04986818182,0.06442509929,0,0,0.06293636364,0.2819931818,0.06293636364,0.2409625,0,0.06666666667
https://partner-intake.credit-agency-meta.com/,1,KRHoldout_OpenPhish,2026-04-27T01:45:03+00:00,https://partner-intake.credit-agency-meta.com/,200,,urlopen,4,36,0.2090909091,0.4625,0.00625,0.2,0.25,0,0.739881411,1,0,0.25,0,0,1,0,0,0,0,0.02222222222,0.1384615385,0,0,0,0,0,0,0,0,0,0,0,0.7222222222,0.2777777778,0,1,0.0298125,0.037625,0,0,0.037625,0.037625,0.037625,0,0,0.03333333333
https://altruistic-successes-879938.framer.app/,1,KRHoldout_OpenPhish,2026-04-27T01:45:04+00:00,https://altruistic-successes-879938.framer.app/,200,,urlopen,23,26,0.2136363636,0.475,0.00625,0.2,0.1666666667,0.1276595745,0.7621917834,1,0,0.2083333333,0,0,1,0,0,0,0,0.1277777778,0.1,0,1,1,0.125,0,0,0,0.04375,0,0,0,0.4,0.4,0,0,0.078204375,0.06961403425,0.0463325,0.05174,0.2379590625,0.28375125,0.09925525,0.23741875,0,0.1
http://pilardevs.github.io/herminiweb.github.io,1,KRHoldout_OpenPhish,2026-04-27T01:45:26+00:00,https://pilardevs.github.io/herminiweb.github.io/,200,,public_dns,4,9,0.2136363636,0.2375,0.13125,0.4,0,0,0.747193536,0,0.1,0.25,0,0.3333333333,1,0,0,0,0,0.02222222222,0.03461538462,1,0,0,0,0,0,0,0,0,0,0,0,0,0,0,0.0288,0.03232142857,0,0,0,0.037625,0.03515,0.012375,0,0.03333333333
https://sohabgamer29-oss.github.io/gf/index.html,1,KRHoldout_OpenPhish,2026-04-27T01:45:04+00:00,https://sohabgamer29-oss.github.io/gf/index.html,200,,urlopen,12,11,0.2181818182,0.325,0.0875,0.3,0.08333333333,0.04166666667,0.7918888259,1,0.2,0.2916666667,0,0.1428571429,1,0,0,0,0,0.06666666667,0.04230769231,0,0,0,0,0,0.25,0.375,0.375,0,0,0,1,0,0,1,0.12178125,0.1279902574,0,0.138471875,0.05736875,0.2764875,0.122988125,0.21911875,0.1818181818,0.03333333333
https://myshop-711-com-tw.lpqmh.link/ht1/kefu.php,1,KRHoldout_OpenPhish,2026-04-27T01:45:04+00:00,https://myshop-711-com-tw.lpqmh.link/ht1/kefu.php,200,,urlopen,6,16,0.2227272727,0.35,0.08125,0.3,0.25,0.08163265306,0.7750721759,1,0.2,0.375,0,0,1,0,0,0,0,0.03333333333,0.06153846154,0,1,0,0,0,0,0,0,0,0,0,0.375,0.5,0,0.8,0.052171875,0.06584375,0,0,0.041421875,0.236796875,0.06584375,0.195375,0,0.06666666667
https://pilardevs.github.io/herminiweb.github.io/,1,KRHoldout_OpenPhish,2026-04-27T01:45:26+00:00,https://pilardevs.github.io/herminiweb.github.io/,200,,public_dns,4,9,0.2227272727,0.2375,0.1375,0.4,0,0,0.7493859848,1,0.1,0.25,0,0.3333333333,1,0,0,0,0,0.02222222222,0.03461538462,1,0,0,0,0,0,0,0,0,0,0,0,0,0,0,0.0288,0.03232142857,0,0,0,0.037625,0.03515,0.012375,0,0.03333333333
https://www.robiox.com.gr/users/1156780301/profile,1,KRHoldout_OpenPhish,2026-04-27T01:45:16+00:00,https://www.robiox.com.gr/users/1156780301/profile,200,,requests,11,305,0.2272727273,0.2125,0.15625,0.3,0,0.2,0.8202313418,1,0.3,0.2916666667,0,0,1,0,0,0,0,0.06111111111,1,0.4117647059,0.5882352941,0.962962963,0,0,0,0,0,0,0,0,0.8289473684,0.05921052632,0,0.1052631579,0.2224911765,0.2878961055,0,0.09913823529,0.2955618533,0.3092987688,0.2831631968,0.2392671512,0,0.1
https://www.robiox.com.gr/users/4135547066/profile,1,KRHoldout_OpenPhish,2026-04-27T01:45:17+00:00,https://www.robiox.com.gr/users/4135547066/profile,200,,requests,11,305,0.2272727273,0.2125,0.15625,0.3,0,0.2,0.8229763873,1,0.3,0.2916666667,0,0,1,0,0,0,0,0.06111111111,1,0.4117647059,0.5882352941,0.962962963,0,0,0,0,0,0,0,0,0.8289473684,0.05921052632,0,0.1052631579,0.2224911765,0.2878961055,0,0.09913823529,0.2955618533,0.3092987688,0.2831631968,0.2392671512,0,0.1
https://www.robiox.com.ps/users/5417566300/profile,1,KRHoldout_OpenPhish,2026-04-27T01:45:17+00:00,https://www.robiox.com.ps/users/5417566300/profile,200,,requests,11,305,0.2272727273,0.2125,0.15625,0.3,0,0.2,0.8129586146,1,0.3,0.2916666667,0,0,1,0,0,0,0,0.06111111111,1,0.4117647059,0.5882352941,0.962962963,0,0,0,0,0,0,0,0,0.8289473684,0.05921052632,0,0.1052631579,0.2224911765,0.2878961055,0,0.09913823529,0.2955618533,0.3092987688,0.2831631968,0.2392671512,0,0.1
https://www.robiox.com.ps/users/1670747163/profile,1,KRHoldout_OpenPhish,2026-04-27T01:45:17+00:00,https://www.robiox.com.ps/users/1670747163/profile,200,,requests,11,305,0.2272727273,0.2125,0.15625,0.3,0,0.2,0.8029408418,1,0.3,0.2916666667,0,0,1,0,0,0,0,0.06111111111,1,0.4117647059,0.5882352941,0.962962963,0,0,0,0,0,0,0,0,0.8289473684,0.05921052632,0,0.1052631579,0.2224911765,0.2878961055,0,0.09913823529,0.2955618533,0.3092987688,0.2831631968,0.2392671512,0,0.1
https://support-legderlive-us--learn.typedream.app/,1,KRHoldout_OpenPhish,2026-04-27T01:45:06+00:00,https://support-legderlive-us--learn.typedream.app/,200,,urlopen,3,38,0.2318181818,0.525,0.00625,0.2,0.3333333333,0,0.7460056771,1,0,0.25,0.1666666667,0,1,0,0,0,0,0.01666666667,0.1461538462,0,0,0,0,0,0,0,0,0,0,0,1,0,0,0,0.0298125,0.037625,0,0,0.037625,0.037625,0.037625,0,0,0.03333333333
https://www.roblox.com.ml/users/147472739521/profile,1,KRHoldout_OpenPhish,2026-04-27T01:45:29+00:00,https://www.roblox.com.ml/users/147472739521/profile,200,,public_dns,12,285,0.2363636364,0.2125,0.16875,0.3,0,0.2307692308,0.819174475,1,0.3,0.2916666667,0,0,1,0,0,0,0,0.06666666667,1,0,1,0.992481203,0,0,0,0,0,0,0,0,0.9154929577,0.02112676056,0,0.1818181818,0.2427348776,0.307434689,0,0.1063328671,0.3105460106,0.3145914336,0.3076384016,0.2409625,0,0.1333333333
https://www.robiox.com.py/users/251546238413/profile,1,KRHoldout_OpenPhish,2026-04-27T01:45:07+00:00,https://www.robiox.com.py/users/251546238413/profile,200,,urlopen,12,279,0.2363636364,0.2125,0.16875,0.3,0,0.2307692308,0.8288069488,1,0.3,0.2916666667,0,0,1,0,0,0,0,0.06666666667,1,0,1,0.9923664122,0,0,0,0,0,0,0,0,0.9352517986,0.007194244604,0,0.2,0.2445147321,0.3085308926,0,0.1070658929,0.3123307518,0.3149579464,0.3094446996,0.2409625,0,0.1333333333
https://www.chungbuk.go.kr,0,KRHoldout_User_Normal_Fill,2026-04-27T01:45:05+00:00,http://www.chungbuk.go.kr/www/index.do,200,,urlopen,3,2,0.1181818182,0.225,0,0.3,0,0,0.7042073963,1,0,0.1666666667,0,0,1,0,0,0,0,0.01666666667,0.007692307692,0,0,1,0,0,0,0,0,0,0,0,1,0,0,0,0.250425,0.31605,0,0,0.31605,0.31605,0.31605,0,0,0.03333333333
https://www.chungnam.go.kr,0,KRHoldout_User_Normal_Fill,2026-04-27T01:45:06+00:00,https://www.chungnam.go.kr/main.do,200,,urlopen,37,1141,0.1181818182,0.225,0,0.3,0,0,0.7181934103,1,0,0.1666666667,0,0,1,0,0,0,0,0.2055555556,1,0.9482758621,0.05172413793,0,0.125,0,0,0,0.04375,0,0,0,0.0176366843,0.4708994709,0,0.03333333333,0.03458049738,0.04468266117,0.0384466623,0.03596832461,0.0384466623,0.2338216623,0.04353956512,0.1978533377,0,0.4666666667
https://www.jeju.go.kr,0,KRHoldout_User_Normal_Fill,2026-04-27T01:45:06+00:00,https://www.jeju.go.kr/index.htm,200,,urlopen,46,1224,0.1,0.175,0,0.3,0,0,0.6826257901,1,0,0.1666666667,0,0,1,0,0,0,0,0.2555555556,1,0.9278350515,0.07216494845,0.003144654088,0.25,0,0,0,0.0875,0,0,0.001642036125,0.02955665025,0.6551724138,0,0.03,0.03633217781,0.04795940603,0.03873660277,0.03654820555,0.03949434648,0.2796991028,0.04581565776,0.2431508972,0,0.6666666667
https://www.seosan.go.kr,0,KRHoldout_User_Normal_Fill,2026-04-27T01:45:07+00:00,https://www.seosan.go.kr/www/index.do,200,,urlopen,123,825,0.1090909091,0.2,0,0.3,0,0,0.6801093751,1,0,0.1666666667,0,0,1,0,0,0,0,0.6833333333,1,0.8657718121,0.1342281879,0,1,0.09090909091,0,0.04255319149,0.3925531915,0,0.09090909091,0,0.01587301587,0.1957671958,0,0.006666666667,0.04921229931,0.06033834072,0.08846039668,0.0460312866,0.04109676032,0.5620967603,0.06074795925,0.521,0.002424242424,1
https://www.jeonju.go.kr,0,KRHoldout_User_Normal_Fill,2026-04-27T01:45:10+00:00,https://www.jeonju.go.kr,200,,urlopen,33,805,0.1090909091,0.2,0,0.3,0,0,0.7009797349,1,0,0.1666666667,0,0,1,0,0,0,0,0.1833333333,1,0.9527027027,0.0472972973,0.009708737864,0.125,0,0,0,0.04375,0,0,0,0.01253132832,0.2456140351,0,0.01333333333,0.03630805556,0.04602911863,0.038745,0.036565,0.03956696602,0.23412,0.04568083333,0.197555,0,0.4
https://www.suncheon.go.kr,0,KRHoldout_User_Normal_Fill,2026-04-27T01:45:08+00:00,https://www.suncheon.go.kr/kr/,200,,urlopen,71,1053,0.1181818182,0.225,0,0.3,0,0,0.7042073963,1,0,0.1666666667,0,0,1,0,0,0,0,0.3944444444,1,0.8732876712,0.1267123288,0.004424778761,0.375,0,0,0.09090909091,0.2221590909,0,0,0,0.01737451737,0.4189189189,0,0.02666666667,0.0432143797,0.05702558134,0.03994118891,0.04913237782,0.04100739466,0.2809036889,0.05417228022,0.2419463111,0,0.9333333333
https://www.gimhae.go.kr,0,KRHoldout_User_Normal_Fill,2026-04-27T01:45:09+00:00,https://www.gimhae.go.kr/main.web,200,,urlopen,40,940,0.1090909091,0.2,0,0.3,0,0,0.7009797349,1,0,0.1666666667,0,0,1,0,0,0,0,0.2222222222,1,0.9037800687,0.09621993127,0.02272727273,0.25,0,0,0,0.0875,0,0,0,0.04282655246,0.3340471092,0,0.03,0.04236138535,0.05667179878,0.03976178344,0.03859856688,0.04523820389,0.2807242834,0.05341788443,0.2421257166,0,0.5666666667
https://www.gangseo.seoul.kr,0,KRHoldout_User_Normal_Fill,2026-04-27T01:45:09+00:00,https://www.gangseo.seoul.kr/index,200,,urlopen,107,884,0.1272727273,0.25,0,0.3,0,0,0.7165017877,1,0,0.1666666667,0,0,1,0,0,0,0,0.5944444444,1,0.8299319728,0.1700680272,0.02816901408,0.375,0,0,0,0.13125,0,0,0.002293577982,0.04128440367,0.2821100917,0,0.02,0.05238632022,0.06998287077,0.04146794944,0.04201089888,0.04971134733,0.4205741994,0.06605799482,0.37910625,0.003393665158,1
https://www.gwangjin.go.kr,0,KRHoldout_User_Normal_Fill,2026-04-27T01:45:08+00:00,https://www.gwangjin.go.kr/portal/main/main.do,200,,urlopen,29,823,0.1181818182,0.225,0,0.3,0,0,0.6902213823,1,0,0.1666666667,0,0,1,0,0,0,0,0.1611111111,1,0.966442953,0.03355704698,0.009090909091,0.125,0,0,0,0.04375,0,0,0,0.04411764706,0.2254901961,0,0.006666666667,0.03478423913,0.04431345286,0.03848586957,0.03604673913,0.04067643775,0.2794483696,0.04375764939,0.2434016304,0,0.3333333333
https://www.jungnang.go.kr,0,KRHoldout_User_Normal_Fill,2026-04-27T01:45:10+00:00,https://www.jungnang.go.kr/portal/main.do,200,,urlopen,15,881,0.1181818182,0.225,0,0.3,0,0,0.6936495291,1,0,0.1666666667,0,0,1,0,0,0,0,0.08333333333,1,0.9965635739,0.003436426117,0,0.125,0,0,0,0.04375,0,0,0,0.01834862385,0.3142201835,0,0.03,0.03036967905,0.03802356901,0.03774130068,0.03455760135,0.03774130068,0.2331163007,0.038131141,0.1985586993,0,0.06666666667
https://www.dobong.go.kr,0,KRHoldout_User_Normal_Fill,2026-04-27T01:45:09+00:00,https://www.dobong.go.kr,200,,urlopen,23,826,0.1090909091,0.2,0,0.3,0,0,0.6801093751,1,0,0.1666666667,0,0,1,0,0,0,0,0.1277777778,1,0.9824561404,0.01754385965,0.008196721311,0.25,0,0,0,0.0875,0,0,0.004914004914,0.0171990172,0.2776412776,0,0.05,0.03267410072,0.04141321208,0.03813732014,0.03534964029,0.0401124226,0.2790998201,0.0410043131,0.2437501799,0,0.1666666667
https://www.nowon.kr,0,KRHoldout_User_Normal_Fill,2026-04-27T01:45:09+00:00,https://www.nowon.kr/www/index.do,200,,urlopen,31,1085,0.09090909091,0.15,0,0.2,0,0,0.6221687445,1,0,0.125,0,0,1,0,0,0,0,0.1722222222,1,0.9578947368,0.04210526316,0.0119047619,0.25,0,0,0,0.0875,0,0,0.003724394786,0.06145251397,0.4040968343,0,0.05,0.0353217033,0.04735835559,0.03857815934,0.03623131868,0.04201531212,0.4293281593,0.04442840589,0.3930968407,0.003686635945,0.3333333333
https://www.geumcheon.go.kr,0,KRHoldout_User_Normal_Fill,2026-04-27T01:45:09+00:00,https://www.geumcheon.go.kr,200,,urlopen,16,48,0.1227272727,0.2375,0,0.3,0,0,0.7196780307,1,0,0.1666666667,0,0,1,0,0,0,0,0.08888888889,0.1846153846,0.5555555556,0.4444444444,0.3333333333,0,0,0,0,0,0,0,0,0.08333333333,0.1666666667,0,0.1,0.107821875,0.1522808036,0,0,0.1311927083,0.291834375,0.1360770833,0.2409625,0,0.2333333333
https://www.gwanak.go.kr,0,KRHoldout_User_Normal_Fill,2026-04-27T01:45:10+00:00,https://www.gwanak.go.kr/site/gwanak/main.do,200,,urlopen,85,899,0.1090909091,0.2,0,0.3,0,0,0.6612440342,1,0,0.1666666667,0,0,1,0,0,0,0,0.4722222222,1,0.9756097561,0.0243902439,0.02419354839,1,0,0,0,0.35,0,0,0,0.05352798054,0.2481751825,0,0.04333333333,0.034745625,0.04133121042,0.0386375,0.03635,0.04320675403,0.2796,0.04237640625,0.24325,0,0.3333333333
https://www.dongjak.go.kr,0,KRHoldout_User_Normal_Fill,2026-04-27T01:45:12+00:00,https://www.dongjak.go.kr/portal/main/main.do,200,,urlopen,5,696,0.1136363636,0.2125,0,0.3,0,0,0.7024482163,1,0,0.1666666667,0,0,1,0,0,0,0,0.02777777778,1,1,0,0,0,0,0,0,0,0,0,0,0.05459770115,0.1752873563,0,0.1066666667,0.0298125,0.037625,0,0,0.037625,0.037625,0.037625,0,0,0.03333333333
https://www.hyundai.co.kr,0,KRHoldout_User_Normal_Fill,2026-04-27T01:45:11+00:00,https://www.hyundaimotorgroup.com/ko/main/mainRecommend,200,,urlopen,55,503,0.1136363636,0.2125,0,0.3,0,0,0.7315391254,1,0,0.1666666667,0,0,1,0,0,1,0.2,0.3055555556,1,0.79375,0.20625,0.02352941176,0.125,0,0,0,0.04375,0,0,0,0.08571428571,0.2612244898,0,0.1011235955,0.05491663424,0.06880428783,0.04194683852,0.04296867704,0.0476165444,0.2829093385,0.06895283161,0.2409625,0,0.6666666667
https://www.lg.co.kr,0,KRHoldout_User_Normal_Fill,2026-04-27T01:45:10+00:00,https://www.lg.co.kr,200,,urlopen,59,280,0.09090909091,0.15,0,0.3,0,0,0.6629889718,1,0,0.1666666667,0,0,1,0,0,0,0,0.3277777778,1,0.6097560976,0.3902439024,0.03448275862,0,0,0,0,0,0,0,0,0.09285714286,0.3214285714,0,0.1368421053,0.07282767857,0.09800160761,0,0,0.05054368842,0.2858919643,0.0919125,0.2409625,0,0.9333333333
https://www.sk.co.kr,0,KRHoldout_User_Normal_Fill,2026-04-27T01:45:10+00:00,https://www.sk.co.kr,200,,urlopen,38,278,0.09090909091,0.15,0,0.3,0,0,0.6266253354,1,0,0.1666666667,0,0,1,0,0,0,0,0.2111111111,1,0.6666666667,0.3333333333,0.02702702703,0.375,0,0,0,0.13125,0,0,0.007692307692,0.04615384615,0.2307692308,0,0.08823529412,0.07133198276,0.085487218,0.04478931034,0.04865362069,0.05535012116,0.4355393103,0.08957377051,0.39075,0.007194244604,0.3666666667
https://www.hanwha.co.kr,0,KRHoldout_User_Normal_Fill,2026-04-27T01:45:10+00:00,https://www.hanwha.co.kr,200,,urlopen,8,26,0.1090909091,0.2,0,0.3,0,0,0.6555251895,1,0,0.1666666667,0,0,1,0,0,0,0,0.04444444444,0.1,1,0,0.25,0,0,0,0,0,0,0,0.07692307692,0.1538461538,0.3846153846,0,0.375,0.07609326923,0.1549536358,0,0,0.1312594952,0.4242860577,0.09815192308,0.37910625,0.1153846154,0.06666666667
https://www.cj.net,0,KRHoldout_User_Normal_Fill,2026-04-27T01:45:11+00:00,https://www.cj.net,200,,urlopen,6,112,0.08181818182,0.125,0,0.2,0,0,0.6217058083,1,0,0.125,0,0,1,0,0,0,0,0.03333333333,0.4307692308,0,0,0.01785714286,0,0,0,0,0,0,0,0.01785714286,0.1607142857,0.8214285714,0,0,0.03620089286,0.0628301918,0,0,0.0456875,0.4294598214,0.0456875,0.39075,0.01785714286,0.06666666667
https://www.doosan.com,0,KRHoldout_User_Normal_Fill,2026-04-27T01:45:11+00:00,https://www.doosan.com/en,200,,urlopen,56,390,0.1,0.175,0,0.2,0,0,0.6660968645,1,0,0.125,0,0,1,0,0,0,0,0.3111111111,1,0.6978417266,0.3021582734,0.03773584906,0.25,0,0,0,0.0875,0,0,0,0.046875,0.2291666667,0,0.2146892655,0.07049387755,0.09168904303,0.04454719388,0.04816938776,0.05364011841,0.2855096939,0.08890902749,0.2409625,0,0.8333333333
https://www.hdc-holdings.com,0,KRHoldout_User_Normal_Fill,2026-04-27T01:45:11+00:00,https://www.hdc-holdings.com/ko,200,,urlopen,58,200,0.1272727273,0.25,0,0.2,0.08333333333,0,0.7214036546,1,0,0.1666666667,0,0,1,0,0,0,0,0.3222222222,0.7692307692,0.7209302326,0.2790697674,0.08333333333,0.125,0,0,0,0.04375,0,0,0.01020408163,0.0612244898,0.05102040816,0,0.02272727273,0.07605334158,0.09616630143,0.04550445545,0.05008391089,0.07806695545,0.4362544554,0.09588969219,0.39075,0.01,0.8666666667
https://www.hyosung.com,0,KRHoldout_User_Normal_Fill,2026-04-27T01:45:11+00:00,https://www.hyosung.com/kr/index,200,,urlopen,45,287,0.1045454545,0.1875,0,0.2,0,0,0.6900161066,1,0,0.125,0,0,1,0,0,0,0,0.25,1,0.8363636364,0.1636363636,0.03125,0.125,0,0,0,0.04375,0,0,0.007042253521,0.1056338028,0.1126760563,0,0.1338582677,0.05472421875,0.07119356827,0.04186484375,0.0428046875,0.05407578125,0.4326148438,0.06900678711,0.39075,0.006968641115,0.6666666667
https://www.celltrion.com,0,KRHoldout_User_Normal_Fill,2026-04-27T01:45:11+00:00,https://www.celltrion.com/en-us,200,,urlopen,70,362,0.1136363636,0.2125,0,0.2,0,0,0.7024482163,1,0,0.125,0,0,1,0,0,0,0,0.3888888889,1,0.7419354839,0.2580645161,0.3333333333,0,0,0,0,0,0,0,0.005524861878,0.1491712707,0.1602209945,0,0.1328671329,0.07283162983,0.09219084218,0,0,0.0849819715,0.4240145373,0.09206961326,0.37910625,0.008287292818,1
https://www.hancom.com,0,KRHoldout_User_Normal_Fill,2026-04-27T01:45:11+00:00,https://www.hancom.com,200,,urlopen,28,130,0.1,0.175,0,0.2,0,0,0.6558066786,1,0,0.125,0,0,1,0,0,0,0,0.1555555556,0.5,0.8181818182,0.1818181818,0.1578947368,0.125,0,0,0,0.04375,0,0,0.01587301587,0.1904761905,0.09523809524,0,0,0.05956022727,0.07528222503,0.04271818182,0.04451136364,0.0721958134,0.4334681818,0.07494032369,0.39075,0.01538461538,0.3666666667
https://www.krafton.com,0,KRHoldout_User_Normal_Fill,2026-04-27T01:45:11+00:00,https://www.krafton.com,200,,urlopen,61,371,0.1045454545,0.1875,0,0.2,0,0,0.6998588932,1,0,0.125,0,0,1,0,0,0,0,0.3388888889,1,0.8488372093,0.1511627907,0.08333333333,0,0,0,0,0,0,0,0,0.0652173913,0,0,0.02824858757,0.05601958556,0.06916259593,0,0.04326965241,0.06217753454,0.2830598262,0.0705691416,0.2409625,0,0.9333333333
https://www.ncsoft.com,0,KRHoldout_User_Normal_Fill,2026-04-27T01:45:11+00:00,http://www.nc.com/,200,,urlopen,3,2,0.1,0.175,0,0.2,0,0,0.6495679389,1,0,0.125,0,0,1,0,0,1,0.2,0.01666666667,0.007692307692,0,0,1,0,0,0,0,0,0,0,0,1,0,0,0,0.250425,0.31605,0,0,0.31605,0.31605,0.31605,0,0,0.03333333333
https://www.netmarble.net,0,KRHoldout_User_Normal_Fill,2026-04-27T01:45:11+00:00,https://www.netmarble.net,200,,urlopen,34,161,0.1136363636,0.2125,0,0.2,0,0,0.6733573072,1,0,0.125,0,0,1,0,0,0,0,0.1888888889,0.6192307692,0.6140350877,0.3859649123,0.5909090909,0.125,0,0,0,0.04375,0,0,0,0.1898734177,0.08860759494,0,0.03389830508,0.1034819444,0.1263483929,0.049825,0.058725,0.1611090909,0.2907875,0.1328708333,0.2409625,0,0.4666666667
https://www.snu.ac.kr,0,KRHoldout_User_Normal_Fill,2026-04-27T01:45:11+00:00,https://www.snu.ac.kr,200,,urlopen,22,746,0.09545454545,0.1625,0,0.3,0,0,0.6643194015,1,0,0.1666666667,0,0,1,0,0,0,0,0.1222222222,1,0.9763513514,0.02364864865,0.02739726027,0.25,0,0,0,0.0875,0,0,0,0.027100271,0.1707317073,0,0.01333333333,0.0344325,0.04423669641,0.0384242,0.0359234,0.04502591233,0.2793867,0.04332965813,0.2434633,0,0.2333333333
https://www.cau.ac.kr,0,KRHoldout_User_Normal_Fill,2026-04-27T01:45:12+00:00,https://www.cau.ac.kr/index.do,200,,urlopen,14,428,0.09545454545,0.1625,0,0.3,0,0,0.6470033842,1,0,0.1666666667,0,0,1,0,0,0,0,0.07777777778,1,0.9603960396,0.0396039604,0.08333333333,0,0,0,0,0,0,0,0,0.05607476636,0,0,0.01941747573,0.03753031542,0.04778514075,0,0,0.05901578076,0.2798980724,0.04736530374,0.2409625,0,0.2
https://www.khu.ac.kr,0,KRHoldout_User_Normal_Fill,2026-04-27T01:45:12+00:00,https://www.khu.ac.kr/kor/user/main/view.do,200,,urlopen,41,919,0.09545454545,0.1625,0,0.3,0,0,0.6470033842,1,0,0.1666666667,0,0,1,0,0,0,0,0.2277777778,1,0.9169811321,0.08301886792,0.005347593583,0.5,0,0,0,0.175,0,0,0,0.01769911504,0.3960176991,0,0.1166666667,0.03893642009,0.05054529342,0.03919514039,0.03746528078,0.04048370991,0.2801576404,0.04897290169,0.2426923596,0,0.5
https://www.ajou.ac.kr,0,KRHoldout_User_Normal_Fill,2026-04-27T01:45:12+00:00,https://www.ajou.ac.kr/kr/index.do,200,,urlopen,18,719,0.1,0.175,0,0.3,0,0,0.6826257901,1,0,0.1666666667,0,0,1,0,0,0,0,0.1,1,0.9789473684,0.02105263158,0.05633802817,0.25,0,0,0,0.0875,0,0,0.002808988764,0.04213483146,0.154494382,0,0.05,0.03588469529,0.04864994889,0.03863469529,0.03634439058,0.05672501219,0.4119190703,0.04542082157,0.3755746797,0.006954102921,0.1666666667
https://www.ajoumc.or.kr,0,KRHoldout_User_Normal_Fill,2026-04-27T01:45:12+00:00,https://www.ajoumc.or.kr,200,,urlopen,30,459,0.1090909091,0.2,0,0.3,0,0,0.7009797349,1,0,0.1666666667,0,0,1,0,0,0,0,0.1666666667,1,0.9005524862,0.09944751381,0.04255319149,0.125,0,0,0,0.04375,0,0,0,0.04385964912,0.1622807018,0,0.1697247706,0.045225,0.05797093566,0.04023548913,0.03954597826,0.04833356094,0.2811979891,0.0571214043,0.2416520109,0,0.4
https://www.brmh.org,0,KRHoldout_User_Normal_Fill,2026-04-27T01:45:13+00:00,https://www.brmh.org/main/main.do,200,,urlopen,37,253,0.09090909091,0.15,0,0.2,0,0,0.6516697672,1,0,0.125,0,0,1,0,0,0,0,0.2055555556,0.9730769231,0.619047619,0.380952381,0.05263157895,0.25,0,0,0,0.0875,0,0,0,0.1147540984,0.1967213115,0,0.72,0.07798430233,0.09480126965,0.04585843023,0.05079186047,0.05854066707,0.2868209302,0.09825061745,0.2409625,0,0.4666666667
https://www.paik.ac.kr,0,KRHoldout_User_Normal_Fill,2026-04-27T01:45:14+00:00,https://www.paik.ac.kr/paik/user/main/view.do,200,,urlopen,29,445,0.1,0.175,0,0.3,0,0,0.6495679389,1,0,0.1666666667,0,0,1,0,0,0,0,0.1611111111,1,0.935483871,0.06451612903,0,0.375,0,0,0,0.13125,0,0,0,0.02314814815,0.1157407407,0,0.03125,0.03961344027,0.04873440672,0.03933191372,0.03773882743,0.03933191372,0.2347069137,0.04965646414,0.1969680863,0,0.3
https://www.kumc.or.kr,0,KRHoldout_User_Normal_Fill,2026-04-27T01:45:12+00:00,https://www.kumc.or.kr,200,,urlopen,15,34,0.1,0.175,0,0.3,0,0,0.6660968645,1,0,0.1666666667,0,0,1,0,0,0,0,0.08333333333,0.1307692308,0,0,0.4705882353,0,0,0,0,0,0,0,0,1,0,0,0,0.1336301471,0.1686485294,0,0,0.1686485294,0.2962169118,0.1686485294,0.2409625,0,0.2333333333
https://www.cnuh.com,0,KRHoldout_User_Normal_Fill,2026-04-27T01:45:12+00:00,https://www.cnuh.com/intro.cs,200,,urlopen,26,58,0.09090909091,0.15,0,0.2,0,0,0.6516697672,1,0,0.125,0,0,1,0,0,0,0,0.1444444444,0.2230769231,0.4761904762,0.5238095238,0.1666666667,0.125,1,0,0,0.04375,0,0.125,0,0.1481481481,0.07407407407,0,0,0.12099375,0.1737371629,0.54860125,0.0649025,0.09307416667,0.54860125,0.15487425,0.4956875,0.05172413793,0.3333333333
https://www.knu.ac.kr,0,KRHoldout_User_Normal_Fill,2026-04-27T01:45:14+00:00,https://www.knu.ac.kr/wbbs/wbbs/main/main.action,200,,urlopen,17,665,0.09545454545,0.1625,0,0.3,0,0,0.6643194015,1,0,0.1666666667,0,0,1,0,0,0,0,0.09444444444,1,0.9730639731,0.02693602694,0.02941176471,0.125,0,0,0,0.04375,0,0,0,0.05135951662,0.06042296073,0,0.01,0.03480168919,0.04420013415,0.03847635135,0.0360277027,0.0455634837,0.2794388514,0.04388630286,0.2434111486,0,0.2
https://www.jnu.ac.kr,0,KRHoldout_User_Normal_Fill,2026-04-27T01:45:13+00:00,https://www.jnu.ac.kr/jnumain.aspx,200,,urlopen,17,641,0.09545454545,0.1625,0,0.3,0,0,0.6816354188,1,0,0.1666666667,0,0,1,0,0,0,0,0.09444444444,1,0.9896907216,0.01030927835,0.03846153846,0.25,0,0,0,0.0875,0,0,0,0.02523659306,0.05678233438,0,0.03,0.03225535714,0.04092678766,0.03805263975,0.0351802795,0.04732042821,0.2790151398,0.04059447335,0.2438348602,0,0.1666666667
https://www.gnu.ac.kr,0,KRHoldout_User_Normal_Fill,2026-04-27T01:45:13+00:00,https://www.gnu.ac.kr/intro/www/,200,,urlopen,3,14,0.09545454545,0.1625,0,0.3,0,0,0.6816354188,1,0,0.1666666667,0,0,1,0,0,0,0,0.01666666667,0.05384615385,0,0,0,0,0,0,0,0,0,0,0,1,0,0,0,0.0298125,0.037625,0,0,0.037625,0.037625,0.037625,0,0,0.03333333333
https://www.cbu.ac.kr,0,KRHoldout_User_Normal_Fill,2026-04-27T01:45:13+00:00,https://www.cbnu.ac.kr/www/index.do,200,,urlopen,31,669,0.09545454545,0.1625,0,0.3,0,0,0.6643194015,1,0,0.1666666667,0,0,1,0,0,1,0.2,0.1722222222,1,0.8963210702,0.1036789298,0.1935483871,0.25,0,0,0,0.0875,0,0,0,0.01818181818,0.07575757576,0,0.003333333333,0.0477921365,0.05881189275,0.04069855341,0.04047210682,0.05708484374,0.2360735534,0.06017471889,0.1956014466,0,0.3666666667
https://www.uos.ac.kr,0,KRHoldout_User_Normal_Fill,2026-04-27T01:45:13+00:00,https://www.uos.ac.kr,200,,urlopen,3,2,0.09545454545,0.1625,0,0.3,0,0,0.6643194015,1,0,0.1666666667,0,0,1,0,0,0,0,0.01666666667,0.007692307692,0,0,0,0,0,0,0,0,0,0,0,1,0,0,0,0.0298125,0.037625,0,0,0.037625,0.037625,0.037625,0,0,0.03333333333
https://www.duksung.ac.kr,0,KRHoldout_User_Normal_Fill,2026-04-27T01:45:15+00:00,https://www.duksung.ac.kr/main.do?isMaster=N&isLogined=N&viewPrefix=%2FWEB-INF%2Fjsp%2Fcms&urlRootPath=&siteResourcePath=%2Fsite%2Fduksung,200,,urlopen,19,741,0.1136363636,0.2125,0,0.3,0,0,0.7024482163,1,0,0.1666666667,0,0,1,0,0,0,0,0.1055555556,1,0.9863945578,0.01360544218,0.01369863014,0.25,0,0,0,0.0875,0,0,0,0.07356948229,0.1253405995,0,0.02,0.0324078629,0.04109720121,0.03807681452,0.03522862903,0.04137767068,0.2790393145,0.04080240039,0.2438106855,0,0.2
https://www.dongduk.ac.kr,0,KRHoldout_User_Normal_Fill,2026-04-27T01:45:14+00:00,https://www.dongduk.ac.kr/www/main/index.do,200,,urlopen,16,337,0.1136363636,0.2125,0,0.3,0,0,0.7169936708,1,0,0.1666666667,0,0,1,0,0,0,0,0.08888888889,1,0.9805825243,0.01941747573,0.1290322581,0.25,0,0,0,0.0875,0,0,0.02424242424,0.06060606061,0.2909090909,0,0.6156716418,0.04345080882,0.06577059844,0.03977507353,0.03862514706,0.07795168643,0.4067313235,0.05597654542,0.3681061765,0.03560830861,0.1333333333
https://www.mju.ac.kr,0,KRHoldout_User_Normal_Fill,2026-04-27T01:45:14+00:00,https://www.mju.ac.kr/sites/mjukr/intro/intro.html,200,,urlopen,6,12,0.09545454545,0.1625,0,0.3,0,0,0.6816354188,1,0,0.1666666667,0,0,1,0,0,0,0,0.03333333333,0.04615384615,1,0,0.5,0,0,0,0,0,0,0,0,0.1666666667,0.1666666667,0,0,0.06658125,0.10899375,0,0,0.16435,0.28483125,0.08402916667,0.2409625,0,0.06666666667
https://www.sejong.ac.kr,0,KRHoldout_User_Normal_Fill,2026-04-27T01:45:15+00:00,https://www.sejong.ac.kr/kor/index.do,200,,urlopen,18,722,0.1090909091,0.2,0,0.3,0,0,0.7161312501,1,0,0.1666666667,0,0,1,0,0,0,0,0.1,1,0.9929078014,0.007092198582,0.05194805195,0.125,0,0,0,0.04375,0,0,0,0.07242339833,0.1420612813,0,0.06,0.03329254144,0.04368083408,0.03822354972,0.03552209945,0.05074108219,0.2791860497,0.04195061353,0.2436639503,0,0.2
https://www.konkuk.ac.kr,0,KRHoldout_User_Normal_Fill,2026-04-27T01:45:19+00:00,https://www.konkuk.ac.kr/konkuk/index.do,200,,requests,224,874,0.1090909091,0.2,0,0.3,0,0,0.6706767046,1,0,0.1666666667,0,0,1,0,0,0,0,1,1,0.9714285714,0.02857142857,0.05357142857,0.125,0,0,0,0.04375,0,0,0,0.02380952381,0.1428571429,0,0.06666666667,0.03682206704,0.04015977984,0.0393275838,0.0377301676,0.0466541463,0.2802900838,0.04240729378,0.2425599162,0,0.3333333333
https://www.ssu.ac.kr,0,KRHoldout_User_Normal_Fill,2026-04-27T01:45:15+00:00,https://ssu.ac.kr/,200,,urlopen,28,646,0.09545454545,0.1625,0,0.3,0,0,0.6404675617,1,0,0.1666666667,0,0,1,0,0,0,0,0.1555555556,1,0.9552238806,0.0447761194,0.1090909091,0,0,0,0,0,0,0,0,0.05882352941,0.1114551084,0,0.1066666667,0.0405999613,0.05451430735,0,0,0.0656502899,0.2804118808,0.05129125387,0.2409625,0,0.4
https://www.hansung.ac.kr,0,KRHoldout_User_Normal_Fill,2026-04-27T01:45:15+00:00,https://www.hansung.ac.kr,200,,urlopen,3,4,0.1136363636,0.2125,0,0.3,0,0,0.6879027617,1,0,0.1666666667,0,0,1,0,0,0,0,0.01666666667,0.01538461538,0,0,0,0,0,0,0,0,0,0,0,1,0,0,0,0.0298125,0.037625,0,0,0.037625,0.037625,0.037625,0,0,0.03333333333
https://www.karts.ac.kr,0,KRHoldout_User_Normal_Fill,2026-04-27T01:45:15+00:00,https://www.karts.ac.kr/index_karts.jsp,200,,urlopen,28,434,0.1045454545,0.1875,0,0.3,0,0,0.6306502963,1,0,0.1666666667,0,0,1,0,0,0,0,0.1555555556,1,0.9590643275,0.04093567251,0.0243902439,0.25,0,0,0,0.0875,0,0,0,0.04245283019,0.1509433962,0,0.06557377049,0.03677369318,0.04626265285,0.03884460227,0.03676420455,0.04472173642,0.2798071023,0.04609962552,0.2430428977,0,0.3
https://www.kopo.ac.kr,0,KRHoldout_User_Normal_Fill,2026-04-27T01:45:16+00:00,https://www.kopo.ac.kr/index.do,200,,urlopen,172,738,0.1,0.175,0,0.3,0,0,0.6495679389,1,0,0.1666666667,0,0,1,0,0,0,0,0.9555555556,1,0.8761904762,0.1238095238,0.01149425287,0.375,0,0,0,0.13125,0,0,0,0.03367003367,0.2592592593,0,0.3,0.04401806507,0.04717175404,0.04047063356,0.04001626712,0.04324031747,0.2814331336,0.05247522245,0.2414168664,0,0.5
https://www.flyasiana.com,0,KRHoldout_User_Normal_Fill2,2026-04-27T01:45:16+00:00,https://flyasiana.com/,200,,urlopen,4,18,0.1136363636,0.2125,0,0.2,0,0,0.7169936708,1,0,0.125,0,0,1,0,0,0,0,0.02222222222,0.06923076923,0,0,0,0,0,0,0,0,0,0,0,0.7777777778,0.2222222222,0,0,0.0298125,0.037625,0,0,0.037625,0.037625,0.037625,0,0,0.03333333333
https://www.everland.com,0,KRHoldout_User_Normal_Fill2,2026-04-27T01:45:16+00:00,https://www.everland.com,200,,urlopen,11,12,0.1090909091,0.2,0,0.2,0,0,0.73700161,1,0,0.125,0,0,1,0,0,0,0,0.06111111111,0.04615384615,0,0,0.6666666667,0,0,0,0,0,0,0,0,1,0,0,0,0.1768875,0.2232416667,0,0,0.2232416667,0.3035625,0.2232416667,0.2409625,0,0.1666666667
https://www.seoulland.co.kr,0,KRHoldout_User_Normal_Fill2,2026-04-27T01:45:17+00:00,https://seoulland.co.kr/,200,,urlopen,36,296,0.1227272727,0.2375,0,0.3,0,0,0.7331460441,1,0,0.1666666667,0,0,1,0,0,0,0,0.2,1,0.9325842697,0.06741573034,0.1538461538,0.25,0,0,0,0.0875,0,0,0.007092198582,0.1134751773,0.2482269504,0,0.2457627119,0.05009705882,0.06917220025,0.04112573529,0.04132647059,0.08208126414,0.4202319853,0.06286426374,0.37910625,0.01013513514,0.3333333333
https://www.nseoultower.co.kr,0,KRHoldout_User_Normal_Fill2,2026-04-27T01:45:16+00:00,https://www.nseoultower.co.kr,200,,urlopen,50,170,0.1318181818,0.2625,0,0.3,0,0,0.6935221715,1,0,0.1666666667,0,0,1,0,0,0,0,0.2777777778,0.6538461538,0.53125,0.46875,0.1428571429,0,0,0,0,0,0,0,0,0.05882352941,0.1882352941,0,0.05882352941,0.09925014706,0.1330389694,0,0,0.07906839136,0.2903444118,0.1254985294,0.2409625,0,0.7666666667
http://www.gsrentcar.com,0,naver_search:수원 렌트카,2026-05-21T09:10:47+00:00,http://www.gsrentcar.com,200,,urlopen,3,2,0.1090909091,0.2125,0,0.2,0,0,0.7009797349,0,0,0.125,0,0,1,0,0,0,0,0.01666666667,0.007692307692,0,0,1,0,0,0,0,0,0,0,0,1,0,0,0,0.250425,0.31605,0,0,0.31605,0.31605,0.31605,0,0,0.03333333333
https://www.ioece.com/,0,naver_search:분당 영어학원,2026-05-21T09:10:48+00:00,https://www.ioece.com/,200,,urlopen,17,304,0.1,0.1625,0.00625,0.2,0,0,0.6495679389,1,0,0.125,0,0,1,0,0,0,0,0.09444444444,1,0.8943089431,0.1056910569,0.06896551724,0,0,0,0,0,0,0,0,0.1052631579,0.08552631579,0,0.016,0.04707236842,0.05966249789,0,0,0.05178436933,0.2815184211,0.05940789474,0.2409625,0,0.2333333333
http://www.summerclinic.co.kr,0,naver_search:강남 피부과,2026-05-21T09:10:49+00:00,http://www.summerclinic.co.kr,200,,urlopen,43,413,0.1318181818,0.275,0,0.3,0,0,0.7311397263,0,0,0.1666666667,0,0,1,0,0,0,0,0.2388888889,1,0.9101123596,0.08988764045,0.1698113208,0.25,0,0,0,0.025,0,0,0.06153846154,0.1230769231,0.358974359,0,0.09183673469,0.063540625,0.1020742077,0.0434328125,0.045940625,0.1009933872,0.431846274,0.07987562934,0.3884134615,0.06053268765,0.3
http://www.lawjiyul.co.kr,0,naver_search:대전 법무법인,2026-05-21T09:10:48+00:00,http://www.lawjiyul.co.kr,200,,urlopen,4,8,0.1136363636,0.225,0,0.3,0,0,0.7079383072,0,0,0.1666666667,0,0,1,0,0,0,0,0.02222222222,0.03076923077,0,0,0,0,0,0,0,0,0,0,0,0.75,0.25,0,0,0.0298125,0.037625,0,0,0.037625,0.037625,0.037625,0,0,0.03333333333
http://www.mmcablecar.com/main/main.html,0,naver_search:목포 맛집,2026-05-21T09:10:48+00:00,http://www.mmcablecar.com/main/main.html,200,,urlopen,19,239,0.1818181818,0.225,0.09375,0.3,0,0,0.7015809036,0,0.2,0.25,0,0,1,0,0,0,0,0.1055555556,0.9192307692,0.9397590361,0.06024096386,0.1388888889,0,0,0,0,0,0,0,0.02521008403,0.1008403361,0.1764705882,0,0.1530612245,0.0502209375,0.07926228693,0,0.041193125,0.08658649306,0.4318090625,0.06360434635,0.39075,0.02928870293,0.2333333333
https://mbwps.com/,0,naver_search:강남 피부과,2026-05-21T09:10:48+00:00,https://mbwps.com/,200,,urlopen,40,350,0.08181818182,0.1125,0.00625,0.1,0,0,0.6293309346,1,0,0.08333333333,0,0,1,0,0,0,0,0.2222222222,1,0.4927536232,0.5072463768,0.05208333333,0.375,0,0.2142857143,0.2857142857,0.3232142857,0,0,0,0.1393939394,0.4424242424,0,0.5174825175,0.07609821429,0.09898416703,0.04578619505,0.1020723901,0.0556619112,0.2867486951,0.09301185017,0.2409625,0.008571428571,0.3333333333
http://www.eclatde.com/eclatde/,0,naver_search:강남 피부과,2026-05-21T09:10:48+00:00,http://www.eclatde.com/eclatde/,200,,urlopen,41,417,0.1409090909,0.1875,0.05625,0.2,0,0,0.6573038746,0,0.1,0.1666666667,0,0,1,0,0,0,0,0.2277777778,1,0.9554140127,0.04458598726,0.2666666667,0.25,0,0,0,0.025,0,0,0.009900990099,0.1138613861,0.09900990099,0,0.05421686747,0.0474665493,0.06479431979,0.04062447183,0.04032394366,0.1014950274,0.4313744718,0.05989252463,0.3910505282,0.01438848921,0.4333333333
http://www.riversidelaws.com,0,naver_search:대전 법무법인,2026-05-21T09:10:49+00:00,http://www.riversidelaws.com,200,,urlopen,28,688,0.1272727273,0.2625,0,0.2,0,0,0.7312073884,0,0,0.125,0,0,1,0,0,0,0,0.1555555556,1,0.9666666667,0.03333333333,0,0.125,0,0.07142857143,0.07142857143,0.08392857143,0,0,0,0.0119047619,0.2738095238,0,0.01639344262,0.03522467949,0.04491728514,0.03863173077,0.05081524725,0.03863173077,0.2390134615,0.04357067445,0.202675,0.001453488372,0.1666666667
http://www.ywint.com,0,naver_search:부산 인테리어,2026-05-21T09:10:48+00:00,http://www.ywint.com,200,,urlopen,12,1220,0.09090909091,0.1625,0,0.2,0,0,0.6334879491,0,0,0.125,0,0,1,0,0,0,0,0.06666666667,1,0.9932885906,0.006711409396,0.003225806452,0.125,0,0,0,0.0125,0,0,0,0.01644736842,0.8108552632,0,0.006666666667,0.03079112111,0.03941151637,0.03779568331,0.03466636661,0.03857298169,0.2787581833,0.03881933939,0.2440918167,0,0.1
https://gangnam.vandsclinics.com/,0,naver_search:강남 피부과,2026-05-21T09:10:48+00:00,https://gangnam.vandsclinics.com/,200,,urlopen,15,276,0.15,0.3,0.00625,0.2,0,0,0.7131981043,1,0,0.125,0,0,1,0,0,0,0,0.08333333333,1,0.956043956,0.04395604396,0.08510638298,0,0,0,0,0,0,0,0,0.231884058,0.1956521739,0,0.02150537634,0.04139184783,0.05531852718,0,0,0.06009875116,0.2805538043,0.05223876812,0.2409625,0,0.2
http://iamssam.co.kr/,0,naver_search:청주 과외,2026-05-21T09:10:48+00:00,http://iamssam.co.kr/,200,,urlopen,22,301,0.09545454545,0.1625,0.00625,0.2,0,0,0.670855224,0,0,0.125,0,0,1,0,0,0,0,0.1222222222,1,1,0,0.1206896552,0.125,0,0,0,0.0125,0,0,0,0.09459459459,0.2972972973,0,0.01098901099,0.03750098684,0.05040565476,0.03893059211,0.03693618421,0.06095192831,0.2798930921,0.04729410708,0.2429569079,0,0.2333333333
https://cheongsol-bundang.etoos.com/gate,0,naver_search:분당 영어학원,2026-05-21T09:10:50+00:00,https://cheongsol-bundang.etoos.com/gate,200,,urlopen,5,12,0.1818181818,0.3375,0.03125,0.2,0.08333333333,0,0.7340592991,1,0.1,0.2083333333,0,0,1,0,0,0,0,0.02777777778,0.04615384615,0,0,0.1666666667,0,0,0,0,0,0,0,0,1,0,0,0,0.06658125,0.08402916667,0,0,0.08402916667,0.28483125,0.08402916667,0.2409625,0,0.06666666667
https://www.daeryunlaw.com,0,naver_search:대전 법무법인,2026-05-21T09:10:49+00:00,https://www.daeryunlaw.com,200,,urlopen,50,501,0.1181818182,0.225,0,0.2,0,0,0.7427372914,1,0,0.125,0,0,1,0,0,0,0,0.2777777778,1,0.7446808511,0.2553191489,0.01834862385,0,0,0,0,0,0,0,0,0.068,0.368,0,0.01398601399,0.05669462151,0.07636017873,0,0.04346573705,0.04518275385,0.2831578685,0.07151965286,0.2409625,0,0.7666666667
http://www.jdesign-interior.com/,0,naver_search:부산 인테리어,2026-05-21T09:10:49+00:00,http://www.jdesign-interior.com/,200,,urlopen,21,786,0.1454545455,0.3,0.00625,0.2,0.08333333333,0,0.7442071022,0,0,0.1666666667,0,0,1,0,0,0,0,0.1166666667,1,1,0,0.5631067961,0,0,0,0,0,0,0,0.005102040816,0.2321428571,0.02806122449,0,0.03666666667,0.05966840102,0.08739872203,0,0.04427011421,0.1703076299,0.4217038071,0.07599218303,0.37910625,0.003816793893,0.2333333333
https://jikum.net,0,naver_search:부산 인테리어,2026-05-21T09:10:53+00:00,https://jikum.net/,200,,curl_cffi,21,108,0.07727272727,0.1125,0,0.1,0,0,0.6709302759,1,0,0.08333333333,0,0,1,0,0,0,0,0.1166666667,0.4153846154,0.5357142857,0.4642857143,0.1923076923,0,0,0,0,0,0,0,0,0.1296296296,0.3518518519,0,0.2222222222,0.08800208333,0.1253913347,0,0,0.08182211538,0.28846875,0.1110634259,0.2409625,0,0.3
http://barogclinic.com,0,naver_search:강남 피부과,2026-05-21T09:10:48+00:00,http://barogclinic.com,200,,urlopen,12,906,0.1,0.1875,0,0.1,0,0,0.7053934554,0,0,0.08333333333,0,0,1,0,0,0,0,0.06666666667,1,1,0,0.1043165468,0,0,0,0,0,0,0,0.002207505519,0.03090507726,0.5805739514,0,0.3027888446,0.03896721854,0.05258270705,0,0,0.06081391503,0.3837263977,0.05228399558,0.3449927885,0.0298013245,0.1333333333
https://gu.clinic/,0,naver_search:강남 피부과,2026-05-21T09:10:48+00:00,https://gu.clinic/,200,,urlopen,7,102,0.08181818182,0.1125,0.00625,0.1,0,0,0.6495329548,1,0,0.08333333333,0,0,1,0,0,0,0,0.03888888889,0.3923076923,0.8461538462,0.1538461538,0,0,0,0,0,0,0,0,0,0.6274509804,0.1176470588,0,0,0.03682720588,0.04445199378,0,0,0.03881617647,0.2341911765,0.04647794118,0.195375,0,0.06666666667
https://www.bandimobility.com/,0,naver_search:수원 렌트카,2026-05-21T09:10:48+00:00,https://www.bandimobility.com/,200,,urlopen,19,104,0.1363636364,0.2625,0.00625,0.2,0,0,0.7284070779,1,0,0.125,0,0,1,0,0,0,0,0.1055555556,0.4,1,0,0.2258064516,0,0,0,0,0,0,0,0.01923076923,0.4807692308,0.09615384615,0,0.04545454545,0.05939567308,0.08738590375,0,0,0.09684936414,0.4333985577,0.07496057692,0.39075,0.01923076923,0.2666666667
https://www.toxnfill9.com,0,naver_search:강남 피부과,2026-05-21T09:10:50+00:00,https://www.toxnfill9.com,200,,urlopen,121,419,0.1136363636,0.2125,0,0.2,0,0.04,0.7169936708,1,0,0.125,0,0,1,0,0,0,0,0.6722222222,1,0.6814814815,0.3185185185,0.4827586207,0.25,0,0,0.03448275862,0.05948275862,0,0,0.0207253886,0.06735751295,0.2124352332,0,0.03571428571,0.08515597098,0.1009978157,0.04694542411,0.05682533097,0.1355650685,0.4330379241,0.1086574433,0.3860925,0.0214797136,1
https://www.daemian.co.kr/,0,naver_search:부산 인테리어,2026-05-21T09:10:49+00:00,https://www.daemian.co.kr/,200,,urlopen,18,67,0.1181818182,0.2125,0.00625,0.3,0,0,0.7269004907,1,0,0.1666666667,0,0,1,0,0,0,0,0.1,0.2576923077,0,1,0.04,0.125,0,0,0,0.0125,0,0,0,0.3870967742,0.4193548387,0,0,0.06761892857,0.07792797453,0.04416285714,0.04740071429,0.05380135714,0.2851253571,0.08481788776,0.2409625,0,0.2
http://www.savemecoaching.com,0,naver_search:청주 과외,2026-05-21T09:10:48+00:00,http://www.savemecoaching.com,200,,urlopen,87,174,0.1318181818,0.275,0,0.2,0,0,0.7233333784,0,0,0.125,0,0,1,0,0,0,0,0.4833333333,0.6692307692,0.6,0.4,0.1363636364,0.5,0,0.01470588235,0.01470588235,0.06470588235,0,0,0.02040816327,0.2244897959,0.6530612245,0,0.5,0.05076725207,0.05330806322,0.04205154959,0.04615861388,0.07135779959,0.2830140496,0.05824580886,0.2409625,0.005747126437,0.2333333333
https://store.hanssem.com/interior,0,naver_search:부산 인테리어,2026-05-21T09:10:49+00:00,https://store.hanssem.com/interior,200,,urlopen,15,65,0.1545454545,0.2125,0.05625,0.2,0,0,0.6842469871,1,0.1,0.1666666667,0,0,1,0,0,0,0,0.08333333333,0.25,1,0,0.2727272727,0.125,0,0,0,0.0125,0,0,0.06451612903,0.5161290323,0.1935483871,0,0,0.07853181818,0.1168022315,0.04593977273,0.05095454545,0.1252738636,0.4366897727,0.09898112948,0.39075,0.06153846154,0.1666666667
https://www.yjlawfirm.co.kr,0,naver_search:대전 법무법인,2026-05-21T09:10:50+00:00,https://www.yjlawfirm.co.kr,200,,urlopen,28,1216,0.1227272727,0.2375,0,0.3,0,0,0.7382294617,1,0,0.1666666667,0,0,1,0,0,0,0,0.1555555556,1,1,0,0.02250803859,0.375,0,0,0,0.0375,0,0,0.001669449082,0.01669449082,1.040066778,0,0.04,0.03258670603,0.04395807172,0.0381098127,0.03529462541,0.04388650081,0.4172160627,0.04098076996,0.3819214373,0.002467105263,0.1666666667
https://juniorfrancais.qshop.ai,0,naver_search:청주 과외,2026-05-21T09:10:51+00:00,https://juniorfrancais.qshop.ai,200,,urlopen,15,34,0.1409090909,0.2875,0,0.2,0,0,0.7232576136,1,0,0.125,0,0,1,0,0,0,0,0.08333333333,0.1307692308,0,0,0.3529411765,0,0,0,0,0,0,0,0,1,0,0,0,0.1076757353,0.1358926471,0,0,0.1358926471,0.2918095588,0.1358926471,0.2409625,0,0.2333333333
http://onestoptax.co.kr/,0,naver_search:대구 세무사,2026-05-21T09:10:48+00:00,http://onestoptax.co.kr/,200,,urlopen,3,2,0.1090909091,0.2,0.00625,0.2,0,0,0.6706767046,0,0,0.125,0,0,1,0,0,0,0,0.01666666667,0.007692307692,0,0,1,0,0,0,0,0,0,0,0,1,0,0,0,0.250425,0.31605,0,0,0.31605,0.31605,0.31605,0,0,0.03333333333
http://www.9ssamstudy.com/,0,naver_search:청주 과외,2026-05-21T09:10:48+00:00,http://www.9ssamstudy.com/,200,,urlopen,36,298,0.1181818182,0.225,0.00625,0.2,0,0.03846153846,0.6936495291,0,0,0.125,0,0,1,0,0,0,0,0.2,1,0.9830508475,0.01694915254,0.03947368421,0.375,0,0,0,0.0375,0,0,0.007407407407,0.1259259259,0.4296296296,0,0.2133333333,0.03726984375,0.04769681849,0.03908046875,0.0372359375,0.05056303454,0.4298304688,0.0455021582,0.3925945313,0.006711409396,0.1666666667
https://www.toxnfill1.com,0,naver_search:강남 피부과,2026-05-21T09:10:49+00:00,https://www.toxnfill1.com,200,,urlopen,125,418,0.1136363636,0.2125,0,0.2,0,0.04,0.7169936708,1,0,0.125,0,0,1,0,0,0,0,0.6944444444,1,0.6691176471,0.3308823529,0.3928571429,0.25,0,0,0,0.025,0,0,0.02083333333,0.06770833333,0.203125,0,0.04225352113,0.0834734933,0.09884238033,0.04671037946,0.05249575893,0.1248461256,0.4328028795,0.1063451401,0.3860925,0.02153110048,1
http://www.thehyoosik.com,0,naver_search:부산 인테리어,2026-05-21T09:10:48+00:00,http://www.thehyoosik.com,200,,urlopen,37,254,0.1136363636,0.225,0,0.2,0,0,0.6769225799,0,0,0.125,0,0,1,0,0,0,0,0.2055555556,0.9769230769,0.6585365854,0.3414634146,0.08139534884,0,0,0,0,0,0,0,0.007874015748,0.09448818898,0.5748031496,0,0.02380952381,0.06196269685,0.1016741483,0,0,0.06381905043,0.422136565,0.0785773622,0.37910625,0.01181102362,0.5333333333
http://www.gonghim.com,0,naver_search:부산 인테리어,2026-05-21T09:10:48+00:00,http://www.gonghim.com,200,,urlopen,23,83,0.1,0.1875,0,0.2,0,0,0.6558066786,0,0,0.125,0,0,1,0,0,0,0,0.1277777778,0.3192307692,1,0,0.1666666667,0.5,0,0,0,0.05,0,0,0,0.53125,0.03125,0,0.1764705882,0.04618484043,0.05271542464,0.04072712766,0.04052925532,0.08088754433,0.2816896277,0.05606140222,0.2411603723,0,0.1333333333
https://m.lotterentacar.net,0,naver_search:수원 렌트카,2026-05-21T09:10:48+00:00,https://m.lotterentacar.net,200,,urlopen,1,0,0.1227272727,0.2375,0,0.2,0,0,0.6607225593,1,0,0.08333333333,0,0,0,0,0,0,0,0.005555555556,0,0,0,0,0,0,0,0,0,0,0,0,0,0,0,0,0,0,0,0,0,0,0,0,0,0
https://www.lawwin.co.kr/daejeon,0,naver_search:대전 법무법인,2026-05-21T09:10:49+00:00,https://www.lawwin.co.kr/daejeon,200,,urlopen,63,782,0.1454545455,0.2,0.05,0.3,0,0,0.7322760484,1,0.1,0.2083333333,0,0,1,0,0,0,0,0.35,1,0.9011857708,0.09881422925,0.06837606838,0.5,0,0,0,0.05,0,0,0.002702702703,0.02162162162,0.2918918919,0,0.09318996416,0.04573511029,0.05776807565,0.04041185662,0.03989871324,0.0564421344,0.4195181066,0.05712126991,0.3796193934,0.003836317136,0.3666666667
https://www.primeflower.kr,0,naver_search:광주 꽃집,2026-05-21T09:10:51+00:00,https://www.primeflower.kr,0,<urlopen error [SSL: CERTIFICATE_VERIFY_FAILED] certificate verify failed: unable to get local issuer certificate (_ssl.c:1028)>,urlopen,1,0,0.1181818182,0.225,0,0.2,0,0,0.6955003159,1,0,0.125,0,0,0,1,1,0,0,0.005555555556,0,0,0,0,0,0,0,0,0,0,0,0,0,0,0,0,0.25,0,0,0,0,0,0,0,0,0
http://russel.megastudy.net,0,naver_search:분당 영어학원,2026-05-21T09:10:49+00:00,https://russel.megastudy.net/,200,,urlopen,31,784,0.1227272727,0.25,0,0.2,0,0,0.7062100172,0,0,0.125,0,0,1,0,0,0,0,0.1722222222,1,0.9863945578,0.01360544218,0.1649484536,0,0,0,0,0,0,0,0.01023017903,0.05115089514,0.1867007673,0,0.02,0.04023979008,0.05960570195,0,0.03788034351,0.0772691666,0.4301526718,0.05072965736,0.3922723282,0.01020408163,0.4333333333
https://www.tiktok.com/@mokpocity_story,0,naver_search:목포 맛집,2026-05-21T09:10:51+00:00,https://www.tiktok.com/@mokpocity_story,200,,urlopen,3,122,0.1772727273,0.175,0.10625,0.2,0,0,0.7027813918,1,0.1,0.2083333333,0,0,1,0,0,0,0,0.01666666667,0.4692307692,0,0,1,0,0,0,0,0,0,0,0,1,0,0,0,0.250425,0.31605,0,0,0.31605,0.31605,0.31605,0,0,0.03333333333
https://www.vancar.kr/,0,naver_search:수원 렌트카,2026-05-21T09:10:49+00:00,https://www.vancar.kr/,200,,urlopen,13,116,0.1,0.1625,0.00625,0.2,0,0,0.6660968645,1,0,0.125,0,0,1,0,0,0,0,0.07222222222,0.4461538462,0.6153846154,0.3846153846,0,0,0,0,0,0,0,0,0,0.4655172414,0.3103448276,0,0,0.04523275862,0.05482375836,0,0,0.04024353448,0.2356185345,0.0570862069,0.195375,0,0.1666666667
https://kwangju.lime3651.co.kr/,0,naver_search:광주 꽃집,2026-05-21T09:10:49+00:00,https://kwangju.lime3651.co.kr/,200,,urlopen,7,10,0.1409090909,0.275,0.00625,0.3,0,0.1290322581,0.8215267485,1,0,0.1666666667,0,0,1,0,0,0,0,0.03888888889,0.03846153846,0,0,0.4,0,0,0,0,0,0,0,0,1,0,0,0,0.1180575,0.148995,0,0,0.148995,0.2935725,0.148995,0.2409625,0,0.1
http://sinbiweb.co.kr,0,naver_search:인천 홈페이지 제작,2026-05-21T09:10:49+00:00,https://sinbiweb.co.kr/web/home.php?go=main&,200,,urlopen,60,732,0.09545454545,0.175,0,0.2,0,0,0.7120230812,0,0,0.125,0,0,1,0,0,0,0,0.3333333333,1,0.8623853211,0.1376146789,0.0162601626,0.25,0,0,0,0.025,0,0,0,0.1718309859,0.5211267606,0,0.2158273381,0.0397905,0.05113487832,0.0393854,0.0378458,0.04330348943,0.2803479,0.04969676587,0.2425021,0,0.6333333333
http://msd.eduplex.net,0,naver_search:분당 영어학원,2026-05-21T09:10:49+00:00,http://msd.eduplex.net,200,,urlopen,33,74,0.1,0.1875,0,0.2,0,0,0.6660968645,0,0,0.125,0,0,1,0,0,0,0,0.1833333333,0.2846153846,0.3333333333,0.6666666667,0.5357142857,0,0,0,0,0,0,0,0,0.3783783784,0.3783783784,0,0.1818181818,0.1366540541,0.2113228313,0,0,0.1681085304,0.2967304054,0.1724648649,0.2409625,0,0.5
http://bonitapilateskn.com/,0,naver_search:창원 필라테스,2026-05-21T09:10:49+00:00,http://bonitapilateskn.com/,200,,urlopen,13,144,0.1227272727,0.2375,0.00625,0.1,0,0,0.7112934347,0,0,0.08333333333,0,0,1,0,0,0,0,0.07222222222,0.5538461538,0.9642857143,0.03571428571,0.125,0,0,0,0,0,0,0,0,0.1111111111,0.1111111111,0,0.01754385965,0.040909375,0.055790625,0,0,0.0696296875,0.280471875,0.05162986111,0.2409625,0,0.1666666667
http://www.waterdental.kr,0,naver_search:천안 치과,2026-05-21T09:10:49+00:00,http://www.waterdental.kr,200,,urlopen,7,158,0.1136363636,0.225,0,0.2,0,0,0.65524658,0,0,0.125,0,0,1,0,0,0,0,0.03888888889,0.6076923077,0.9743589744,0.02564102564,0,0,0,0,0,0,0,0,0,0.1139240506,0.3924050633,0,0.170212766,0.03207674051,0.04082064475,0,0,0.03800949367,0.2333844937,0.04048259494,0.195375,0,0.06666666667
https://domestic-rentcar.zzimcar.com/main,0,naver_search:수원 렌트카,2026-05-21T09:10:49+00:00,https://domestic-rentcar.zzimcar.com/main,200,,urlopen,27,112,0.1863636364,0.35,0.03125,0.2,0.08333333333,0,0.7301112292,1,0.1,0.2083333333,0,0,1,0,0,0,0,0.15,0.4307692308,0.6363636364,0.3636363636,0.3235294118,0,0,0,0,0,0,0,0.01785714286,0.3035714286,0.2857142857,0,0,0.07815133929,0.1004492698,0,0,0.08682392332,0.4365834821,0.09863125,0.39075,0.01785714286,0.4
http://www.saeneuldental.co.kr/,0,naver_search:천안 치과,2026-05-21T09:10:49+00:00,http://www.saeneuldental.co.kr/,200,,urlopen,7,128,0.1409090909,0.2875,0.00625,0.3,0,0,0.7261328335,0,0,0.1666666667,0,0,1,0,0,0,0,0.03888888889,0.4923076923,1,0,0.03448275862,0,0,0,0,0,0,0,0,0.203125,0.25,0,0.05405405405,0.03325957031,0.04442072527,0,0,0.04651940329,0.2791728516,0.04197539063,0.2409625,0,0.06666666667
https://www.entor.co.kr/index.php,0,naver_search:분당 영어학원,2026-05-21T09:10:50+00:00,https://www.entor.co.kr/index.php,200,,urlopen,60,616,0.15,0.1875,0.0625,0.4,0,0,0.7131981043,1,0.1,0.25,0,0,1,0,0,0,0,0.3333333333,1,0.9456521739,0.05434782609,0.07476635514,0.375,0,0.1428571429,0.3571428571,0.3946428571,0,0,0.006872852234,0.05841924399,0.3058419244,0,0.1153846154,0.04975260093,0.07161189315,0.04137628106,0.09476506211,0.06129094227,0.4204825311,0.05876874494,0.37910625,0.01136363636,0.4333333333
https://www.tomatorentcar.co.kr,0,naver_search:수원 렌트카,2026-05-21T09:10:50+00:00,https://www.tomatorentcar.co.kr,200,,urlopen,37,311,0.1409090909,0.2875,0,0.3,0,0,0.6859290037,1,0,0.1666666667,0,0,1,0,0,0,0,0.2055555556,1,0.9186046512,0.08139534884,0.6349206349,0.25,0,0,0,0.025,0,0,0.006711409396,0.08724832215,0.3288590604,0,0.14,0.07236070313,0.09203931108,0.0440796875,0.047234375,0.1560171875,0.4173640625,0.09688018555,0.373284375,0.01607717042,0.3666666667
http://misorentcar.co.kr,0,naver_search:수원 렌트카,2026-05-21T09:10:49+00:00,http://misorentcar.co.kr,200,,urlopen,13,96,0.1090909091,0.2125,0,0.2,0,0,0.7009797349,0,0,0.125,0,0,1,0,0,0,0,0.07222222222,0.3692307692,0.8571428571,0.1428571429,0.07317073171,0,0,0,0,0,0,0,0,0.3125,0.5416666667,0,0.4615384615,0.04136484375,0.05473431134,0,0,0.04959373095,0.2805492188,0.0522046875,0.2409625,0,0.1666666667
https://jwtaxpartners.com/,0,naver_search:대구 세무사,2026-05-21T09:10:50+00:00,https://jwtaxpartners.com/,200,,urlopen,1,0,0.1181818182,0.2125,0.00625,0.1,0,0,0.7094863299,1,0,0.08333333333,0,0,0,0,0,0,0,0.005555555556,0,0,0,0,0,0,0,0,0,0,0,0,0,0,0,0,0,0,0,0,0,0,0,0,0,0
http://www.hanaroflower.com/,0,naver_search:광주 꽃집,2026-05-21T09:10:50+00:00,http://www.hanaroflower.com/,200,,urlopen,27,928,0.1272727273,0.25,0.00625,0.2,0,0,0.6954296287,0,0,0.125,0,0,1,0,0,0,0,0.15,1,0.9965753425,0.003424657534,0.03067484663,0.5,0,0,0,0.05,0,0,0.002197802198,0.03296703297,0.3230769231,0,0.02666666667,0.03214429638,0.04114090725,0.03805029318,0.03517558635,0.0435239895,0.2790127932,0.04030794868,0.2438372068,0,0.2
https://www.skyscanner.co.kr/sttc/px/captcha-v2/index.html?url=Lz8=&uuid=7bdb1241-54f2-11f1-981e-6fa7b8ba9964&vid=,0,naver_search:수원 렌트카,2026-05-21T09:10:49+00:00,https://www.skyscanner.co.kr/sttc/px/captcha-v2/index.html?url=Lz8=&uuid=7bdb1241-54f2-11f1-981e-6fa7b8ba9964&vid=,200,,urlopen,3,2,0.5181818182,0.25,0.1875,0.4,0.4166666667,0.201754386,0.927875084,1,0.4,0.7916666667,0,0,1,0,0,0,0,0.01666666667,0.007692307692,0,0,0,0,0,0,0,0,0,0,0,1,0,0,0,0.0298125,0.037625,0,0,0.037625,0.037625,0.037625,0,0,0.03333333333
https://delphic.co.kr:443/,0,naver_search:강남 피부과,2026-05-21T09:10:50+00:00,https://delphic.co.kr:443/,200,,urlopen,16,78,0.1181818182,0.1625,0.00625,0.2,0,0.1153846154,0.7234723438,1,0,0.125,0,0,1,0,0,0,0,0.08888888889,0.3,0.7619047619,0.2380952381,0.2352941176,0,0,0,0,0,0,0,0,0,0.4473684211,0,0.125,0.0604125,0.07439977376,0,0.044855,0.06281058824,0.238265,0.075876375,0.195375,0,0.2
http://www.buldang.co.kr,0,naver_search:천안 치과,2026-05-21T09:10:50+00:00,http://www.buldang.co.kr,200,,urlopen,13,207,0.1090909091,0.2125,0,0.3,0,0,0.7312827652,0,0,0.1666666667,0,0,1,0,0,0,0,0.07222222222,0.7961538462,1,0,0.109375,0.125,0,0,0,0.0125,0,0,0.05940594059,0.09900990099,0.4752475248,0,0.1590909091,0.05263607143,0.09968175425,0.04154,0.042155,0.08193785156,0.43229,0.06618102381,0.39075,0.05797101449,0.1
http://fourseasonsstation.com,0,naver_search:제주 펜션,2026-05-21T09:10:49+00:00,http://fourseasonsstation.com,200,,urlopen,3,2,0.1318181818,0.275,0,0.1,0,0,0.6951814975,0,0,0.08333333333,0,0,1,0,0,0,0,0.01666666667,0.007692307692,0,0,1,0,0,0,0,0,0,0,0,1,0,0,0,0.250425,0.31605,0,0,0.31605,0.31605,0.31605,0,0,0.03333333333
http://www.century100.co.kr,0,naver_search:천안 치과,2026-05-21T09:10:49+00:00,http://www.century100.co.kr,200,,urlopen,36,1096,0.1227272727,0.25,0,0.3,0,0.1111111111,0.7145946131,0,0,0.1666666667,0,0,1,0,0,0,0,0.2,1,0.8375451264,0.1624548736,0.03053435115,0.375,0,0.08333333333,0.1666666667,0.2041666667,0,0,0.007421150278,0.03710575139,0.4415584416,0,0.07666666667,0.04965920578,0.07224747309,0.04105726534,0.06740619735,0.05070173099,0.4318072653,0.06205891188,0.39075,0.008211678832,0.3333333333
https://2026mobiletax.vercel.app/,0,naver_search:대구 세무사,2026-05-21T09:10:50+00:00,https://2026mobiletax.vercel.app/,200,,urlopen,10,42,0.15,0.3,0.00625,0.2,0,0.1212121212,0.768294523,1,0,0.125,0,0,1,0,0,0,0,0.05555555556,0.1615384615,0.5714285714,0.4285714286,0.07142857143,0,0,0,0,0,0,0,0.04761904762,0,0.619047619,0,0,0.07240178571,0.1425446429,0,0,0.07276785714,0.4356071429,0.091375,0.39075,0.04761904762,0.1333333333
http://www.wooduk.net,0,naver_search:울산 변호사,2026-05-21T09:10:49+00:00,http://www.wooduk.net,200,,urlopen,3,2,0.09545454545,0.175,0,0.2,0,0,0.6362231894,0,0,0.125,0,0,1,0,0,0,0,0.01666666667,0.007692307692,1,0,0,0,0,0,0,0,0,0,0,0,0,0,0,0.0298125,0.037625,0,0,0,0.037625,0.037625,0,0,0.03333333333
https://designchateum.com/,0,naver_search:인천 홈페이지 제작,2026-05-21T09:10:51+00:00,https://designchateum.com/,200,,urlopen,1,0,0.1181818182,0.2125,0.00625,0.1,0,0,0.7181934103,1,0,0.08333333333,0,0,0,0,0,0,0,0.005555555556,0,0,0,0,0,0,0,0,0,0,0,0,0,0,0,0,0,0,0,0,0,0,0,0,0,0
https://www.tamnao.com/,0,naver_search:제주 펜션,2026-05-21T09:10:50+00:00,https://www.tamnao.com/,200,,urlopen,113,355,0.1045454545,0.175,0.00625,0.2,0,0,0.646460573,1,0,0.125,0,0,1,0,0,0,0,0.6277777778,1,0.7049180328,0.2950819672,0.1375,0.5,0,0,0,0.05,0,0,0.007092198582,0.1631205674,0.3971631206,0,0.115942029,0.06024642857,0.06674019002,0.04312625,0.0453275,0.07895699219,0.41524625,0.0744766369,0.37212,0.01690140845,0.7
http://www.combrothers.com,0,naver_search:성남 컴퓨터 수리,2026-05-21T09:10:50+00:00,http://www.combrothers.com,200,,urlopen,25,155,0.1181818182,0.2375,0,0.2,0,0,0.6709564347,0,0,0.125,0,0,1,0,0,0,0,0.1388888889,0.5961538462,1,0,0.09523809524,0.125,0,0,0,0.0125,0,0,0,0.3943661972,0.1971830986,0,0.1470588235,0.04001746988,0.0489081578,0.03954021084,0.03815542169,0.0587675918,0.2805027108,0.04908620264,0.2423472892,0,0.1666666667
http://www.paran24.co.kr,0,naver_search:포항 이사 업체,2026-05-21T09:10:51+00:00,http://www.paran24.co.kr,200,,urlopen,18,36,0.1090909091,0.2125,0,0.3,0,0.08333333333,0.6858282198,0,0,0.1666666667,0,0,1,0,0,0,0,0.1,0.1384615385,0,0,0.4444444444,0,0,0,0,0,0,0,0,0.9444444444,0.05555555556,0,0,0.1212625,0.1524308526,0,0,0.1546361111,0.2938875,0.1546361111,0.2409625,0,0.2666666667
https://www.velyb.kr,0,naver_search:강남 피부과,2026-05-21T09:10:51+00:00,https://www.velyb.kr,200,,urlopen,18,550,0.09090909091,0.15,0,0.2,0,0,0.6880334036,1,0,0.125,0,0,1,0,0,0,0,0.1,1,1,0,0.02777777778,0.25,0,0,0,0.025,0,0,0,0.04832713755,0.219330855,0,0.02475247525,0.03167459677,0.04048854227,0.03798064516,0.03503629032,0.04467404794,0.2789431452,0.03962354897,0.2439068548,0,0.1
https://bhdflower.com,0,naver_search:광주 꽃집,2026-05-21T09:10:50+00:00,https://bhdflower.com,200,,urlopen,15,1199,0.09545454545,0.1625,0,0.1,0,0,0.7293390985,1,0,0.08333333333,0,0,1,0,0,0,0,0.08333333333,1,0.9965870307,0.003412969283,0,0.25,0,0,0,0.025,0,0,0,0.001683501684,0.5218855219,0,0.02333333333,0.03022276119,0.03794644132,0.03771063433,0.03449626866,0.03771063433,0.2330856343,0.03799732494,0.1985893657,0,0.06666666667
https://www.ebom.co.kr/,0,naver_search:인천 홈페이지 제작,2026-05-21T09:10:50+00:00,https://www.ebom.co.kr/,200,,urlopen,17,57,0.1045454545,0.175,0.00625,0.3,0,0,0.6780811263,1,0,0.1666666667,0,0,1,0,0,0,0,0.09444444444,0.2192307692,0.5,0.5,0.04761904762,0.125,0,0,0,0.0125,0,0,0,0.24,0.6,0,0.7333333333,0.05004798387,0.05944030731,0.04128306452,0.04164112903,0.05275746928,0.2822455645,0.06171863944,0.2409625,0,0.1333333333
https://taeyulaw-criminal.com/,0,naver_search:울산 변호사,2026-05-21T09:10:50+00:00,https://taeyulaw-criminal.com/,200,,urlopen,52,365,0.1363636364,0.2625,0.00625,0.1,0.08333333333,0,0.757224578,1,0,0.125,0,0,1,0,0,0,0,0.2888888889,1,0.7692307692,0.2307692308,0.08602150538,0.125,0,0,0,0.0125,0,0,0,0.1052631579,0.4385964912,0,0.07142857143,0.05608911917,0.07082649245,0.04221534974,0.04350569948,0.06190137125,0.2831778497,0.07006326344,0.2409625,0,0.4333333333
http://yes2424.com,0,naver_search:포항 이사 업체,2026-05-21T09:10:52+00:00,http://yes2424.com,200,,public_dns,3,2,0.08181818182,0.1375,0,0.1,0,0.2222222222,0.6773601013,0,0,0.08333333333,0,0,1,0,0,0,0,0.01666666667,0.007692307692,0,0,1,0,0,0,0,0,0,0,0,1,0,0,0,0.250425,0.31605,0,0,0.31605,0.31605,0.31605,0,0,0.03333333333
https://www.mokpo.go.kr/www,0,naver_search:목포 맛집,2026-05-21T09:10:51+00:00,https://www.mokpo.go.kr/www,200,,urlopen,34,752,0.1227272727,0.1875,0.025,0.3,0,0,0.6236196973,1,0.1,0.2083333333,0,0,1,0,0,0,0,0.1888888889,1,0.9593220339,0.0406779661,0.01315789474,0.25,0,0,0,0.025,0,0,0,0.02964959569,0.1752021563,0,0.01666666667,0.03621312665,0.04590574769,0.03873367414,0.03654234828,0.04190423335,0.2796961741,0.04552078376,0.2431538259,0,0.4
https://xn--o39at8vj0ccup95a.com/,0,naver_search:제주 펜션,2026-05-21T09:10:50+00:00,https://xn--o39at8vj0ccup95a.com/,200,,urlopen,19,122,0.15,0.3,0.00625,0.1,0.1666666667,0.1818181818,0.7834729666,1,0,0.125,0,0,1,0,0,0,0,0.1055555556,0.4692307692,0.7777777778,0.2222222222,0.12,0,0,0,0,0,0,0,0.01639344262,0.08196721311,0.3114754098,0,0.2,0.06167766393,0.08962548865,0,0,0.06543906557,0.4337860656,0.07784057377,0.39075,0.01639344262,0.2666666667
https://www.cjdental.co.kr/,0,naver_search:천안 치과,2026-05-21T09:10:50+00:00,https://www.cjdental.co.kr/,200,,urlopen,19,532,0.1227272727,0.225,0.00625,0.3,0,0,0.7229792091,1,0,0.1666666667,0,0,1,0,0,0,0,0.1055555556,1,0.8405797101,0.1594202899,0.01015228426,0,0,0,0,0,0,0,0,0.07142857143,0.6691729323,0,0.05479452055,0.03886832707,0.05472868705,0,0,0.04160910175,0.280125282,0.04905394737,0.2409625,0,0.2666666667
https://www.dhjaulsan.com,0,naver_search:울산 변호사,2026-05-21T09:10:50+00:00,https://www.dhjaulsan.com,200,,urlopen,19,175,0.1136363636,0.2125,0,0.2,0,0,0.7224837618,1,0,0.125,0,0,1,0,0,0,0,0.1055555556,0.6730769231,0.9523809524,0.04761904762,0.04761904762,0.125,0,0,0,0.0125,0,0,0,0.08333333333,0.4166666667,0,0.275862069,0.03923375,0.05173032028,0.03930125,0.0376775,0.05077565476,0.28026375,0.04890743056,0.24258625,0,0.1666666667
https://cardoc.co.kr/,0,naver_search:안산 자동차 정비,2026-05-21T09:10:50+00:00,https://cardoc.co.kr/,200,,urlopen,5,4,0.09545454545,0.15,0.00625,0.2,0,0,0.6470033842,1,0,0.125,0,0,1,0,0,0,0,0.02777777778,0.01538461538,0,0,1,0,0,0,0,0,0,0,0.5,0.5,0,0,0,0.31899375,0.41756625,0,0,0.4025875,0.47748125,0.4025875,0.1497875,0.5,0.06666666667
http://ghscc2600.or.kr/,0,naver_search:김해 요양원,2026-05-21T09:10:50+00:00,http://ghscc2600.or.kr/,200,,urlopen,15,232,0.1045454545,0.1875,0.00625,0.2,0,0.1739130435,0.6900161066,0,0,0.125,0,0,1,0,0,0,0,0.08333333333,0.8923076923,0.8765432099,0.1234567901,0,0,0,0,0,0,0,0,0,0.06034482759,0.2413793103,0,0.03571428571,0.04523275862,0.05855994073,0,0,0.04024353448,0.2356185345,0.0570862069,0.195375,0,0.2
https://atbuildu.com/,0,naver_search:분당 영어학원,2026-05-21T09:10:51+00:00,https://atbuildu.com/,200,,urlopen,18,242,0.09545454545,0.15,0.00625,0.1,0,0,0.6989514361,1,0,0.08333333333,0,0,1,0,0,0,0,0.1,0.9307692308,0.686746988,0.313253012,0,0.125,0,0,0,0.0125,0,0,0,0.1452991453,0.1452991453,0,0.02352941176,0.0677921371,0.07941832744,0.04414092742,0.04735685484,0.04414092742,0.2395159274,0.08526226262,0.195375,0,0.1333333333
https://vdirectors.com/,0,naver_search:인천 홈페이지 제작,2026-05-21T09:10:50+00:00,https://vdirectors.com/,200,,urlopen,16,66,0.1045454545,0.175,0.00625,0.1,0,0,0.6840486165,1,0,0.08333333333,0,0,1,0,0,0,0,0.08888888889,0.2538461538,0.8461538462,0.1538461538,0.1176470588,0.125,0,0,0,0.0125,0,0,0,0.1666666667,0.4,0,0.2777777778,0.05375892857,0.06800389376,0.04184857143,0.04277214286,0.07019710084,0.2828110714,0.06688769388,0.2409625,0,0.1333333333
https://www.safemotors.co.kr,0,naver_search:안산 자동차 정비,2026-05-21T09:10:50+00:00,https://www.safemotors.co.kr,200,,urlopen,14,126,0.1272727273,0.25,0,0.3,0,0,0.693711041,1,0,0.1666666667,0,0,1,0,0,0,0,0.07777777778,0.4846153846,1,0,0.125,0.125,0,0,0,0.0125,0,0,0,0.1967213115,0.3278688525,0,0.7803030303,0.04390664063,0.06275754193,0.04006132813,0.03919765625,0.07018164063,0.2810238281,0.05509449463,0.2418261719,0,0.1333333333
https://ascompu.com/,0,naver_search:성남 컴퓨터 수리,2026-05-21T09:10:50+00:00,https://ascompu.com/,200,,urlopen,18,111,0.09090909091,0.1375,0.00625,0.1,0,0,0.6334879491,1,0,0.08333333333,0,0,1,0,0,0,0,0.1,0.4269230769,0.375,0.625,0.8148148148,0.25,0,0,0,0.025,0,0,0,0.09803921569,0.431372549,0,0.2258064516,0.1150176724,0.1200339423,0.05115409483,0.06138318966,0.160794243,0.2921165948,0.152606172,0.2409625,0,0.1333333333
https://24ganda.com/24ga/,0,naver_search:포항 이사 업체,2026-05-21T09:10:51+00:00,https://24ganda.com/24ga/,200,,urlopen,49,275,0.1136363636,0.1375,0.0375,0.1,0,0.16,0.6933928527,1,0.1,0.125,0,0,1,0,0,0,0,0.2722222222,1,0.9672131148,0.03278688525,0,0.125,0,0.0487804878,0.09756097561,0.1100609756,0,0,0,0.08620689655,0.3879310345,0,0.2823529412,0.04113299051,0.05025520257,0.04013061709,0.05468257564,0.04013061709,0.2420112342,0.0463798595,0.202675,0.007272727273,0.06666666667
http://www.cellierclinic.com/,0,naver_search:강남 피부과,2026-05-21T09:10:51+00:00,http://www.cellierclinic.com/,200,,urlopen,26,287,0.1318181818,0.2625,0.00625,0.2,0,0,0.6762501495,0,0,0.125,0,0,1,0,0,0,0,0.1444444444,1,0.9649122807,0.0350877193,0.88,0.25,0,0,0,0.025,0,0,0.007194244604,0.02877697842,0.1438848921,0,0.1162790698,0.05360393836,0.06547072585,0.04120342466,0.04148184932,0.1832219247,0.4319534247,0.07088393578,0.39075,0.006968641115,0.2666666667
http://www.mcygclean.com,0,naver_search:포항 이사 업체,2026-05-21T09:10:50+00:00,http://www.mcygclean.com,200,,urlopen,3,2,0.1090909091,0.2125,0,0.2,0,0,0.7009797349,0,0,0.125,0,0,1,0,0,0,0,0.01666666667,0.007692307692,0,0,1,0,0,0,0,0,0,0,0,1,0,0,0,0.250425,0.31605,0,0,0.31605,0.31605,0.31605,0,0,0.03333333333
http://www.yonseieline.com/,0,naver_search:천안 치과,2026-05-21T09:10:50+00:00,http://www.yonseieline.com/,200,,urlopen,3,2,0.1227272727,0.2375,0.00625,0.2,0,0,0.7011265997,0,0,0.125,0,0,1,0,0,0,0,0.01666666667,0.007692307692,0,0,1,0,0,0,0,0,0,0,0,1,0,0,0,0.250425,0.31605,0,0,0.31605,0.31605,0.31605,0,0,0.03333333333
https://soomgo.com:443/,0,naver_search:창원 필라테스,2026-05-21T09:10:51+00:00,https://soomgo.com:443/,200,,urlopen,24,528,0.1045454545,0.125,0.00625,0.1,0,0.1304347826,0.6425852766,1,0,0.08333333333,0,0,1,0,0,0,0,0.1333333333,1,0.9384615385,0.06153846154,0.09090909091,0.125,0,0,0,0.0125,0,0,0,0.08396946565,0.4198473282,0,0,0.03933636792,0.04962283717,0.03925264151,0.03758028302,0.04813332333,0.2802151415,0.04956171805,0.2426348585,0,0.3
https://songpa-easy.co.kr/,0,naver_search:분당 영어학원,2026-05-21T09:10:51+00:00,https://songpa-easy.co.kr/,200,,urlopen,28,285,0.1181818182,0.2125,0.00625,0.2,0.08333333333,0,0.7181934103,1,0,0.1666666667,0,0,1,0,0,0,0,0.1555555556,1,0.8469387755,0.1530612245,0,0.125,0,0.8,1,1,0,0,0.007194244604,0.1726618705,0.1151079137,0,0,0.05906637931,0.08014591483,0.04300172414,0.2296034483,0.04300172414,0.2477534483,0.06964747325,0.2047517241,0.01403508772,0.3
https://www.designcuroo.com/,0,naver_search:일산 네일샵,2026-05-21T09:10:51+00:00,https://www.designcuroo.com/,200,,urlopen,63,705,0.1272727273,0.2375,0.00625,0.2,0,0,0.7294888007,1,0,0.125,0,0,1,0,0,0,0,0.35,1,0.9473684211,0.05263157895,0.7936507937,0.375,0,0,0,0.0375,0,0,0.002985074627,0.08358208955,0.2895522388,0,0.1144067797,0.06464090599,0.06717601782,0.04256059264,0.04419618529,0.1591338565,0.2835230926,0.08854474029,0.2409625,0,0.4666666667
https://homefit.co.kr/f/,0,naver_search:창원 필라테스,2026-05-21T09:10:51+00:00,https://homefit.co.kr/f/,200,,urlopen,25,88,0.1090909091,0.1625,0.01875,0.2,0,0,0.6763955494,1,0.1,0.125,0,0,1,0,0,0,0,0.1388888889,0.3384615385,0,1,0.675,0,0,0,0,0,0,0,0,0.4545454545,0.4545454545,0,0,0.1164042614,0.1461184339,0,0,0.1368289489,0.2932917614,0.1469085227,0.2409625,0,0.4
https://wepcmall.com,0,naver_search:성남 컴퓨터 수리,2026-05-21T09:10:51+00:00,https://wepcmall.com,200,,urlopen,19,348,0.09090909091,0.15,0,0.1,0,0,0.6767141991,1,0,0.08333333333,0,0,1,0,0,0,0,0.1055555556,1,0.9861111111,0.01388888889,0.8229166667,0.375,0,0,0,0.0375,0,0,0.005952380952,0.1071428571,0.4583333333,0,0.1,0.07793898305,0.08115164344,0.04404894068,0.04717288136,0.164619123,0.2850114407,0.1106526477,0.2409625,0,0.1333333333
https://bluewhalepool.co.kr,0,naver_search:제주 펜션,2026-05-21T09:10:51+00:00,https://bluewhalepool.co.kr,200,,urlopen,18,52,0.1227272727,0.2375,0,0.2,0,0,0.7196780307,1,0,0.125,0,0,1,0,0,0,0,0.1,0.2,0.3333333333,0.6666666667,0.4782608696,0,0,0,0,0,0,0,0,0.7692307692,0.1153846154,0,0,0.1203966346,0.1516127732,0,0,0.1478631898,0.2939697115,0.1519471154,0.2409625,0,0.2666666667
https://dntmcom.net/,0,naver_search:성남 컴퓨터 수리,2026-05-21T09:10:51+00:00,https://dntmcom.net/,200,,urlopen,9,88,0.09090909091,0.1375,0.00625,0.1,0,0,0.6334879491,1,0,0.08333333333,0,0,1,0,0,0,0,0.05,0.3384615385,0.8214285714,0.1785714286,0.0625,0,0,0,0,0,0,0,0,0.1136363636,0.25,0,0.3636363636,0.055153125,0.07487981823,0,0,0.05698828125,0.282890625,0.06960625,0.2409625,0,0.1
https://design.shiningcorp.com/,0,naver_search:인천 홈페이지 제작,2026-05-21T09:10:52+00:00,https://design.shiningcorp.com/,200,,urlopen,35,299,0.1409090909,0.275,0.00625,0.2,0,0,0.7070999156,1,0,0.125,0,0,1,0,0,0,0,0.1944444444,1,0.9459459459,0.05405405405,0.0625,0.375,0,0,0,0.0375,0,0,0,0.1304347826,0.3333333333,0,0.05128205128,0.04097919304,0.05111252777,0.03966922468,0.03841344937,0.05472938093,0.2806317247,0.05058062861,0.2422182753,0,0.2333333333
https://www.hdweb.co.kr/,0,naver_search:인천 홈페이지 제작,2026-05-21T09:10:51+00:00,https://www.hdweb.co.kr/,200,,urlopen,35,544,0.1090909091,0.1875,0.00625,0.3,0,0,0.6706767046,1,0,0.1666666667,0,0,1,0,0,0,0,0.1944444444,1,0.8857142857,0.1142857143,0.2258064516,0.25,0,0,0,0.025,0,0,0.003731343284,0.05970149254,0.2835820896,0,0.07407407407,0.05326546533,0.07019313688,0.04142372263,0.04192244526,0.08037864922,0.4166487226,0.06851521858,0.375225,0.007352941176,0.4
https://www.ecof.co.kr/,0,naver_search:광주 꽃집,2026-05-21T09:10:51+00:00,https://www.ecof.co.kr/,200,,urlopen,24,249,0.1045454545,0.175,0.00625,0.3,0,0,0.6622708497,1,0,0.1666666667,0,0,1,0,0,0,0,0.1333333333,0.9576923077,1,0,0.1627906977,0.375,0,0,0,0.0375,0,0,0,0.06722689076,0.2941176471,0,0.2475247525,0.04142214567,0.05736766184,0.03961811024,0.03831122047,0.07659107535,0.2805806102,0.0520850634,0.2422693898,0,0.2333333333
https://www.stayfolio.com,0,naver_search:제주 펜션,2026-05-21T09:10:51+00:00,https://www.stayfolio.com,200,,urlopen,19,102,0.1136363636,0.2125,0,0.2,0,0,0.6969581254,1,0,0.125,0,0,1,0,0,0,0,0.1055555556,0.3923076923,0.6,0.4,0.1463414634,0,0,0,0,0,0,0,0.01960784314,0.3137254902,0.7058823529,0,0,0.07248529412,0.1184816655,0,0,0.08378748207,0.4356213235,0.09148039216,0.39075,0.01960784314,0.2666666667
https://www.airbnb.co.kr/,0,naver_search:제주 펜션,2026-05-21T09:10:57+00:00,https://www.airbnb.co.kr/,200,,curl_cffi,10,103,0.1136363636,0.2,0.00625,0.3,0,0,0.6969581254,1,0,0.1666666667,0,0,1,0,0,0,0,0.05555555556,0.3961538462,1,0,1,0.125,0,0,0,0.0125,0,0,0,0.84,0.02,0,0.4166666667,0.2101456731,0.2675508075,0.06819471154,0.09546442308,0.3069037232,0.3091572115,0.2661131195,0.2409625,0,0.1
https://www.ok114.co.kr/0415740151,0,naver_search:성남 컴퓨터 수리,2026-05-21T09:10:51+00:00,https://www.ok114.co.kr/0415740151,200,,urlopen,10,85,0.1545454545,0.1875,0.06875,0.3,0,0.3823529412,0.7077248456,1,0.1,0.2083333333,0,0,1,0,0,0,0,0.05555555556,0.3269230769,0.8181818182,0.1818181818,0,0,0,0,0,0,0,0,0,0.2619047619,0.4761904762,0,0.4761904762,0.03835988372,0.04804073824,0,0.03729186047,0.03910843023,0.2344834302,0.04815339373,0.1971915698,0,0.1
https://yes242400-mo.imweb.me/,0,naver_search:포항 이사 업체,2026-05-21T09:10:51+00:00,https://yes242400-mo.imweb.me/,200,,urlopen,14,305,0.1363636364,0.2625,0.00625,0.2,0.08333333333,0.2,0.7329821537,1,0,0.1666666667,0,0,1,0,0,0,0,0.07777777778,1,0.9636363636,0.03636363636,0.02083333333,0,0,0,0,0,0,0,0.006622516556,0.5894039735,0.04635761589,0,0.1791044776,0.03519131494,0.04392707741,0,0.03620535714,0.04358523065,0.2795276786,0.0441859288,0.2433223214,0,0.1333333333
https://www.24-time.com,0,naver_search:포항 이사 업체,2026-05-21T09:10:51+00:00,https://www.24-time.com,200,,urlopen,104,693,0.1045454545,0.1875,0,0.2,0.08333333333,0.08695652174,0.6998588932,1,0,0.1666666667,0,0,1,0,0,0,0,0.5777777778,1,0.8454545455,0.1545454545,0.04020100503,0.375,0,0,0,0.0375,0,0,0,0.06148867314,0.5825242718,0,0.2142857143,0.04388681102,0.05236288364,0.04025324803,0.03958149606,0.04945324803,0.281215748,0.05365436119,0.241634252,0,0.5
https://www.theboston.co.kr/new02/main/,0,naver_search:천안 치과,2026-05-21T09:10:51+00:00,https://www.theboston.co.kr/new02/main/,200,,urlopen,19,242,0.1772727273,0.2375,0.075,0.3,0,0.05128205128,0.7377919979,1,0.2,0.25,0,0,1,0,0,0,0,0.1055555556,0.9307692308,0.7777777778,0.2222222222,0.01724137931,0,0,0,0,0,0,0,0,0.06611570248,0.4132231405,0,0.1369863014,0.05233202479,0.07240486795,0,0,0.04560359611,0.2824115702,0.06604586777,0.2409625,0,0.2666666667
https://moneyweb.kr/,0,naver_search:인천 홈페이지 제작,2026-05-21T09:10:51+00:00,https://moneyweb.kr/,200,,urlopen,13,162,0.09090909091,0.1375,0.00625,0.1,0,0,0.7062152218,1,0,0.08333333333,0,0,1,0,0,0,0,0.07222222222,0.6230769231,0.9090909091,0.09090909091,0,0,0,0,0,0,0,0,0,0.2592592593,0.1975308642,0,0.12,0.03864583333,0.04810775862,0,0,0.039125,0.2345,0.04877314815,0.195375,0,0.1666666667
https://www.isabang.co.kr/main.php,0,naver_search:포항 이사 업체,2026-05-21T09:10:52+00:00,https://www.isabang.co.kr/main.php,200,,urlopen,50,275,0.1545454545,0.2125,0.05625,0.4,0,0,0.7270277358,1,0.1,0.25,0,0,1,0,0,0,0,0.2777777778,1,0.95,0.05,0.1875,0.125,0,0,0,0.0125,0,0,0.03225806452,0.1129032258,0.3709677419,0,0.3181818182,0.0555285,0.07777409505,0.04219475,0.0434645,0.09518420313,0.43294475,0.06892270833,0.39075,0.03272727273,0.3333333333
https://1544-0024.co.kr/vlogen/kr/,0,naver_search:포항 이사 업체,2026-05-21T09:10:52+00:00,https://1544-0024.co.kr/vlogen/kr/,200,,urlopen,24,225,0.1545454545,0.1875,0.06875,0.2,0.08333333333,0.2352941176,0.7733112761,1,0.2,0.25,0,0,1,0,0,0,0,0.1333333333,0.8653846154,0.9047619048,0.09523809524,0.1063829787,0.125,0,0,0,0.0125,0,0,0,0.1,0.3272727273,0,0.1710526316,0.04811842105,0.06548828622,0.04073355263,0.04054210526,0.06430615901,0.2816960526,0.06072993998,0.2411539474,0,0.2666666667
https://happyplant.kr/,0,naver_search:천안 치과,2026-05-21T09:10:53+00:00,https://happyplant.kr/,200,,urlopen,1,0,0.1,0.1625,0.00625,0.1,0,0,0.6330390133,1,0,0.08333333333,0,0,0,0,0,0,0,0.005555555556,0,0,0,0,0,0,0,0,0,0,0,0,0,0,0,0,0,0,0,0,0,0,0,0,0,0
https://hanflower.com/,0,naver_search:광주 꽃집,2026-05-21T09:10:54+00:00,https://hanflower.com/,200,,urlopen,13,1242,0.1,0.1625,0.00625,0.1,0,0,0.7219223811,1,0,0.08333333333,0,0,1,0,0,0,0,0.07222222222,1,1,0,0.003125,0.25,0,0,0,0.025,0,0,0.001620745543,0.03079416532,1.110210697,0,0.01,0.03022945425,0.03840752173,0.03770463483,0.03448426966,0.03845764264,0.2786671348,0.03807073602,0.2441828652,0,0.06666666667
https://www.speak.com/,0,naver_search:분당 영어학원,2026-05-21T09:10:52+00:00,https://www.speak.com/,200,,urlopen,31,254,0.1,0.1625,0.00625,0.2,0,0,0.6660968645,1,0,0.125,0,0,1,0,0,0,0,0.1722222222,0.9769230769,0.8333333333,0.1666666667,0.1265822785,0,0,0,0,0,0,0,0,0.125984252,0.4960629921,0,0.09433962264,0.05845127953,0.09503803199,0,0,0.07298977125,0.283450689,0.07376870079,0.2409625,0,0.4666666667
https://lawl-crime.co.kr,0,naver_search:대전 법무법인,2026-05-21T09:10:53+00:00,https://lawl-crime.co.kr,200,,urlopen,100,672,0.1090909091,0.2,0,0.2,0.08333333333,0,0.7427204547,1,0,0.1666666667,0,0,1,0,0,0,0,0.5555555556,1,0.8636363636,0.1363636364,0.1932773109,1,0,0,0,0.1,0,0,0.003154574132,0.05362776025,0.3186119874,0,0.06603773585,0.05579481268,0.07273506879,0.04210100865,0.04327701729,0.07908882377,0.4212072586,0.07006223974,0.37910625,0.004464285714,1
https://5dalant.net/,0,naver_search:인천 홈페이지 제작,2026-05-21T09:10:52+00:00,https://5dalant.net/,200,,urlopen,15,316,0.09090909091,0.1375,0.00625,0.1,0,0.05,0.6334879491,1,0,0.08333333333,0,0,1,0,0,0,0,0.08333333333,1,0.1525423729,0.8474576271,0.0202020202,0,0,0,0,0,0,0,0,0.05696202532,0.5696202532,0,0.2891566265,0.08921107595,0.1365515366,0,0,0.05257947993,0.2886740506,0.1125892405,0.2409625,0,0.2
https://www.minandjeong.com,0,naver_search:강남 피부과,2026-05-21T09:10:51+00:00,https://www.minandjeong.com,200,,urlopen,24,311,0.1227272727,0.2375,0,0.2,0,0,0.7331460441,1,0,0.125,0,0,1,0,0,0,0,0.1333333333,1,0.9523809524,0.04761904762,0.1029411765,0.125,0,0,0,0.0125,0,0,0.006578947368,0.1578947368,0.2828947368,0,0.09677419355,0.0453375,0.06476323337,0.04029723101,0.03966946203,0.06725283763,0.431047231,0.05695679529,0.391377769,0.006430868167,0.2333333333
http://paypay-card.wygqrku.cn/fingerprint.php/,1,auto,2026-05-21T09:11:30+00:00,http://paypay-card.wygqrku.cn/fingerprint.php/,200,,urlopen,5,4,0.2090909091,0.275,0.10625,0.3,0.08333333333,0,0.7541487647,0,0.1,0.25,0,0,1,0,0,0,0,0.02777777778,0.01538461538,0,0,1,0,0,0,0,0,0,0,0,1,0,0,0,0.250425,0.31605,0,0,0.31605,0.31605,0.31605,0,0,0.06666666667
https://paypay-card.zdftant.cn/fingerprint.php/,1,auto,2026-05-21T09:11:30+00:00,https://paypay-card.zdftant.cn/fingerprint.php/,200,,urlopen,5,4,0.2136363636,0.275,0.10625,0.3,0.08333333333,0,0.7289612594,1,0.1,0.25,0,0,1,0,0,0,0,0.02777777778,0.01538461538,0,0,1,0,0,0,0,0,0,0,0,1,0,0,0,0.250425,0.31605,0,0,0.31605,0.31605,0.31605,0,0,0.06666666667
https://paypay-card.xbygjtd.cn/fingerprint.php/,1,auto,2026-05-21T09:11:30+00:00,https://paypay-card.xbygjtd.cn/fingerprint.php/,200,,urlopen,5,4,0.2136363636,0.275,0.10625,0.3,0.08333333333,0,0.7573751006,1,0.1,0.25,0,0,1,0,0,0,0,0.02777777778,0.01538461538,0,0,1,0,0,0,0,0,0,0,0,1,0,0,0,0.250425,0.31605,0,0,0.31605,0.31605,0.31605,0,0,0.06666666667
https://paypay-card.zrddwlc.cn/fingerprint.php/,1,auto,2026-05-21T09:11:30+00:00,https://paypay-card.zrddwlc.cn/fingerprint.php/,200,,urlopen,5,4,0.2136363636,0.275,0.10625,0.3,0.08333333333,0,0.7544548395,1,0.1,0.25,0,0,1,0,0,0,0,0.02777777778,0.01538461538,0,0,1,0,0,0,0,0,0,0,0,1,0,0,0,0.250425,0.31605,0,0,0.31605,0.31605,0.31605,0,0,0.06666666667
https://paypay-card.wlxycqq.cn/fingerprint.php/,1,auto,2026-05-21T09:11:30+00:00,https://paypay-card.wlxycqq.cn/fingerprint.php/,200,,urlopen,5,4,0.2136363636,0.275,0.10625,0.3,0.08333333333,0,0.7670084662,1,0.1,0.25,0,0,1,0,0,0,0,0.02777777778,0.01538461538,0,0,1,0,0,0,0,0,0,0,0,1,0,0,0,0.250425,0.31605,0,0,0.31605,0.31605,0.31605,0,0,0.06666666667
https://paypay-card.vwcwbgn.cn/fingerprint.php/,1,auto,2026-05-21T09:11:30+00:00,https://paypay-card.vwcwbgn.cn/fingerprint.php/,200,,urlopen,5,4,0.2136363636,0.275,0.10625,0.3,0.08333333333,0,0.7573751006,1,0.1,0.25,0,0,1,0,0,0,0,0.02777777778,0.01538461538,0,0,1,0,0,0,0,0,0,0,0,1,0,0,0,0.250425,0.31605,0,0,0.31605,0.31605,0.31605,0,0,0.06666666667
https://paypay-card.lwocyes.cn/fingerprint.php/,1,auto,2026-05-21T09:11:30+00:00,https://paypay-card.lwocyes.cn/fingerprint.php/,200,,urlopen,5,4,0.2136363636,0.275,0.10625,0.3,0.08333333333,0,0.7592715223,1,0.1,0.25,0,0,1,0,0,0,0,0.02777777778,0.01538461538,0,0,1,0,0,0,0,0,0,0,0,1,0,0,0,0.250425,0.31605,0,0,0.31605,0.31605,0.31605,0,0,0.06666666667
https://paypay-card.rofpckh.cn/fingerprint.php/,1,auto,2026-05-21T09:11:30+00:00,https://paypay-card.rofpckh.cn/fingerprint.php/,200,,urlopen,5,4,0.2136363636,0.275,0.10625,0.3,0.08333333333,0,0.7384327527,1,0.1,0.25,0,0,1,0,0,0,0,0.02777777778,0.01538461538,0,0,1,0,0,0,0,0,0,0,0,1,0,0,0,0.250425,0.31605,0,0,0.31605,0.31605,0.31605,0,0,0.06666666667
https://paypay-card.juwmqax.cn/fingerprint.php/,1,auto,2026-05-21T09:11:30+00:00,https://paypay-card.juwmqax.cn/fingerprint.php/,200,,urlopen,5,4,0.2136363636,0.275,0.10625,0.3,0.08333333333,0,0.7835061935,1,0.1,0.25,0,0,1,0,0,0,0,0.02777777778,0.01538461538,0,0,1,0,0,0,0,0,0,0,0,1,0,0,0,0.250425,0.31605,0,0,0.31605,0.31605,0.31605,0,0,0.06666666667
https://paypay-card.tyblpmg.cn/fingerprint.php/,1,auto,2026-05-21T09:11:30+00:00,https://paypay-card.tyblpmg.cn/fingerprint.php/,200,,urlopen,5,4,0.2136363636,0.275,0.10625,0.3,0.08333333333,0,0.7490899577,1,0.1,0.25,0,0,1,0,0,0,0,0.02777777778,0.01538461538,0,0,1,0,0,0,0,0,0,0,0,1,0,0,0,0.250425,0.31605,0,0,0.31605,0.31605,0.31605,0,0,0.06666666667
https://paypay-card.gziymxh.cn/fingerprint.php/,1,auto,2026-05-21T09:11:30+00:00,https://paypay-card.gziymxh.cn/fingerprint.php/,200,,urlopen,5,4,0.2136363636,0.275,0.10625,0.3,0.08333333333,0,0.7563512611,1,0.1,0.25,0,0,1,0,0,0,0,0.02777777778,0.01538461538,0,0,1,0,0,0,0,0,0,0,0,1,0,0,0,0.250425,0.31605,0,0,0.31605,0.31605,0.31605,0,0,0.06666666667
https://paypay-card.iyelxkt.cn/fingerprint.php/,1,auto,2026-05-21T09:11:30+00:00,https://paypay-card.iyelxkt.cn/fingerprint.php/,200,,urlopen,5,4,0.2136363636,0.275,0.10625,0.3,0.08333333333,0,0.7544548395,1,0.1,0.25,0,0,1,0,0,0,0,0.02777777778,0.01538461538,0,0,1,0,0,0,0,0,0,0,0,1,0,0,0,0.250425,0.31605,0,0,0.31605,0.31605,0.31605,0,0,0.06666666667
https://paypay-card.iqfaabf.cn/fingerprint.php/,1,auto,2026-05-21T09:11:30+00:00,https://paypay-card.iqfaabf.cn/fingerprint.php/,200,,urlopen,5,4,0.2136363636,0.275,0.10625,0.3,0.08333333333,0,0.7404910466,1,0.1,0.25,0,0,1,0,0,0,0,0.02777777778,0.01538461538,0,0,1,0,0,0,0,0,0,0,0,1,0,0,0,0.250425,0.31605,0,0,0.31605,0.31605,0.31605,0,0,0.06666666667
https://paypay-card.gjqrczf.cn/fingerprint.php/,1,auto,2026-05-21T09:11:30+00:00,https://paypay-card.gjqrczf.cn/fingerprint.php/,200,,urlopen,5,4,0.2136363636,0.275,0.10625,0.3,0.08333333333,0,0.7573751006,1,0.1,0.25,0,0,1,0,0,0,0,0.02777777778,0.01538461538,0,0,1,0,0,0,0,0,0,0,0,1,0,0,0,0.250425,0.31605,0,0,0.31605,0.31605,0.31605,0,0,0.06666666667
https://paypay-card.ftkdlnp.cn/fingerprint.php/,1,auto,2026-05-21T09:11:30+00:00,https://paypay-card.ftkdlnp.cn/fingerprint.php/,200,,urlopen,5,4,0.2136363636,0.275,0.10625,0.3,0.08333333333,0,0.7394565921,1,0.1,0.25,0,0,1,0,0,0,0,0.02777777778,0.01538461538,0,0,1,0,0,0,0,0,0,0,0,1,0,0,0,0.250425,0.31605,0,0,0.31605,0.31605,0.31605,0,0,0.06666666667
https://paypay-card.dtxvgvj.cn/fingerprint.php/,1,auto,2026-05-21T09:11:30+00:00,https://paypay-card.dtxvgvj.cn/fingerprint.php/,200,,urlopen,5,4,0.2136363636,0.275,0.10625,0.3,0.08333333333,0,0.7602953618,1,0.1,0.25,0,0,1,0,0,0,0,0.02777777778,0.01538461538,0,0,1,0,0,0,0,0,0,0,0,1,0,0,0,0.250425,0.31605,0,0,0.31605,0.31605,0.31605,0,0,0.06666666667
https://paypay-card.tnkhpsg.cn/fingerprint.php/,1,auto,2026-05-21T09:11:30+00:00,https://paypay-card.tnkhpsg.cn/fingerprint.php/,200,,urlopen,5,4,0.2136363636,0.275,0.10625,0.3,0.08333333333,0,0.7287993871,1,0.1,0.25,0,0,1,0,0,0,0,0.02777777778,0.01538461538,0,0,1,0,0,0,0,0,0,0,0,1,0,0,0,0.250425,0.31605,0,0,0.31605,0.31605,0.31605,0,0,0.06666666667
https://domainrenew-notice.com/at-26/,1,auto,2026-05-21T09:11:33+00:00,https://recaptcha.cloud/?template=cpg&server=198.251.89.144&ip=175.205.72.254&http=&host=domainrenew-notice.com&real_ip=&proto=&url=/at-26/,200,,urlopen,7,6,0.1681818182,0.275,0.04375,0.1,0.1666666667,0.05405405405,0.7493125898,1,0.1,0.2083333333,0,0,1,0,0,1,0.2,0.03888888889,0.02307692308,0,1,1,0,0,0,0,0,0,0,0,0.6666666667,0.3333333333,0,0,0.2365125,0.3031673077,0,0,0.3136875,0.3136875,0.2984916667,0.0455875,0,0.1
https://points-shop.help/mx/home.html,1,auto,2026-05-21T09:11:31+00:00,https://www.maxis.com.my/en/home/,200,,urlopen,48,339,0.1681818182,0.2,0.08125,0.2,0.08333333333,0,0.6726067398,1,0.2,0.25,0,0,1,0,0,1,0.2,0.2666666667,1,0.8571428571,0.1428571429,0.08235294118,0.25,0,0,0,0.025,0,0,0.006172839506,0.1358024691,0.3827160494,0,0.06097560976,0.05131992857,0.06978914073,0.04135678571,0.04178857143,0.06292127101,0.4321067857,0.06425806939,0.39075,0.005899705015,0.5333333333
http://oiondsaw.pages.dev/,1,auto,2026-05-21T09:11:30+00:00,http://oiondsaw.pages.dev/,200,,urlopen,3,2,0.1181818182,0.225,0.00625,0.2,0,0,0.7094863299,0,0,0.125,0,0,1,0,0,0,0,0.01666666667,0.007692307692,0,0,1,0,0,0,0,0,0,0,0,1,0,0,0,0.250425,0.31605,0,0,0.31605,0.31605,0.31605,0,0,0.03333333333
https://www.yklawfirm.co.kr/field/all,0,user_normal_20260521,2026-05-21T09:11:06+00:00,https://www.yklawfirm.co.kr/field/all,200,,urlopen,62,394,0.1681818182,0.2375,0.0625,0.3,0,0,0.7469036217,1,0.2,0.25,0,0,1,0,0,0,0,0.3444444444,1,0.8219178082,0.1780821918,0.1276595745,0.25,0,0,0,0.025,0,0,0.02590673575,0.1243523316,0.0932642487,0,0.01351351351,0.0627580402,0.08680689047,0.04324717337,0.04556934673,0.08661765209,0.4339971734,0.07906351102,0.39075,0.02538071066,0.9
https://www.theweek.co.kr/edu/Rental_wcomms/on_land/Paper-138-01.html,0,user_normal_20260521,2026-05-21T09:11:06+00:00,https://www.theweek.co.kr/edu/Rental_wcomms/on_land/Paper-138-01.html,200,,urlopen,92,263,0.3136363636,0.2125,0.275,0.4,0.1666666667,0.07246376812,0.8240317037,1,0.4,0.5416666667,0,0,1,0,0,0,0,0.5111111111,1,0,1,0.8295454545,0.375,0,0,0,0.0375,0,0,0.02127659574,0.2553191489,0.6595744681,0,0.4,0.08584834337,0.08001119745,0.04766460843,0.05440421687,0.1421315118,0.4267708584,0.1076065993,0.37910625,0.02281368821,0.3333333333
https://www.fashionplus.co.kr/corner/4549,0,user_normal_20260521,2026-05-21T09:11:06+00:00,https://www.fashionplus.co.kr/corner/4549,200,,urlopen,21,687,0.1863636364,0.2625,0.075,0.3,0,0.09756097561,0.7799786904,1,0.2,0.25,0,0,1,0,0,0,0,0.1166666667,1,1,0,0.109375,0.125,0,0,0,0.0125,0,0,0.005847953216,0.02339181287,0.1578947368,0,0.07333333333,0.03512747093,0.05046811286,0.0385315407,0.0361380814,0.06956767351,0.4292815407,0.04429874721,0.3931434593,0.005822416303,0.2666666667
https://goodcam.campaignus.me/camellia2026,0,user_normal_20260521,2026-05-21T09:11:06+00:00,https://goodcam.campaignus.me/camellia2026,200,,urlopen,30,220,0.1909090909,0.2625,0.08125,0.2,0,0.09523809524,0.7677831874,1,0.1,0.1666666667,0,0,1,0,0,0,0,0.1666666667,0.8461538462,0.25,0.75,0.5523809524,0,0,0,0,0,0,0,0.02752293578,0.9174311927,0.02752293578,0,0.6923076923,0.1510398649,0.1929270916,0,0.07518986486,0.1937471943,0.4321735039,0.1920017105,0.3741160714,0.04090909091,0.4
https://www.naverlabs.com/,0,user_normal_20260521,2026-05-21T09:11:06+00:00,https://www.naverlabs.com/,200,,urlopen,16,68,0.1181818182,0.2125,0.00625,0.2,0,0,0.7321794242,1,0,0.125,0,0,1,0,0,0,0,0.08888888889,0.2615384615,0.8387096774,0.1612903226,0.3333333333,0,0,0,0,0,0,0,0,0.08823529412,0,0,0.06060606061,0.06260625,0.08148483796,0,0,0.1235145833,0.28415625,0.0790125,0.2409625,0,0.2333333333
https://www.ncas.or.kr/,0,user_normal_20260521,2026-05-21T09:11:06+00:00,https://www.ncas.or.kr/,200,,urlopen,55,159,0.1045454545,0.175,0.00625,0.3,0,0,0.6622708497,1,0,0.1666666667,0,0,1,0,0,0,0,0.3055555556,0.6115384615,0.5454545455,0.4545454545,0.02857142857,0.75,0,0.2121212121,0.2424242424,0.3174242424,0,0,0,0.2807017544,0.3333333333,0,0.2666666667,0.0787078125,0.08835531059,0.04730703125,0.1000723958,0.04972595982,0.2563640625,0.08667858887,0.2090570313,0.04402515723,0.3
https://www.manntiger.com,0,user_normal_20260521,2026-05-21T09:11:06+00:00,https://www.manntiger.com,200,,urlopen,20,234,0.1136363636,0.2125,0,0.2,0,0,0.7169936708,1,0,0.125,0,0,1,0,0,0,0,0.1111111111,0.9,1,0,0.3684210526,0.125,0,0,0,0.0125,0,0,0,0.06086956522,0.2695652174,0,0.08333333333,0.04281292373,0.05423013756,0.0398559322,0.03878686441,0.08338685326,0.2808184322,0.05385624461,0.2420315678,0,0.2333333333
https://evt.kiwoom.com/e/m/home/event/VEvent20260048View?from=189,0,user_normal_20260521,2026-05-21T09:11:06+00:00,https://evt.kiwoom.com/e/m/home/event/VEvent20260048View?from=189,200,,urlopen,34,194,0.2954545455,0.175,0.2125,0.2,0,0.1692307692,0.816258021,1,0.5,0.3333333333,0,0,1,0,0,0,0,0.1888888889,0.7461538462,0,0,0,0,0,0,0,0,0,0,0,0.5731707317,0.4268292683,0,0,0.03243415179,0.03710986029,0,0.03595223214,0.03843861607,0.03843861607,0.03777262038,0.002486383929,0,0.03333333333
https://www.itket.com/main/index.php,0,user_normal_20260521,2026-05-21T09:11:06+00:00,https://www.itket.com/main/index.php,200,,urlopen,26,1261,0.1636363636,0.1625,0.09375,0.3,0,0,0.7227159093,1,0.2,0.25,0,0,1,0,0,0,0,0.1444444444,1,0.9665551839,0.03344481605,0.896656535,0.125,0,0,0,0.0125,0,0,0.001592356688,0.05732484076,0.4649681529,0,0.003333333333,0.0727789557,0.07886409618,0.04437927215,0.0478335443,0.1368836415,0.2853417722,0.09564200999,0.2409625,0,0.3
https://www.sipsolution.kr/page/ceo_message,0,user_normal_20260521,2026-05-21T09:11:06+00:00,https://www.sipsolution.kr/page/ceo_message,200,,urlopen,9,72,0.1954545455,0.225,0.10625,0.2,0,0,0.7556033572,1,0.2,0.25,0,0,1,0,0,0,0,0.05,0.2769230769,1,0,0.1,0,0,0,0,0,0,0,0,0.5,0.05555555556,0,0,0.04206875,0.05679578901,0,0,0.0638025,0.28066875,0.05309305556,0.2409625,0,0.1
https://www.vdstudio.co.kr/,0,user_normal_20260521,2026-05-21T09:11:06+00:00,https://www.vdstudio.co.kr/,200,,urlopen,11,226,0.1227272727,0.225,0.00625,0.3,0,0,0.6960431822,1,0,0.1666666667,0,0,1,0,0,0,0,0.06111111111,0.8692307692,1,0,0.03225806452,0,0,0,0,0,0,0,0.008849557522,0.2123893805,0.6017699115,0,0,0.03688307522,0.05727212313,0,0,0.04820926587,0.4295756637,0.04654845133,0.39075,0.008849557522,0.1333333333
https://www.saveazfilmz.com/,0,user_normal_20260521,2026-05-21T09:11:06+00:00,https://www.saveazfilmz.com/,200,,urlopen,23,300,0.1272727273,0.2375,0.00625,0.2,0,0,0.7343906676,1,0,0.125,0,0,1,0,0,0,0,0.1277777778,1,0.9534883721,0.04651162791,1,0,0,0,0,0,0,0,0.01333333333,0.03333333333,0.38,0,0,0.07647825,0.1022382477,0,0,0.15375175,0.428483,0.09689483333,0.3829875,0.01666666667,0.3333333333
https://www.onestarproby.com/,0,user_normal_20260521,2026-05-21T09:11:07+00:00,https://www.onestarproby.com/,200,,urlopen,32,208,0.1318181818,0.25,0.00625,0.2,0,0,0.7138677044,1,0,0.125,0,0,1,0,0,0,0,0.1777777778,0.8,1,0,0.5333333333,0,0,0,0,0,0,0,0.01020408163,0.5102040816,0.3979591837,0,0.4666666667,0.07765875,0.08441379791,0,0.05087477273,0.1083475253,0.4366498864,0.09753612397,0.39075,0.009615384615,0.3
https://gtclass.co.kr/main,0,user_normal_20260521,2026-05-21T09:11:07+00:00,https://gtclass.co.kr/main,200,,urlopen,7,8,0.1181818182,0.1625,0.03125,0.2,0,0,0.7129144767,1,0.1,0.1666666667,0,0,1,0,0,0,0,0.03888888889,0.03076923077,0,0,1,0,0,0,0,0,0,0,0,0.75,0.25,0,0,0.21465,0.2957659091,0,0,0.2709,0.309975,0.2709,0.1563,0,0.1
https://misa.yesolla.com/,0,user_normal_20260521,2026-05-21T09:11:06+00:00,https://misa.yesolla.com/,200,,urlopen,17,112,0.1136363636,0.2,0.00625,0.2,0,0,0.6879027617,1,0,0.125,0,0,1,0,0,0,0,0.09444444444,0.4307692308,0.8695652174,0.1304347826,0.4137931034,0.125,0,0,0,0.0125,0,0,0,0.2692307692,0.2884615385,0,0.28125,0.05916927966,0.05922647042,0.04215550847,0.04338601695,0.09514648991,0.2375305085,0.07799208561,0.195375,0,0.1
http://jhanja.com/_yesweb/_system/hbuilder/list.php?pageid=55,0,user_normal_20260521,2026-05-21T09:11:06+00:00,http://jhanja.com/_yesweb/_system/hbuilder/list.php?pageid=55,200,,urlopen,15,155,0.2772727273,0.125,0.2125,0.2,0,0.03278688525,0.820106668,0,0.4,0.375,0,0,1,0,0,0,0,0.08333333333,0.5961538462,0.9824561404,0.01754385965,0.2,0,0,0,0,0,0,0,0.03896103896,0.1298701299,0.09090909091,0,0.01724137931,0.04706105769,0.07397960813,0,0.04021826923,0.1037428846,0.4313216346,0.05926966839,0.3911033654,0.02580645161,0.1666666667
https://xn--vb0b869bfyb8wf.com/?mobilephone=Y,0,user_normal_20260521,2026-05-21T09:11:07+00:00,https://xn--vb0b869bfyb8wf.com/?mobilephone=Y,200,,urlopen,23,1043,0.2045454545,0.275,0.00625,0.1,0.1666666667,0.1111111111,0.8404605004,1,0,0.1666666667,0,0,1,0,0,0,0,0.1277777778,1,0.9830508475,0.01694915254,0.01351351351,0.125,1,0.1428571429,0.5714285714,0.5839285714,0,0.5714285714,0,0.01160541586,0.417794971,0,0.01666666667,0.03493478571,0.05024187647,0.5143025714,0.1130515714,0.0413692944,0.5143025714,0.04348982,0.4781724286,0.004793863854,0.2
https://cafegate.co.kr/main,0,user_normal_20260521,2026-05-21T09:11:07+00:00,https://cafegate.co.kr/main,200,,urlopen,3,2,0.1227272727,0.175,0.03125,0.2,0,0,0.7280626266,1,0.1,0.1666666667,0,0,1,0,0,0,0,0.01666666667,0.007692307692,0,0,1,0,0,0,0,0,0,0,0,1,0,0,0,0.250425,0.31605,0,0,0.31605,0.31605,0.31605,0,0,0.03333333333
https://bobedu.kr/,0,user_normal_20260521,2026-05-21T09:11:06+00:00,https://bobedu.kr/,200,,urlopen,1,0,0.08181818182,0.1125,0.00625,0.1,0,0,0.669734975,1,0,0.08333333333,0,0,0,0,0,0,0,0.005555555556,0,0,0,0,0,0,0,0,0,0,0,0,0,0,0,0,0,0,0,0,0,0,0,0,0,0
https://autogrill.co.kr/,0,user_normal_20260521,2026-05-21T09:11:06+00:00,https://autogrill.co.kr/,200,,urlopen,22,150,0.1090909091,0.1875,0.00625,0.2,0,0,0.7009797349,1,0,0.125,0,0,1,0,0,0,0,0.1222222222,0.5769230769,0.8235294118,0.1764705882,0.9743589744,0.125,0,0,0.5,0.5125,0,0,0.01369863014,0.4657534247,0.06849315068,0,0,0.1490921053,0.2029271235,0.05772845395,0.1304944079,0.2800893514,0.2986909539,0.1891739396,0.2409625,0,0.2666666667
https://1983smokehouse.wywh.co.kr/,0,user_normal_20260521,2026-05-21T09:11:07+00:00,https://1983smokehouse.wywh.co.kr/,200,,urlopen,11,112,0.1545454545,0.3125,0.00625,0.3,0,0.1176470588,0.7550764657,1,0,0.1666666667,0,0,1,0,0,0,0,0.06111111111,0.4307692308,0.5454545455,0.4545454545,0.04347826087,0,0,0,0,0,0,0,0,0.07142857143,0.3392857143,0,0.2978723404,0.08166495536,0.1142042865,0,0,0.05690676436,0.2873926339,0.103065625,0.2409625,0,0.1333333333
https://www.saongwonmall.com/goods/goods_list.php?cateCd=045018,0,user_normal_20260521,2026-05-21T09:11:07+00:00,https://www.saongwonmall.com/goods/goods_list.php?cateCd=045018,200,,urlopen,39,552,0.2863636364,0.25,0.13125,0.3,0,0.09523809524,0.8160986587,1,0.2,0.375,0,0,1,0,0,0,0,0.2166666667,1,0.9948186528,0.00518134715,0.6756756757,0.375,0,0,0,0.0375,0,0,0.007490636704,0.1161048689,0.1535580524,0,0.09813084112,0.05132792553,0.0601427163,0.0409712766,0.04101755319,0.1372526955,0.2819337766,0.06693140184,0.2409625,0,0.3666666667
https://www.haetpoom.com/,0,user_normal_20260521,2026-05-21T09:11:07+00:00,https://www.haetpoom.com/,200,,urlopen,5,8,0.1136363636,0.2,0.00625,0.2,0,0,0.6478316708,1,0,0.125,0,0,1,0,0,0,0,0.02777777778,0.03076923077,0,0,1,0,0,0,0,0,0,0,0,1,0,0,0,0.250425,0.31605,0,0,0.31605,0.31605,0.31605,0,0,0.06666666667
https://www.human.or.kr/,0,user_normal_20260521,2026-05-21T09:11:06+00:00,https://www.human.or.kr/,200,,urlopen,26,408,0.1090909091,0.1875,0.00625,0.3,0,0,0.6801093751,1,0,0.1666666667,0,0,1,0,0,0,0,0.1444444444,1,0.9136690647,0.08633093525,0.07692307692,0,0,0,0,0,0,0,0,0.05392156863,0.2647058824,0,0,0.045159375,0.06195825743,0,0,0.05725565328,0.2811733456,0.05713443627,0.2409625,0,0.3666666667
https://v.yy.com/ko/g?adfrom=naver&n_media=27758&n_query=AI&n_rank=9&n_ad_group=grp-a001-01-000000049791363&n_ad=nad-a001-01-000000377362000&n_keyword_id=nkw-a001-01-000007378734959&n_keyword=AI&n_campaign_type=1&n_ad_group_type=1&n_match=1&NaPm=ct%3Dmpc58qfp%7Cci%3DERb867813d-533c-11f1-8f23-42f80ca104f8%7Ctr%3Dsa%7Chk%3D6a057bc23d4f5e8abd06a7f7d7f57a90c4386243%7Cnacn%3DuO95B8gSnVPr&nclid=ERb867813d-533c-11f1-8f23-42f80ca104f8,0,user_normal_20260521,2026-05-21T09:11:07+00:00,https://v.yy.com/ko/g?adfrom=naver&n_media=27758&n_query=AI&n_rank=9&n_ad_group=grp-a001-01-000000049791363&n_ad=nad-a001-01-000000377362000&n_keyword_id=nkw-a001-01-000007378734959&n_keyword=AI&n_campaign_type=1&n_ad_group_type=1&n_match=1&NaPm=ct%3Dmpc58qfp%7Cci%3DERb867813d-533c-11f1-8f23-42f80ca104f8%7Ctr%3Dsa%7Chk%3D6a057bc23d4f5e8abd06a7f7d7f57a90c4386243%7Cnacn%3DuO95B8gSnVPr&nclid=ERb867813d-533c-11f1-8f23-42f80ca104f8,200,,urlopen,5,8,1,0.1,0.03125,0.2,1,0.3581395349,0.9487982345,1,0.2,1,0,0.01818181818,1,0,0,0,0,0.02777777778,0.03076923077,0,0,1,0,0,0,0,0,0,0,0,1,0,0,0,0.250425,0.31605,0,0,0.31605,0.31605,0.31605,0,0,0.06666666667
https://goldenplanet.co.kr/,0,user_normal_20260521,2026-05-21T09:11:07+00:00,https://goldenplanet.co.kr/,200,,urlopen,24,328,0.1227272727,0.225,0.00625,0.2,0,0,0.7196780307,1,0,0.125,0,0,1,0,0,0,0,0.1333333333,1,0.9236111111,0.07638888889,0.35,0,0,0,0,0,0,0,0.006097560976,0.0487804878,0.06707317073,0,0.03355704698,0.05129519817,0.07264762874,0,0,0.1280873704,0.4320051829,0.06486143293,0.39075,0.006097560976,0.3333333333
https://www.1600-7783.com/,0,user_normal_20260521,2026-05-21T09:11:06+00:00,https://www.1600-7783.com/,200,,urlopen,17,130,0.1181818182,0.2125,0.00625,0.2,0.08333333333,0.3076923077,0.7321794242,1,0,0.1666666667,0,0,1,0,0,0,0,0.09444444444,0.5,0.6666666667,0.3333333333,0.06,0,0,0,0,0,0,0,0,0.1846153846,0.5846153846,0,0.347826087,0.05375423077,0.08209219729,0,0,0.05614832692,0.2826530769,0.06784076923,0.2409625,0,0.2333333333
https://www.1472s.co.kr/,0,user_normal_20260521,2026-05-21T09:11:06+00:00,https://www.1472s.co.kr/,200,,urlopen,81,567,0.1090909091,0.1875,0.00625,0.3,0,0.1666666667,0.6952608902,1,0,0.1666666667,0,0,1,0,0,0,0,0.45,1,0.880733945,0.119266055,0.07236842105,0.125,0,0,0,0.0125,0,0,0.003831417625,0.04980842912,0.5287356322,0,0.03539823009,0.04690954918,0.06058048282,0.04069569672,0.04046639344,0.05885622304,0.4198019467,0.05804131954,0.3793355533,0.005291005291,0.5333333333
https://16008207.com/,0,user_normal_20260521,2026-05-21T09:11:06+00:00,https://16008207.com/,200,,urlopen,15,112,0.09545454545,0.15,0.00625,0.1,0,0.380952381,0.6989514361,1,0,0.08333333333,0,0,1,0,0,0,0,0.08333333333,0.4307692308,0.6875,0.3125,0.125,0,0,0,0,0,0,0,0,0.3214285714,0.3928571429,0,0.3333333333,0.06548102679,0.09604851321,0,0,0.07380223214,0.2846444196,0.082640625,0.2409625,0,0.2
https://gaemi19.com/mokpo/,0,user_normal_20260521,2026-05-21T09:11:06+00:00,https://gaemi19.com/mokpo/,200,,urlopen,19,122,0.1181818182,0.1375,0.04375,0.1,0,0.07692307692,0.7042073963,1,0.1,0.125,0,0,1,0,0,0,0,0.1055555556,0.4692307692,0.625,0.375,0.1555555556,0,0,0,0,0,0,0,0,0.1475409836,0.5901639344,0,0.5428571429,0.05630163934,0.07209394655,0,0,0.05529287796,0.2374981557,0.0710557377,0.195375,0,0.2666666667
https://port.co.kr,0,user_normal_20260521,2026-05-21T09:11:06+00:00,https://port.co.kr,200,,urlopen,27,238,0.08181818182,0.125,0,0.2,0,0,0.6091289144,1,0,0.125,0,0,1,0,0,0,0,0.15,0.9153846154,0.7974683544,0.2025316456,0,0,0,0,0,0,0,0,0,0.05084745763,0.2796610169,0,0.3070175439,0.053825625,0.06948223874,0,0.04252625,0.041725625,0.237100625,0.06778896875,0.195375,0,0.3666666667
http://serviciosdesaludsantandervida.com,1,phishing_db,2026-05-21T09:11:16+00:00,http://serviciosdesaludsantandervida.com,200,,urlopen,3,2,0.1818181818,0.4125,0,0.1,0,0,0.7391475513,0,0,0.08333333333,0,0,1,0,0,0,0,0.01666666667,0.007692307692,0,0,1,0,0,0,0,0,0,0,0,1,0,0,0,0.250425,0.31605,0,0,0.31605,0.31605,0.31605,0,0,0.03333333333
http://akmemeats.com,1,phishtank,2026-05-21T09:11:16+00:00,http://akmemeats.com,200,,urlopen,1,0,0.09090909091,0.1625,0,0.1,0,0,0.6448071536,0,0,0.08333333333,0,0,0,0,0,0,0,0.005555555556,0,0,0,0,0,0,0,0,0,0,0,0,0,0,0,0,0,0,0,0,0,0,0,0,0,0
http://submite-applyi-k.vercel.app,1,phishing_db,2026-05-21T09:11:16+00:00,http://submite-applyi-k.vercel.app,200,,urlopen,3,2,0.1545454545,0.3375,0,0.2,0.1666666667,0,0.7478840702,0,0,0.1666666667,0,0,1,0,0,0,0,0.01666666667,0.007692307692,0,0,1,0,0,0,0,0,0,0,0,1,0,0,0,0.250425,0.31605,0,0,0.31605,0.31605,0.31605,0,0,0.03333333333
https://q-r.to/bfKfKv,1,phishtank,2026-05-21T09:11:16+00:00,https://q-r.to/bfKfKv,200,,urlopen,7,14,0.09545454545,0.075,0.04375,0.1,0.08333333333,0,0.6816354188,1,0.1,0.08333333333,0,0,1,0,0,0,0,0.03888888889,0.05384615385,0.3333333333,0.6666666667,1,0,0,0,0,0,0,0,0.1428571429,0,0,0,0,0.1831339286,0.2705283613,0,0,0.4544107143,0.4544107143,0.231125,0.39075,0.1428571429,0.1
https://wildcard.facture-rapide.fr/s/63BZGFSVBWSFCDX7Y9/584dd8/90eab167-7429-489f-99f6-ce86e8d0d81a,1,phishtank,2026-05-21T09:11:17+00:00,https://wildcard.facture-rapide.fr/s/63BZGFSVBWSFCDX7Y9/584dd8/90eab167-7429-489f-99f6-ce86e8d0d81a,200,,urlopen,14,16,0.45,0.325,0.40625,0.2,0.4166666667,0.2929292929,0.9077631304,1,0.4,0.4583333333,0,0,1,0,0,0,0,0.07777777778,0.06153846154,0,0,1,0.125,0,0.125,0.125,0.1375,0,0,0,0.6666666667,0.3333333333,0,1,0.109228125,0.1046945871,0.05264375,0.089696875,0.26130625,0.28550625,0.1295114583,0.2328625,0.0625,0.06666666667
https://cdn.trytraffics.com/rdr/ywe9mzc0otu2nzcyjnnlat0yotyznju1nyz0az04vtdscnpntzl4dzbitgz4evrhrcz0ptumyz05mgfzodc2zmq4owfznwznogewoxm=,1,phishing_db,2026-05-21T09:11:17+00:00,https://cdn.trytraffics.com/rdr/ywe9mzc0otu2nzcyjnnlat0yotyznju1nyz0az04vtdscnpntzl4dzbitgz4evrhrcz0ptumyz05mgfzodc2zmq4owfznwznogewoxm=,200,,urlopen,1,0,0.6181818182,0.2375,0.68125,0.2,0,0.1102941176,0.8600904938,1,0.2,0.1666666667,0,0,0,0,0,0,0,0.005555555556,0,0,0,0,0,0,0,0,0,0,0,0,0,0,0,0,0,0,0,0,0,0,0,0,0,0
https://docs.google.com/presentation/d/e/2PACX-1vQFN7EazbN1GeY_0iLpwad80fUY75x-9xipvJDh8hc1l0L0Hkug3VZOIxhQWfmk6sdYSjuhOS-WCi-5/pub?start=false&amp;loop=false&amp;delayms=3000,1,phishtank,2026-05-21T09:11:17+00:00,https://docs.google.com/presentation/d/e/2PACX-1vQFN7EazbN1GeY_0iLpwad80fUY75x-9xipvJDh8hc1l0L0Hkug3VZOIxhQWfmk6sdYSjuhOS-WCi-5/pub?start=false&amp;loop=false&amp;delayms=3000,200,,urlopen,6,5,0.7954545455,0.1875,0.675,0.2,0.3333333333,0.12,1,1,0.5,0.7083333333,0,0.05882352941,1,0,0,0,0,0.03333333333,0.01923076923,0,0,0.5,0,0,0,0,0,0,0,0,1,0,0,0,0.1016625,0.1135769737,0,0,0.17059375,0.291075,0.1304708333,0.2409625,0,0.06666666667
https://meta-support-iinfo.start.page,1,phishing_db,2026-05-21T09:11:17+00:00,https://meta-support-iinfo.start.page,200,,urlopen,12,18,0.1681818182,0.3625,0,0.2,0.1666666667,0,0.7161190394,1,0,0.2083333333,0.2,0,1,0,0,0,0,0.06666666667,0.06923076923,0,1,1,0,0,0,0,0,0,0,0,0.1111111111,0.1111111111,0,0.2222222222,0.203975,0.2660436818,0,0,0.25761,0.3078375,0.2596888889,0.100455,0,0.1666666667
https://ipfwstudenthousing.com/P2dvZHM9MU0yYjVKNTg0czlsOEQ=,1,phishing_db,2026-05-21T09:11:17+00:00,https://ipfwstudenthousing.com/P2dvZHM9MU0yYjVKNTg0czlsOEQ=,200,,urlopen,1,0,0.2681818182,0.275,0.18125,0.1,0,0.06779661017,0.9378152617,1,0.1,0.125,0,0,0,0,0,0,0,0.005555555556,0,0,0,0,0,0,0,0,0,0,0,0,0,0,0,0,0,0,0,0,0,0,0,0,0,0
https://wahdaszb.blogspot.com/,1,phishtank,2026-05-21T09:11:17+00:00,https://wahdaszb.blogspot.com/,200,,urlopen,3,2,0.1363636364,0.2625,0.00625,0.2,0,0,0.7162858658,1,0,0.125,0,0,1,0,0,0,0,0.01666666667,0.007692307692,0,0,1,0,0,0,0,0,0,0,0,1,0,0,0,0.250425,0.31605,0,0,0.31605,0.31605,0.31605,0,0,0.03333333333
https://qrco.de/bfERYa,1,phishtank,2026-05-21T09:11:17+00:00,https://qrco.de/bfERYa,200,,urlopen,7,14,0.1,0.0875,0.04375,0.1,0,0,0.7549802323,1,0.1,0.125,0,0,1,0,0,0,0,0.03888888889,0.05384615385,0.3333333333,0.6666666667,1,0,0,0,0,0,0,0,0.1428571429,0,0,0,0,0.1831339286,0.2705283613,0,0,0.4544107143,0.4544107143,0.231125,0.39075,0.1428571429,0.1
https://lightarchitects-newyork.com/mtcnmanufacturedonline/verif.php,1,phishing_db,2026-05-21T09:11:18+00:00,https://lightarchitects-newyork.com/mtcnmanufacturedonline/verif.php,200,,urlopen,1,0,0.3090909091,0.3375,0.20625,0.2,0.08333333333,0,0.7979880142,1,0.2,0.25,0,0,0,0,0,0,0,0.005555555556,0,0,0,0,0,0,0,0,0,0,0,0,0,0,0,0,0,0,0,0,0,0,0,0,0,0
https://l.ead.me/bfLyiG,1,phishtank,2026-05-21T09:11:17+00:00,https://l.ead.me/bfLyiG,200,,urlopen,7,14,0.1045454545,0.1,0.04375,0.2,0,0,0.7374469367,1,0.1,0.125,0,0,1,0,0,0,0,0.03888888889,0.05384615385,0.3333333333,0.6666666667,1,0,0,0,0,0,0,0,0.1428571429,0,0,0,0,0.1831339286,0.2705283613,0,0,0.4544107143,0.4544107143,0.231125,0.39075,0.1428571429,0.1
https://babycomepack.com/host/securespace,1,phishing_db,2026-05-21T09:11:17+00:00,https://babycomepack.com/host/securespace,200,,urlopen,1,0,0.1863636364,0.2,0.10625,0.1,0,0,0.7052347748,1,0.2,0.1666666667,0,0,0,0,0,0,0,0.005555555556,0,0,0,0,0,0,0,0,0,0,0,0,0,0,0,0,0,0,0,0,0,0,0,0,0,0
http://179.43.182.70/mips,1,urlhaus,2026-05-21T09:11:18+00:00,http://179.43.182.70/mips,200,,urlopen,1,0,0.1136363636,0.1625,0.03125,0.3,0,0.4,0.7169936708,0,0.1,0.2083333333,0,0,0,0,0,0,0,0.005555555556,0,0,0,0,0,0,0,0,0,0,0,0,0,0,0,0,0,0,0,0,0,0,0,0,0,0
http://secure---blockfi--sso--cdn.webflow.io,1,phishing_db,2026-05-21T09:11:17+00:00,http://secure---blockfi--sso--cdn.webflow.io,200,,public_dns,3,2,0.2,0.4625,0,0.2,0.5833333333,0,0.7533010093,0,0,0.25,0.1666666667,0,1,0,0,0,0,0.01666666667,0.007692307692,0,0,1,0,0,0,0,0,0,0,0,1,0,0,0,0.250425,0.31605,0,0,0.31605,0.31605,0.31605,0,0,0.03333333333
http://gio4justice.com/yahoo,1,phishing_db,2026-05-21T09:11:17+00:00,http://gio4justice.com/yahoo,200,,urlopen,1,0,0.1272727273,0.1875,0.0375,0.1,0,0.03571428571,0.7214036546,0,0.1,0.125,0,0,0,0,0,0,0,0.005555555556,0,0,0,0,0,0,0,0,0,0,0,0,0,0,0,0,0,0,0,0,0,0,0,0,0,0
https://jrmbf.blogspot.li,1,phishing_db,2026-05-21T09:11:18+00:00,https://jrmbf.blogspot.com/,200,,urlopen,14,22,0.1136363636,0.2125,0,0.2,0,0,0.7079383072,1,0,0.125,0,0,1,0,0,1,0.2,0.07777777778,0.08461538462,0,1,1,0.125,0,0,0,0.0125,0,0,0,0.3333333333,0,0,0.1428571429,0.1789875,0.1790985417,0.062684375,0.08444375,0.301678125,0.303646875,0.2314578125,0.2409625,0,0.1666666667
https://share.hsforms.com/12ALrAN77SGGNcS9XVwMTywtbe8v,1,phishtank,2026-05-21T09:11:17+00:00,https://share.hsforms.com/12ALrAN77SGGNcS9XVwMTywtbe8v,200,,urlopen,1,0,0.2454545455,0.2125,0.18125,0.2,0,0.1111111111,0.8812941923,1,0.1,0.1666666667,0,0,0,0,0,0,0,0.005555555556,0,0,0,0,0,0,0,0,0,0,0,0,0,0,0,1,0,0,0,0,0,0,0,0,0,0
https://forms.office.com/pages/responsepage.aspx?id=DQSIkWdsW0yxEjajBLZtrQAAAAAAAAAAAAMAAAfYyNNUMkdMOEozVksyNk45VElCSTVaMzFGRVI2RS4u&route=shorturl,1,phishtank,2026-05-21T09:11:17+00:00,https://forms.office.com/pages/responsepage.aspx?id=DQSIkWdsW0yxEjajBLZtrQAAAAAAAAAAAAMAAAfYyNNUMkdMOEozVksyNk45VElCSTVaMzFGRVI2RS4u&route=shorturl,200,,urlopen,3,6,0.6681818182,0.2,0.15,0.3,0,0.03401360544,0.9677612645,1,0.2,0.375,0,0,1,0,0,0,0,0.01666666667,0.02307692308,0,0,0,0,0,0,0,0,0,0,0,1,0,0,0,0.0298125,0.037625,0,0,0.037625,0.037625,0.037625,0,0,0.03333333333
